1048609,32769,22.983363757712368,1.260026225010644,-0.5770047597573658,5,0,3
1049537,32798,22.127280582993905,1.2130412304022513,-1.2907471229139886,6,0,2
1050817,32838,21.843788829502884,1.1974297309045454,-1.5281664979556506,6,0,2
1052321,32885,23.240136482691355,1.2738869221458153,-0.3670507748048667,5,0,5
1053697,32928,22.78880925671583,1.2490693683824927,-0.7443086318155426,10,0,2
1055233,32976,24.665218550452124,1.3518219264838152,0.8167707375383995,9,0,2
1056353,33011,21.440881110937212,1.1750463734389456,-1.8696920363695229,5,0,11
1057633,33051,22.793502839086234,1.2491027862179132,-0.7445010384794275,5,0,3
1059713,33116,22.864606089167374,1.2528810301851099,-0.6874359109524546,7,0,2
1060673,33146,23.581467059956733,1.2921056888946025,-0.09128645650788567,6,0,2
1061729,33179,22.368203689000165,1.225568439067038,-1.1030420460027017,5,0,33179
1063457,33233,22.02423083007425,1.2066276955508697,-1.391419362945029,5,0,167
1064321,33260,21.81580061082878,1.195161947767905,-1.565984936415122,7,0,2
1065569,33299,22.584746352715918,1.2372184289961887,-0.9266548774931478,5,0,7
1066753,33336,22.516382053382102,1.233407587166452,-0.9848474411220045,8,0,2
1067489,33359,22.546084288218307,1.2349937292364563,-0.9608645276316635,5,0,33359
1069697,33428,23.664903175096732,1.2961500533369215,-0.030829080800391425,7,0,2
1070753,33461,22.18674927636554,1.2151325614563122,-1.2637049910708458,5,0,33461
1072801,33525,22.19879609649116,1.215680864279738,-1.2558113416988836,5,0,3
1073153,33536,23.416350372190596,1.2823380524181558,-0.2414264292310378,13,0,2
1073857,33558,24.214191078057762,1.3259880855005137,0.4228356950081521,6,0,2
1075169,33599,22.244498217870106,1.2180548035471783,-1.2201942697717723,5,0,33599
1076353,33636,24.224229343847988,1.3263900480682793,0.42877130009092157,7,0,2
1078241,33695,22.269107840220514,1.2192354918970212,-1.2028786765363184,5,0,5
1079297,33728,22.798912143003186,1.248183721768886,-0.7623042902826033,11,0,2
1080353,33761,22.672301931431925,1.241193918840759,-0.8689338834457188,5,0,7
1082017,33813,21.927854254395058,1.2003505881809922,-1.4913140798454443,5,0,3
1083073,33846,23.32086381671026,1.2765454905087508,-0.33095533992237336,6,0,2
1085153,33911,22.002878612707768,1.2042903964030554,-1.4320351536167388,5,0,33911
1086817,33963,22.454880100987424,1.228939680158594,-1.0568392009337086,5,0,3
1088161,34005,22.095223903586287,1.20918433466052,-1.3581533010622562,5,0,3
1089793,34056,23.17003084884647,1.2679132228282493,-0.46344060809226467,8,0,2
1091393,34106,24.208164477714988,1.3246289895200472,0.400837694069156,6,0,2
1092353,34136,22.158407291684533,1.2124187476371528,-1.309786967185395,8,0,2
1093537,34173,21.80109504011199,1.1928061655504736,-1.6090546002679684,5,0,3
1093633,34176,23.0961281479917,1.263656168311546,-0.5289103428555519,12,0,2
1094881,34215,22.736600079946157,1.2439173971379025,-0.8300671666854785,5,0,3
1096609,34269,24.515759125780324,1.341153746773155,0.6524484785889004,5,0,3
1097729,34304,22.851302431339924,1.250037243273985,-0.73723987867617,14,0,2
1098017,34313,22.25470870902393,1.2173864229216362,-1.235262788160883,5,0,34313
1099841,34370,21.486076650268316,1.175246999238556,-1.8784375399380466,6,0,2
1101377,34418,22.993290317290622,1.2576046690883438,-0.6224117344480062,6,0,2
1102721,34460,21.454942297602873,1.173397125459457,-1.9074268376790633,7,0,2
1104193,34506,23.044730321256274,1.26026412813209,-0.5822791284688845,6,0,2
1105217,34538,22.627204430611044,1.2373756984823991,-0.9317332249660069,6,0,2
1106689,34584,21.846380757331886,1.1946000386422722,-1.5848744980357297,8,0,2
1108609,34644,23.50068897933268,1.2849540813324296,-0.20607220720256392,7,0,2
1109761,34680,21.00173590028441,1.148261044734443,-2.29304588929279,8,0,2
1110913,34716,22.297455999135444,1.2190435022996842,-1.2126810935788812,7,0,2
1111841,34745,21.85575902886528,1.1948473920544664,-1.5823288055932985,5,0,5
1113089,34784,22.882193424169742,1.2508951295164281,-0.7267327680381026,10,0,2
1114657,34833,21.874295969087356,1.1957161716454672,-1.569729821293148,5,0,3
1116001,34875,21.98978481070221,1.2019599023309278,-1.4746776213751114,5,0,3
1117153,34911,22.19850058386154,1.2133084512943553,-1.3015806182048542,5,0,3
1118497,34953,22.61795512624286,1.2361636325945784,-0.95269423882663,5,0,3
1120481,35015,24.083214214972077,1.3161345539236449,0.2689078577065806,5,0,5
1121249,35039,24.19725080454233,1.322323297258266,0.36341493921192636,5,0,37
1123553,35111,24.84751462252157,1.3577255331450306,0.9043302501993569,5,0,35111
1124993,35156,23.448839067738724,1.2812202801009736,-0.26516053861999755,7,0,2
1125857,35183,22.929499235060383,1.2527981490869007,-0.6997569268960112,5,0,151
1127969,35249,21.971855532803954,1.200367961392698,-1.501734778112225,5,0,101
1129153,35286,23.024247194090627,1.257799282082425,-0.6238187272667648,6,0,2
1129889,35309,24.33002517687291,1.329091710516085,0.4662691520794446,5,0,17
1130497,35328,23.28369136988986,1.2719003007127172,-0.40838456190670436,14,0,2
1131553,35361,22.295674935269837,1.217874398435949,-1.234805532217138,5,0,3
1133633,35426,22.71937140511905,1.2409095165953177,-0.8828716645213203,6,0,2
1135201,35475,22.265747478003256,1.2160528011980458,-1.2634209709419095,5,0,3
1136609,35519,23.44283150744556,1.2802639862134966,-0.2812572026888821,5,0,11
1138273,35571,22.96735681597861,1.2542097252825775,-0.6801615934960229,5,0,3
1139393,35606,24.618892261401257,1.3443342897837771,0.6989115916635767,6,0,2
1140449,35639,24.475140724285044,1.3364255583303672,0.5778179125898084,5,0,157
1143073,35721,22.843272758083994,1.24718331469224,-0.788485726147715,5,0,3
1145057,35783,25.09389391272005,1.3699480766297851,1.0908157085394272,5,0,11
1146881,35840,22.24584913360596,1.2143729262524416,-1.2915490397025455,15,0,2
1147073,35846,21.971304257262005,1.1993762942170803,-1.5212371955609056,6,0,2
1149409,35919,20.931167669366374,1.1424861866238765,-2.393104006707657,5,0,3
1150657,35958,21.858633941771934,1.1930483754216825,-1.6189729762086056,6,0,2
1153153,36036,23.064443991943367,1.2587317203842632,-0.6132301811612064,7,0,2
1154369,36074,21.32044206314151,1.1634951599083851,-2.072657687725154,6,0,2
1155233,36101,21.866237796347264,1.1932376836121532,-1.6171335754719272,5,0,13
1156769,36149,22.37415611798613,1.2208774298554226,-1.1939027552286487,5,0,37
1158881,36215,22.862589479133256,1.2474210893580084,-0.7874622697579748,5,0,5
1159649,36239,22.6511924349629,1.2358479162747542,-0.9649908960020097,5,0,7
1161313,36291,22.347061734027918,1.2191713011992982,-1.2209532528403781,5,0,3
1163233,36351,22.573971933225288,1.2314537917966286,-1.0330050567396227,5,0,3
1164001,36375,21.954140896840492,1.1976031754874534,-1.5522131160049808,5,0,3
1165889,36434,23.375209908992495,1.2750244190912212,-0.3652766398635694,6,0,2
1166401,36450,22.787148970931046,1.2429220638232397,-0.8576961513905074,6,1,2
1167841,36495,24.58634769720139,1.3409803672234835,0.6461497134838396,5,0,3
1169473,36546,23.348067135452368,1.2733578480440484,-0.39130802825280064,6,0,2
1170721,36585,21.900482093405213,1.1943487731013847,-1.6036455169673585,5,0,3
1172417,36638,22.55500336662472,1.2299585451127488,-1.057624763384254,6,0,2
1174049,36689,21.63732639996701,1.1798381447053836,-1.8270829359041538,5,0,19
1175617,36738,24.465853612691735,1.3339871200142885,0.5384302886427141,6,0,2
1177153,36786,23.290339612727273,1.269814007547248,-0.4467130918505252,6,0,2
1178369,36824,24.080328773473525,1.3128205897509069,0.21333478763741365,8,0,2
1179649,36864,23.1366664664352,1.2613085273779134,-0.5776339273148219,17,0,2
1180577,36893,22.118584618278014,1.2057621308494983,-1.4306313362210514,5,0,79
1181633,36926,22.21658278525804,1.2110528745896147,-1.3496133316371435,6,0,2
1183393,36981,24.072880094275348,1.3121490457830418,0.2026043154688004,5,0,3
1185313,37041,22.258363690777692,1.2131510677497475,-1.318138353614763,5,0,3
1186049,37064,23.113519571471898,1.2597225964363299,-0.602919819404,8,0,2
1187873,37121,21.718576417877344,1.1836095943958156,-1.7724934031442294,5,0,7
1189313,37166,22.631199627072785,1.2332743409980935,-1.0097599678219877,6,0,2
1191809,37244,22.524296466688604,1.2273264621811182,-1.1016053922250555,7,0,2
1191937,37248,23.389916328965082,1.2744867235500326,-0.3768882674395657,12,0,2
1193473,37296,24.09703613005204,1.3129364604082416,0.2138662631137786,9,0,2
1195169,37349,23.484670787438745,1.279485195677394,-0.30046709297967583,5,0,13
1196033,37376,22.37436825224166,1.2189521729008095,-1.231113950380646,14,0,2
1196513,37391,22.875579283275812,1.2462343270687426,-0.8117971234907665,5,0,139
1197697,37428,22.85309093402359,1.2449507180933093,-0.8317221158197597,7,0,2
1199329,37479,24.28134148045878,1.322670936919634,0.3630675546245117,5,0,3
1200449,37514,22.21303125522642,1.2099508159673462,-1.3703850423088995,6,0,2
1201217,37538,23.637363795612195,1.2874955692491927,-0.1780122931895455,6,1,2
1201633,37551,23.385079923004213,1.2737330687937087,-0.3897132113728918,5,0,3
1202689,37584,24.821361580095928,1.3519077537191353,0.8125034963208814,9,0,2
1203361,37605,25.250682899890336,1.375254490539699,1.1715782408634403,5,0,3
1205377,37668,24.724908218566945,1.3465117008406917,0.7293977642345852,7,0,2
1206433,37701,21.607764077135837,1.1767039915465431,-1.8830896947409843,5,0,3
1207681,37740,23.702617144872775,1.2907210525600077,-0.12910351091562394,7,0,2
1209889,37809,22.494852742506314,1.2248463486167152,-1.1430700938782876,5,0,3
1211393,37856,22.6986054931808,1.2358678708125415,-0.9737197290560832,10,0,2
1213153,37911,22.47441587324157,1.2235771944582263,-1.1632054728438441,5,0,3
1214593,37956,23.45114507939306,1.276681551032233,-0.3459698850398643,7,0,2
1215553,37986,22.332792137501162,1.2157528116879026,-1.284108327976725,6,0,2
1217089,38034,24.78262412148082,1.3490360199994285,0.7677766375873939,6,0,2
1218433,38076,22.64774390435376,1.2327598403853164,-1.022779262974512,7,0,2
1220353,38136,22.590072032321544,1.2295288791708632,-1.0728720951105224,8,0,2
1221601,38175,24.845570536521677,1.3522252861260482,0.8167251554034792,5,0,3
1222913,38216,22.767831328037907,1.239080867644057,-0.926186871015986,8,0,2
1224577,38268,23.576986029239514,1.283034365637105,-0.24932200011702943,7,0,2
1226593,38331,23.01188474194297,1.2521845649374974,-0.7248915860359942,5,0,3
1228193,38381,22.17953041776862,1.2068177351933729,-1.4242345458989394,5,0,7
1230401,38450,22.42359510164239,1.2199938232042207,-1.2216032950575824,6,0,2
1231073,38471,22.2140749201984,1.2085632683789527,-1.397911428090219,5,0,17
1232801,38525,22.951305136435217,1.2485895549730388,-0.7812387850309336,5,0,5
1233761,38555,22.565702292171892,1.227566865353565,-1.1054802846826433,5,0,5
1235137,38598,24.370844349931343,1.3256960396428732,0.4072295339728434,6,0,2
1237121,38660,23.80489561625361,1.2948118510335411,-0.06914091178179117,7,0,2
1239457,38733,22.66468212708149,1.2326825203620262,-1.027590110351385,5,0,3
1241761,38805,23.427812243552253,1.2740755176720422,-0.389473492879625,5,0,3
1243969,38874,22.96069722397184,1.2485674274554257,-0.7832858651109307,6,0,2
1245953,38936,23.168751822443546,1.2597861349871058,-0.6104791568465766,8,0,2
1246561,38955,23.099313959277225,1.25598150975175,-0.6692729109911231,5,0,3
1248193,39006,24.596274338125347,1.3372931385465938,0.5853640594424444,6,0,2
1249121,39035,24.4650849373352,1.3301136502254463,0.47450916579426217,5,0,5
1250593,39081,22.74667983461751,1.2366188115402357,-0.9687244067757435,5,0,3
1252609,39144,22.339503647635112,1.2143902617511388,-1.312217509921757,8,0,2
1253377,39168,24.91588389643764,1.3544047535341597,0.8492815691491699,13,0,2
1253953,39186,23.332752086139855,1.2683195998618204,-0.4798372085211841,6,0,2
1254529,39204,22.71353759396915,1.2346335899577274,-1.0000239678456988,7,0,2
1256161,39255,22.34689389690259,1.2146293908525623,-1.3091976362766333,5,0,3
1257281,39290,23.135999636544508,1.2574669899568656,-0.6478628439823224,6,0,2
1258337,39323,22.651204941662712,1.231069016403574,-1.055709594925311,5,0,39323
1260481,39390,22.737085933090675,1.2356371465578666,-0.9855112759680767,6,0,2
1261217,39413,23.253997820872193,1.263693644139672,-0.5522284673882248,5,0,11
1262881,39465,22.957706498762377,1.2475145466396813,-0.8024072510509785,5,0,3
1265281,39540,22.123517853513082,1.2020771771137424,-1.5048719138296969,7,0,2
1266241,39570,22.755464522746507,1.2363695872701628,-0.9751389811833557,6,0,2
1267681,39615,23.68593660219925,1.286855719719506,-0.19512186554047517,5,0,3
1270433,39701,23.28748057190888,1.2650780669737507,-0.5320503715911213,5,0,29
1271393,39731,23.2454353022749,1.2627489460413772,-0.5681813708449642,5,0,67
1272833,39776,22.90526023114787,1.2442033075368342,-0.8550980067405624,10,0,2
1274017,39813,22.402206534359145,1.2168242489766983,-1.278610051130592,5,0,3
1275361,39855,22.257978947548914,1.2089300460543164,-1.4009275662467378,5,0,3
1276897,39903,22.134245650218087,1.202141243880771,-1.50621188016128,5,0,3
1278337,39948,22.687951135397952,1.2321482070662262,-1.0423930241520518,7,0,2
1279457,39983,23.44466519393485,1.2731915830238505,-0.40772607616765155,5,0,39983
1280833,40026,24.180346864972613,1.3130770899155844,0.20911186369902554,6,0,2
1282657,40083,24.89626882588877,1.3518633823062784,0.8090502400427955,5,0,3
1283873,40121,23.445690735502644,1.2730403187866626,-0.4105987639605457,5,0,53
1285633,40176,22.579276784659527,1.2259170669308666,-1.1400274272943451,9,0,2
1286561,40205,22.547453649175555,1.2241476043581145,-1.1675708085462728,5,0,5
1287457,40233,24.6058287533807,1.3358571593763298,0.5611658536936476,5,0,3
1288993,40281,23.353576889517754,1.2678007781812475,-0.4923139566663488,5,0,3
1290593,40331,24.68415647940147,1.339955867987011,0.6244541837858261,5,0,31
1292737,40398,23.96552253664206,1.30084371056286,0.018801893020863037,6,0,2
1294369,40449,22.710619816174713,1.2326545353952103,-1.037201943161065,5,0,3
1295201,40475,24.662617512943342,1.338561732365626,0.6026517646949763,5,0,5
1296481,40515,22.584047003843892,1.2256904104252762,-1.1453976644601935,5,0,3
1297537,40548,22.677925977470345,1.2307382242414815,-1.0673991098159055,7,0,2
1299457,40608,22.447637158945724,1.2181554996201807,-1.2626202895045533,10,0,2
1300289,40634,23.179464966932972,1.257831325910226,-0.648162457313263,6,0,2
1301857,40683,24.36338246621201,1.3220014271371303,0.3457747281123945,5,0,3
1303297,40728,24.915679344633475,1.35189965529364,0.8089226441630846,8,0,2
1304609,40769,24.28692578900224,1.3177216685734991,0.2792776625306354,5,0,59
1306849,40839,22.88567741465957,1.2415946287804844,-0.9006829790563021,5,0,3
1308737,40898,22.470354377324966,1.2189796378902338,-1.2515000014877244,6,1,2
1309057,40908,23.84332173389552,1.2934459613056752,-0.09731257783490083,7,0,2
1310209,40944,22.873898528459932,1.2408055675720675,-0.9134262038578056,9,0,2
1312673,41021,24.773578098374244,1.3437357350938368,0.6820386541709186,5,0,17
1313857,41058,24.80643235865618,1.3454606731491214,0.7087351268620773,6,0,2
1315073,41096,23.00996633023159,1.2479689292485425,-0.8030885965516829,8,0,2
1316417,41138,23.593393079155874,1.2795501589875466,-0.3135166087053974,6,0,2
1318241,41195,24.52515293189966,1.3299960126653148,0.4687023107031209,5,0,5
1318913,41216,22.105951816181992,1.198774288080995,-1.5666928529026212,13,0,2
1320161,41255,22.507599832671744,1.2205007758139692,-1.2299137835931313,5,0,5
1321633,41301,22.81133324321781,1.2369062244113185,-0.9756592470806809,5,0,3
1323041,41345,23.153909141902638,1.255418944417614,-0.6886490843286187,5,0,5
1323649,41364,24.74450896879921,1.34163323413976,0.6489603848630097,7,0,2
1325633,41426,22.64043346737544,1.2274649841204162,-1.1227908721236362,6,0,2
1327009,41469,22.216390192084326,1.2044164548238114,-1.4807196541694876,5,0,3
1328449,41514,22.760222282216567,1.2338362812387618,-1.0243671972492716,6,0,2
1330177,41568,23.522725737417854,1.2750938146111703,-0.3842057510802357,10,0,2
1331521,41610,24.98914593127895,1.354519583853979,0.8486691829636788,6,0,2
1333121,41660,22.60688582249759,1.2253216290801312,-1.157303827865896,7,0,2
1334273,41696,23.230340406129812,1.2590625333705925,-0.6335938762966313,10,0,2
1335233,41726,23.513183979833844,1.274349310276545,-0.3963429596113508,6,0,2
1336961,41780,22.883730366248763,1.2401592935628172,-0.9275136392054267,7,0,2
1338433,41826,22.949266847055675,1.2436466662108645,-0.8735707052596993,6,0,2
1340033,41876,22.513995699738118,1.2199903483144816,-1.2412661027640053,7,0,2
1341313,41916,23.771118044939392,1.2880536279344195,-0.18414624165433588,7,0,2
1342753,41961,22.315842893816633,1.2091376419737505,-1.4103417917369323,5,0,3
1344641,42020,23.406233108310637,1.2681344787611408,-0.4939842506974734,7,0,2
1346273,42071,22.241014197014632,1.20493503450088,-1.4762919178380332,5,0,42071
1347457,42108,23.878651464223,1.2936026997661467,-0.09851814871779802,7,0,2
1348033,42126,23.54419546474442,1.2754582751522623,-0.38056751457609284,6,0,2
1349473,42171,23.418383032102213,1.2685790510665182,-0.4876545993758335,5,0,3
1352257,42258,22.13925993038381,1.199172639229578,-1.5669891866795067,6,0,2
1353857,42308,23.018224503767875,1.2467125389766534,-0.8281540544506076,7,0,2
1355777,42368,23.110951485057683,1.2516515628116027,-0.751625389869698,12,0,2
1358561,42455,22.19682886269202,1.2020284550351077,-1.5237799373314174,5,0,5
1359361,42480,23.02760392423273,1.2469831076601936,-0.8247253264292232,9,0,2
1360769,42524,23.1659356408966,1.2544130725599116,-0.7093505639724209,7,0,2
1362337,42573,23.34524066377668,1.2640539750827684,-0.5595791204142813,5,0,3
1363937,42623,21.690034481619612,1.1743663399804318,-1.9551644272671567,5,0,7
1365761,42680,22.69834696293127,1.2288825058295,-1.1072752364723855,8,0,2
1367137,42723,23.151660580313642,1.2533655957543097,-0.7264973435625324,5,0,3
1368161,42755,22.743902008369513,1.2312474679979968,-1.0708517601233476,5,0,5
1370113,42816,23.55001950001022,1.2748016428069087,-0.39324896568954887,11,0,2
1372417,42888,24.218484050127845,1.3108834786967878,0.16818387468312201,8,0,2
1373761,42930,22.681111417660816,1.227613175612701,-1.1283065386789974,6,0,2
1376033,43001,24.764667929982192,1.3402816817019596,0.625670779089209,5,0,7
1376257,43008,24.26873302333719,1.3134313077418434,0.20757286379227619,16,0,2
1376897,43028,24.90244075523517,1.3476984019105174,0.7411241324480479,7,0,2
1377793,43056,22.55600021434647,1.2206738720180323,-1.2370121239815381,9,0,2
1379201,43100,21.96023420125548,1.1883756403863839,-1.74026068836983,7,0,2
1381153,43161,21.976500555800477,1.189177091533208,-1.7281658135150024,5,0,3
1381697,43178,24.73161654812824,1.3382353206065496,0.5935496141949094,6,0,2
1382977,43218,23.038797030759337,1.2465822659167385,-0.8342732186709299,6,1,2
1383521,43235,22.70913932799765,1.228722525198643,-1.112576590212332,5,0,5
1385057,43283,22.503866972630163,1.2175525816818382,-1.286846455498818,5,0,43283
1386881,43340,25.21680133150215,1.3642494998688222,0.9986654203486056,7,0,2
1388641,43395,23.389600757388905,1.265321312587761,-0.5430357587158435,5,0,3
1390241,43445,22.64933861732365,1.2252088435628623,-1.1683932843163636,5,0,5
1391521,43485,23.022610852722114,1.2453472301638895,-0.8547083772183353,5,0,3
1393313,43541,22.484917212159015,1.2161888413371413,-1.3094927393610565,5,0,43541
1394401,43575,23.582611345946273,1.2755155199992032,-0.3847992768301278,5,0,3
1395553,43611,23.30517711927991,1.26046118102495,-0.6196326092964628,5,0,3
1397153,43661,21.584894929900372,1.1673570664721769,-2.071543165078373,5,0,43661
1397857,43683,22.869812407215477,1.236818981565484,-0.9885721264658744,5,0,3
1398497,43703,23.395083555059777,1.2651989931145677,-0.5461166781628726,5,0,11
1399553,43736,23.471191954246756,1.2692700816917224,-0.482754312254511,8,0,2
1401217,43788,23.43641270709828,1.2673188378584654,-0.5133773629155437,7,0,2
1401857,43808,23.8779409821256,1.2911667974149623,-0.14149256016256928,10,1,2
1402081,43815,24.00854335296909,1.2982192369668752,-0.031513950316906486,5,0,3
1403617,43863,21.822696024993473,1.1799629947288313,-1.8763104315848749,5,0,3
1404833,43901,24.49416679789551,1.3243569761577854,0.37600356096499044,5,0,11
1406689,43959,22.189742710204055,1.1996866914679742,-1.5692085461025191,5,0,3
1408417,44013,22.049635908710727,1.1920433883205497,-1.6887902263179972,5,0,3
1409633,44051,23.633399736573132,1.2776129797846028,-0.35371478879999446,5,0,7
1411873,44121,24.901078252858348,1.3460432861590792,0.714053672944724,5,0,3
1413889,44184,22.473201356386312,1.2147218585299082,-1.3358429799635063,8,0,2
1415681,44240,22.477610822168526,1.214888268249086,-1.3335460685636662,9,0,2
1417057,44283,23.68014672862111,1.2798257978050713,-0.3199479652153469,5,0,3
1417217,44288,24.45414230386262,1.3216504694442663,0.3330245002566029,13,0,2
1419073,44346,23.884900793658822,1.2908062484330214,-0.14870184276568124,6,0,2
1420577,44393,21.570912063702664,1.1656941821887605,-2.10257437160998,5,0,103
1422433,44451,23.086693266818042,1.2475310393789307,-0.8248695168984267,5,0,3
1423553,44486,21.8072851445557,1.1783525885443076,-1.905507116994214,6,0,2
1425121,44535,23.559443746775898,1.2729646875672478,-0.427946759613273,5,0,3
1426913,44591,24.191593358254835,1.3070442965829951,0.10425582456461523,5,0,17
1427809,44619,25.198222132374617,1.3613913915192009,0.9532567556950314,5,0,3
1429249,44664,24.042197249391975,1.2988733648372148,-0.023585821250758712,8,0,2
1430881,44715,22.669807632824778,1.22466511352356,-1.183306948817309,5,0,3
1432129,44754,23.24633020187529,1.2557588149882315,-0.6975900840086616,6,0,2
1433473,44796,25.38947226440696,1.371470552991767,1.110661379447119,7,0,2
1434913,44841,21.739073874654167,1.1742308742732792,-1.9722274211453497,5,0,3
1436737,44898,22.75504315994067,1.2290353302338548,-1.1159052769719053,6,0,2
1437697,44928,23.648858001164857,1.277271840632222,-0.3619774597635137,12,0,2
1438753,44961,22.693733234274177,1.2256436712733383,-1.169234827000306,5,0,3
1439681,44990,23.61115820538165,1.2751536084262307,-0.3953012184705764,6,0,2
1441057,45033,21.911769849599708,1.1833230112533182,-1.8313216624047193,5,0,3
1442017,45063,24.169264242299384,1.3051961581363274,0.07422961878284971,5,0,3
1444801,45150,23.398518830802544,1.2634604219957388,-0.5787204426033513,6,0,2
1446689,45209,24.88685168189805,1.3437447436057897,0.6768383407459672,5,0,53
1447969,45249,22.25809348583629,1.2017575680730845,-1.544301458744097,5,0,3
1449121,45285,22.62902539966863,1.2217395825692647,-1.231905932918574,5,0,3
1451041,45345,21.821298401164128,1.1780577096448035,-1.9156495699129026,5,0,3
1452449,45389,22.101761972478663,1.1931450223435294,-1.679855135195611,5,0,45389
1454081,45440,23.995764401042727,1.29532332393362,-0.08118255678541518,12,0,2
1455329,45479,23.033827280721397,1.2433469455311756,-0.8947226959998579,5,0,7
1456321,45510,22.30757641774059,1.2041062744972169,-1.509014210737472,6,0,2
1458337,45573,22.006489551640477,1.1877777760021548,-1.7649536592198867,5,0,3
1459873,45621,23.25209707559922,1.2549465931792163,-0.7137509308938844,5,0,3
1460993,45656,23.23741250473199,1.2541092234060818,-0.726999070659898,8,0,2
1463009,45719,25.816968850718382,1.393236803002626,1.4511426229595341,5,0,131
1464289,45759,23.10897743699174,1.2470467039915214,-0.8379994024447981,5,0,3
1465249,45789,22.71097420129594,1.2255315399176447,-1.1750458612887424,5,0,3
1466753,45836,22.813544548062925,1.231007611302162,-1.0895125491196878,7,0,2
1468673,45896,21.572005325699884,1.163943836436579,-2.1402122612321435,8,0,2
1469761,45930,22.81983038648478,1.2312292887483836,-1.086479978376364,6,0,2
1470913,45966,23.383069371567238,1.2615724487303788,-0.6113180499800984,6,0,2
1471681,45990,24.809271393202387,1.338486915112576,0.5935252235878823,6,0,2
1473569,46049,23.968022473884094,1.2930234286514384,-0.11886302697447153,5,0,46049
1474721,46085,23.360083615066145,1.26018057355762,-0.6335703243682849,5,0,5
1475777,46118,23.20136924169949,1.2515768705712866,-0.7685128619029196,6,0,2
1478209,46194,25.273355946127914,1.3632438104626714,0.9812415829136284,6,0,2
1479617,46238,21.74902129810862,1.1730893499385733,-1.999168368592397,6,0,2
1480417,46263,22.635755773839524,1.2208869342204614,-1.2501372962003061,5,0,3
1482337,46323,22.862220229339584,1.2330271858068573,-1.0601224971751828,5,0,3
1484449,46389,21.715061211208063,1.171079909709041,-2.0316397556916796,5,0,3
1486081,46440,23.63228070876918,1.274409218715387,-0.4118009033214377,8,0,2
1487777,46493,22.798799375337214,1.2293971362734295,-1.1178223437693424,5,0,19
1489153,46536,22.851812981255442,1.2322028348016816,-1.0740223657875652,8,0,2
1489889,46559,23.489992696459474,1.2665852947115879,-0.5348980282492107,5,0,46559
1491649,46614,23.292559261588483,1.2558706730956188,-0.7031503740721029,6,0,2
1493057,46658,22.929482065869436,1.2362403002018338,-1.011247324226127,6,0,2
1493537,46673,21.90306049784329,1.1808832496487565,-1.8796853840303045,5,0,11
1495073,46721,22.94610503353863,1.2370588945355376,-0.9986848240476853,5,0,19
1496353,46761,23.28765278465058,1.2554222850440366,-0.7107506789564116,5,0,3
1498433,46826,21.68571399794116,1.1689872978748928,-2.0672839957552056,6,0,2
1500353,46886,24.273838385502817,1.3084245010996718,0.12054142031450171,6,0,2
1501921,46935,23.417244789162567,1.2621905374555498,-0.605194611159786,5,0,3
1503233,46976,23.06450124128908,1.2431271897533571,-0.9045598275522617,12,0,2
1503329,46979,24.388687609792946,1.3144940956050675,0.21560113850256166,5,0,109
1504513,47016,22.809355540491044,1.229326751433261,-1.1213548110058704,8,0,2
1505761,47055,25.107158062763293,1.3531163413016536,0.8217472615736305,5,0,3
1506977,47093,22.374799488541722,1.205814335345673,-1.490841199429149,5,0,47093
1508833,47151,22.814338291656473,1.229431479615777,-1.1203330702356193,5,0,3
1510273,47196,22.43652492972126,1.209018081663884,-1.4410814718211624,7,0,2
1511329,47229,21.24569516198921,1.1448116674666189,-2.4495180923273048,5,0,3
1513441,47295,23.054793987085247,1.2422132973044064,-0.9202504179352659,5,0,3
1514561,47330,22.282209069510895,1.2005444655972657,-1.57486957688286,6,0,2
1515809,47369,23.79039197212679,1.2817549068277283,-0.29945460537789304,5,0,7
1517377,47418,24.825853044213197,1.337478219754278,0.5757628598373864,6,0,2
1519169,47474,25.002444962185226,1.3469181805418085,0.7239965499606087,6,0,2
1521281,47540,21.988084030004813,1.1844537541180107,-1.8288410357445737,7,0,2
1523393,47606,22.70119199482886,1.2227886830752444,-1.2268070634161556,6,0,2
1525057,47658,23.636817780824394,1.2731211925660526,-0.4360143407780208,6,0,2
1525921,47685,22.199628481725618,1.1956801781306294,-1.6532491586728237,5,0,3
1527521,47735,23.91180544575996,1.287836018447478,-0.2049689860078426,5,0,5
1528993,47781,24.370371580723255,1.3124746892437162,0.18221969184250975,5,0,3
1529761,47805,23.312668712329405,1.2554824828292641,-0.7137842317757143,5,0,3
1532257,47883,22.585761656031355,1.2162435585824105,-1.331029497300536,5,0,3
1533793,47931,23.747443236049058,1.27874068303324,-0.3485381841054636,5,0,3
1535489,47984,23.704227697350106,1.2763481961378098,-0.3863250541401352,9,0,2
1536737,48023,23.269149538434302,1.2528743048747404,-0.7556231634490103,5,0,48023
1538081,48065,24.30198976171015,1.3084321769019338,0.1180476661650506,5,0,5
1540321,48135,23.088253417614055,1.2430000631582128,-0.911377080359866,5,0,3
1542689,48209,23.038087018634954,1.2402109115287339,-0.9555615235076669,5,0,7
1543777,48243,23.14208264846402,1.2457685917910557,-0.8682618232773106,5,0,3
1545473,48296,22.943101791628365,1.2349943214352463,-1.0380089919794873,8,0,2
1547201,48350,23.09083342605268,1.242882115950333,-0.9141151240336917,6,0,2
1548641,48395,23.239965852072025,1.250855344934124,-0.7888167628907278,5,0,5
1550401,48450,23.130173140656197,1.2448803832349196,-0.8830724387500035,6,0,2
1553089,48534,22.9289123432788,1.233949339421429,-1.0554877121498711,6,0,2
1554529,48579,23.970436700741885,1.289944936383928,-0.17412405373700565,5,0,3
1556609,48644,21.91036122890491,1.1790110025959781,-1.920982817774521,7,0,2
1558177,48693,23.068330367305123,1.2412641890677565,-0.940992357060586,5,0,3
1559617,48738,22.02730073645979,1.1851975944270732,-1.824113343718171,6,0,2
1560673,48771,22.335367967595566,1.2017357357006866,-1.563844433643751,5,0,3
1562593,48831,25.727950863212833,1.3841919883504723,1.3096508187223461,5,0,3
1563937,48873,22.313087728195292,1.2004208082252739,-1.585092543292171,5,0,3
1565441,48920,23.96158689199635,1.2890509626384334,-0.1891270187101968,8,0,2
1567169,48974,23.357375103657606,1.2564822603099368,-0.7023875323845099,6,0,2
1568353,49011,24.090946669105158,1.2958985589692598,-0.0814838642555034,5,0,3
1570081,49065,23.120283685676473,1.2436213215949325,-0.9053751445239382,5,0,3
1571233,49101,21.138171363120797,1.1369665031368363,-2.5862378250013673,5,0,3
1572097,49128,23.065890467002884,1.2406218614322488,-0.9528973115638091,8,0,2
1573921,49185,23.887189903854214,1.2847273158401753,-0.2579890598145453,5,0,3
1576033,49251,22.497996295295764,1.2099370760928132,-1.437078831220055,5,0,3
1577377,49293,22.601834752328806,1.2154735394370721,-1.350010627309321,5,0,3
1579969,49374,23.55199655624784,1.2664747917230232,-0.5462972005537335,6,0,2
1581889,49434,22.470532721416017,1.208252739236808,-1.464545273709541,6,0,2
1583521,49485,23.04521666176565,1.239094701732976,-0.9784376646873325,5,0,3
1584929,49529,23.15005595431507,1.244680530064313,-0.8905257768675432,5,0,49529
1586209,49569,22.97989774824684,1.2354857132026382,-1.035703460551494,5,0,3
1587841,49620,22.54022358007888,1.2117895461132822,-1.4096861398830438,7,0,2
1589089,49659,22.76434299849442,1.2237940131183673,-1.220512290074331,5,0,3
1589249,49664,22.475760736678783,1.2082744218365014,-1.465350498281072,14,0,2
1589633,49676,22.839487725787812,1.2278143046730432,-1.1571694472947172,7,0,2
1591873,49746,24.69125286441913,1.327275816543587,0.4117204172177238,6,0,2
1593281,49790,23.58452205890154,1.2677317957604524,-0.5278465341712917,6,0,2
1594529,49829,23.827720974288447,1.2807580359066946,-0.32242916555371387,5,0,13
1596641,49895,22.17280169114631,1.19173195499721,-1.727556955175525,5,0,5
1597441,49920,21.984301146047095,1.181573171118819,-1.8880172543835267,13,0,2
1598209,49944,23.677404709022774,1.2725428249284538,-0.4524196194004303,8,0,2
1599841,49995,23.53329748390359,1.2647381221056833,-0.5757685812364558,5,0,3
1600993,50031,23.66754274407207,1.2719104891518536,-0.46267297039554056,5,0,3
1602113,50066,22.741008752317292,1.2220784062554606,-1.2494330084873317,6,0,2
1603073,50096,22.624634799301678,1.2157909386640444,-1.348828772676406,9,0,2
1604129,50129,22.485124237651583,1.2082572305087187,-1.4679251885217943,5,0,50129
1605313,50166,22.116118037834728,1.1883878602743159,-1.7818218979367828,6,0,2
1606433,50201,24.49971962587733,1.3164259337236368,0.23968519433817015,5,0,17
1607713,50241,22.572202270728773,1.2128113984383868,-1.396562208127093,5,0,3
1610177,50318,23.770031000493915,1.277080769903286,-0.38191695693065925,6,0,2
1611553,50361,23.57506780673846,1.266556112489996,-0.5482748562723437,5,0,3
1613761,50430,22.858787101767597,1.2279967260708338,-1.1575947487328861,6,0,2
1614913,50466,25.133861796796594,1.3501715077271448,0.7722775245340744,6,0,2
1616609,50519,22.734878167926098,1.2212407870109632,-1.264716884537355,5,0,7
1618081,50565,23.54724987435508,1.2648255032042752,-0.576284532229557,5,0,3
1619713,50616,23.904402654733396,1.28394998666879,-0.2742580351093172,8,0,2
1620929,50654,24.848994973978265,1.3346395666481463,0.5266607388798422,6,0,2
1622209,50694,24.668810493054593,1.324913587037337,0.37290071026814714,6,0,2
1623361,50730,24.528023358271433,1.3173090263130456,0.25265488125000624,6,0,2
1625153,50786,21.689843262035186,1.1648216091953247,-2.157697126470307,6,0,2
1627169,50849,22.56750979389654,1.2118860917670968,-1.4140857759400112,5,0,50849
1628353,50886,22.290364091418553,1.1969630638834061,-1.650180055467716,6,0,2
1629601,50925,23.025027973012328,1.2363698418274165,-1.0273571935382901,5,0,3
1631521,50985,23.86836998194854,1.2815849742643866,-0.3126710720578648,5,0,3
1633409,51044,23.94873584920622,1.2858315319066689,-0.2456845920875973,7,0,2
1634657,51083,22.831084090995205,1.2257805135214972,-1.1954645326525577,5,0,23
1635649,51114,22.517161003089633,1.2088924391333444,-1.462689908988254,6,0,2
1637633,51176,24.091479314976908,1.2933415151679202,-0.1272540332907776,8,0,2
1640609,51269,22.302988590672502,1.1972268692639174,-1.6479806520693743,5,0,167
1641377,51293,23.682423861982155,1.2712476755876951,-0.4770743805209339,5,0,11
1643137,51348,23.871601955080266,1.28133925003473,-0.317577128979407,7,0,2
1644193,51381,22.25103342358217,1.1943177574370973,-1.694584309714422,5,0,3
1645729,51429,24.249589349894165,1.3015336466731553,0.0017525677142328335,5,0,3
1647553,51486,23.185788590763146,1.244373376091361,-0.9029699292594411,6,0,2
1648417,51513,22.844864537783753,1.226046474556873,-1.1931203315033887,5,0,3
1651073,51596,23.79218382746974,1.2767928230497194,-0.3902340483879481,7,0,2
1652033,51626,23.656623245995576,1.2694840472713347,-0.506015171198033,6,0,2
1652897,51653,23.255449479635864,1.247925818817352,-0.8473695406031784,5,0,7
1654241,51695,23.100276168723237,1.2395525452205984,-0.9800848803623217,5,0,5
1655393,51731,22.143110023568923,1.18815324756866,-1.7939954116151033,5,0,17
1657153,51786,22.888121273511025,1.228068887654589,-1.1622719699554915,6,0,2
1658497,51828,23.352188652404664,1.252921772927718,-0.7689054995345255,7,0,2
1659233,51851,22.65590522300717,1.215539035917737,-1.3609645057409279,5,0,19
1660609,51894,25.086110446351164,1.3458734961887506,0.7029136071777855,6,0,2
1662977,51968,23.600805524137378,1.266103584962114,-0.5606185464033888,13,0,2
1663873,51996,23.905713036903045,1.2824290361467887,-0.30212020431965264,7,0,2
1665569,52049,21.69941210773824,1.1640167681658589,-2.178030683463144,5,0,23
1667233,52101,23.453079935275987,1.2580305479723033,-0.6889377037743801,5,0,3
1668449,52139,23.149102437838277,1.241683423958228,-0.948060981863327,5,0,17
1669313,52166,25.80779729328699,1.384258872230656,1.3108220268754216,6,0,2
1670657,52208,23.186669273621835,1.243622744104931,-0.917596468027449,9,0,2
1672897,52278,24.0799220552455,1.2914529336407465,-0.15988709286879588,6,0,2
1673857,52308,24.2709879934236,1.301665803833675,0.0018920381322416367,7,0,2
1675073,52346,23.981007903850113,1.2860710403885238,-0.24535336736977875,6,0,2
1676417,52388,22.665552600943045,1.2154799821475704,-1.364342777153622,7,0,2
1677281,52415,23.20644122655102,1.2444565789031037,-0.90516024955926,5,0,5
1679233,52476,21.897542456775412,1.1742034154560936,-2.019078837199708,7,0,2
1680961,52530,25.502298126497465,1.3674351262531135,1.0441100327590604,6,0,2
1683233,52601,23.51659180551956,1.2608830635365675,-0.6453984373369737,5,0,23
1684609,52644,23.502089814939545,1.2600581553052714,-0.6586203517769657,7,0,2
1685473,52671,23.694680657661515,1.2703539030926867,-0.49544192961011746,5,0,3
1687297,52728,23.70709897182562,1.2709564717479978,-0.4860581531427158,8,0,2
1689377,52793,22.081515135916785,1.1837405651667159,-1.8695896331038506,5,0,13
1691297,52853,23.48284672991277,1.2587970703025935,-0.6793143205257709,5,0,17
1693537,52923,22.486513018352177,1.2053152981916258,-1.5280103542700463,5,0,3
1694369,52949,21.81824147388849,1.1694684033527307,-2.0968529934972473,5,0,13
1695329,52979,23.864219036050223,1.279100496320236,-0.3575984350735536,5,0,31
1696417,53013,24.10533712206319,1.2919861073156287,-0.15323770523999491,5,0,3
1698497,53078,23.56425565668672,1.2629143595504313,-0.6147256405473255,6,0,2
1699361,53105,22.260194979399024,1.192996004774625,-1.7243736335600905,5,0,5
1700161,53130,25.24400158308074,1.3528786111145885,0.8128453284438732,6,0,2
1701761,53180,22.17869813011754,1.1885512406796575,-1.7952978357385032,7,0,2
1702849,53214,23.5319781044872,1.2610361640582564,-0.6449721458546133,6,0,2
1704673,53271,24.645026694956673,1.3206174665708814,0.3006247982943349,5,0,3
1706113,53316,22.704307890586612,1.2165757760061542,-1.3511115260054278,7,0,2
1707137,53348,23.30166892301342,1.2485500429078746,-0.8436343568222582,7,0,2
1708033,53376,23.345605304688295,1.2508740918286398,-0.8068363042871171,12,0,2
1708513,53391,22.929358554036344,1.228555438974433,-1.1612418425193605,5,0,3
1710337,53448,22.988309944718658,1.2316536914694456,-1.1122796240248094,8,0,2
1711937,53498,22.98560433515508,1.2314558475300172,-1.1156217627599916,6,0,2
1712129,53504,23.44970542547237,1.256313635338262,-0.7209047108492647,13,0,2
1714049,53564,23.551176122017033,1.2616849706276436,-0.6358006326896682,7,0,2
1715489,53609,22.7013149436372,1.2161092643276759,-1.3598125706457127,5,0,53609
1718177,53693,23.27917075685654,1.2469753547276363,-0.8698757824238362,5,0,53693
1720289,53759,23.12461965715341,1.238626795153105,-1.0027435742699062,5,0,53759
1720321,53760,22.756424283232462,1.218904061081703,-1.3160771468279036,14,0,2
1721633,53801,22.320020488769373,1.1954870961967887,-1.6882985890535864,5,0,11
1722241,53820,23.78561803324554,1.2739656131703327,-0.4415014165151759,7,0,2
1724417,53888,23.99027963401246,1.2848528939982127,-0.26869656749035176,12,0,2
1724449,53889,22.997269922652013,1.2316689967943195,-1.1137977432588566,5,0,3
1726273,53946,22.538070471251654,1.2070170073954207,-1.5057843200634196,6,0,2
1727393,53981,22.435844303831097,1.201506567177355,-1.5935208254919475,5,0,23
1728737,54023,24.527987398817217,1.3135002115900374,0.18626540238691502,5,0,89
1730177,54068,23.214447942727265,1.2431112643446203,-0.9326358422928426,7,0,2
1731937,54123,22.65021004725795,1.212840295886363,-1.4140322519331372,5,0,3
1732609,54144,23.115682148083692,1.237742687311192,-1.0182573958838805,12,0,2
1733729,54179,22.917829754881776,1.2271121888692584,-1.1873909959127598,5,0,17
1735553,54236,23.230299736107483,1.2437830886759684,-0.9225691725455498,7,0,2
1737761,54305,23.582837528531208,1.2625848342251296,-0.6238533560816446,5,0,5
1739041,54345,22.702338415894026,1.2154033745127175,-1.374260580373162,5,0,3
1740481,54390,22.830958492992984,1.2222428493281798,-1.2656874349740335,6,0,2
1742017,54438,23.48408985063338,1.257157027777111,-0.7105970931902224,6,0,2
1742401,54450,22.213188063166946,1.1891107319027545,-1.792897319620834,6,1,2
1743457,54483,23.31137274671557,1.2478638102224962,-0.8585589232557372,5,0,3
1745057,54533,23.239992103896032,1.2439904697651696,-0.9203475087440982,5,0,23
1745921,54560,23.80745615581224,1.2743367724251558,-0.43770728381044177,10,0,2
1747489,54609,23.864073198857803,1.2773147384233936,-0.39046939019644245,5,0,3
1748993,54656,22.663856397143572,1.2130257921810423,-1.413442855141315,12,0,2
1749089,54659,23.52498533527968,1.2591123806444509,-0.6802095312507082,5,0,11
1750657,54708,24.195802604166424,1.2949629102654159,-0.10993254232942803,7,0,2
1752449,54764,23.926043503359992,1.2804653254515361,-0.34075902106868344,7,0,2
1754113,54816,23.67009048350804,1.2667122330424492,-0.5597671553260478,10,0,2
1755553,54861,22.80598459210431,1.2204234496392434,-1.2966074828787206,5,0,3
1758401,54950,23.52063447127396,1.258573249963695,-0.6897235359789655,6,0,2
1759649,54989,23.62471930842933,1.264101672990713,-0.6018432956844312,5,0,11
1761857,55058,24.463567197059874,1.3089112094739477,0.11133484305020637,6,0,2
1763873,55121,23.754777900896062,1.270921214357729,-0.49366594957960014,5,0,11
1764449,55139,23.47395759250805,1.2558780684501714,-0.733243270149739,5,0,7
1767041,55220,23.79869141347408,1.2731660336748434,-0.4582031386360928,7,0,2
1768001,55250,23.36736296049554,1.2500600309336172,-0.8262602478801478,6,0,2
1769153,55286,23.214727872062497,1.2418576282363385,-0.9570171481448433,6,0,2
1769473,55296,22.34659483526942,1.1954074848180882,-1.6968455191618343,16,0,2
1770497,55328,23.448556552999705,1.2543225379941558,-0.7586353877875827,10,0,2
1771937,55373,22.807372363631814,1.2199785667017002,-1.3058334899107185,5,0,55373
1773281,55415,22.8676300428378,1.2231593265740317,-1.2553403028470815,5,0,5
1774529,55454,23.015819334294537,1.2310461304113878,-1.1298579478318502,6,0,2
1776097,55503,23.679395327436026,1.266487589699633,-0.5653993383285985,5,0,3
1777057,55533,22.53652640517634,1.2053316699245966,-1.5398636432272375,5,0,3
1778593,55581,23.927670316377473,1.2796842751918427,-0.35535720235605983,5,0,3
1779649,55614,23.556510975007736,1.2597999500845478,-0.6722949005090867,6,0,2
1781089,55659,23.528392118878955,1.2582495856839344,-0.6971425334287066,5,0,3
1782689,55709,24.249456558534348,1.2967573363372131,-0.08359895667924885,5,0,17
1783937,55748,22.918000776948254,1.2255175291260976,-1.2191120064932655,7,0,2
1784929,55779,25.16463123053837,1.3456196566183318,0.6950584995450887,5,0,3
1785857,55808,23.196683480443788,1.24035877011601,-0.9827882528373364,14,0,2
1786753,55836,24.56273658155517,1.313373383169818,0.18098770989450882,7,0,2
1788673,55896,23.014871217342804,1.2305483237169426,-1.1395035118474917,8,0,2
1790401,55950,24.190188721287207,1.2933325258793618,-0.13872977918577842,6,0,2
1791617,55988,23.381625909157577,1.2500637614542556,-0.828701175297966,7,0,2
1793761,56055,22.82734888774137,1.2203634200172828,-1.302524436870935,5,0,3
1794049,56064,22.477065632182402,1.2016282507113005,-1.6013143222760193,13,0,2
1795009,56094,22.544228724722117,1.2051893209060291,-1.5446639244532714,6,0,2
1796833,56151,22.86544461697561,1.222304401031098,-1.271963493157777,5,0,3
1798177,56193,23.291841057925236,1.245055457850837,-0.9092691751243929,5,0,3
1798913,56216,23.45430940807339,1.2537166790786027,-0.7712033251967955,8,0,2
1799617,56238,22.849032516651448,1.2213406189679548,-1.2876888768882007,6,0,2
1800961,56280,23.607311608863853,1.2618295586273363,-0.6419989718227015,8,0,2
1803169,56349,24.223917846273856,1.2947151383055797,-0.11757686238710664,5,0,3
1804609,56394,23.194585151360997,1.2396543395177722,-0.9961390704614369,6,0,2
1805729,56429,24.373137706512004,1.3026061472032244,0.0081486149167335,5,0,73
1806241,56445,23.231811388566946,1.2415926343507468,-0.9653959483424759,5,0,3
1808161,56505,22.68418163714447,1.212266448911684,-1.4335723007751018,5,0,3
1809953,56561,24.120264592270576,1.2889538853690474,-0.20998891174701834,5,0,163
1810433,56576,23.722286033979852,1.2676710980292756,-0.5496754886005718,13,0,2
1811297,56603,23.068065537066108,1.2326840031043553,-1.1081348567710192,5,0,23
1813729,56679,23.77155201846756,1.270198216749702,-0.5096363507224331,5,0,3
1816769,56774,23.90249105023195,1.277097053392242,-0.3997719730010341,6,0,2
1818529,56829,22.956851574825876,1.226517808663856,-1.2074289729935141,5,0,3
1820033,56876,23.07143002227109,1.2325928644054231,-1.1106153229525846,7,0,2
1821121,56910,23.47121942418353,1.2539174218953675,-0.7702473820898325,6,0,2
1823489,56984,22.812063889155176,1.2186306381273788,-1.3339844191692467,8,0,2
1824481,57015,24.187646814038697,1.2920828065309704,-0.16108758237359197,5,0,3
1826689,57084,22.010791661387355,1.1757321957645712,-2.0195500471727956,7,0,2
1828193,57131,23.724822376626353,1.2672415398193764,-0.5581338392624866,5,0,57131
1829281,57165,23.631636894820794,1.2622298350885914,-0.638286585605929,5,0,3
1830401,57200,23.44737479574777,1.252352907258751,-0.7961702350792466,9,0,2
1832353,57261,23.182211863075466,1.2381299972243043,-1.0235927800406948,5,0,3
1833697,57303,23.206032095639365,1.2393607301574407,-1.0040799505378852,5,0,3
1835809,57369,23.53365896150059,1.25679222316628,-0.7257826268425281,5,0,3
1837601,57425,22.130087433496506,1.181783234323208,-1.9246035002228512,5,0,5
1839361,57480,22.8616329204485,1.2207956488275733,-1.3014039308816132,8,0,2
1841057,57533,23.068859413107873,1.231809607976301,-1.125583153737648,5,0,7
1842497,57578,22.547128199109142,1.2039077470233561,-1.571728494923115,6,0,2
1843201,57600,23.82137980438728,1.2719244634970082,-0.484623224665189,13,0,2
1844033,57626,21.932491387820207,1.1710445963067422,-2.097256761825573,6,0,2
1845601,57675,23.999536183893483,1.2813609337059455,-0.33397523921679106,5,0,3
1846913,57716,22.30875483582072,1.1910497041092603,-1.777900133685467,7,0,2
1847297,57728,22.64926697480286,1.2092179576552498,-1.487492114880564,12,0,2
1848193,57756,24.39975029804885,1.3026454137672885,0.006122042337067088,7,0,2
1848929,57779,22.053067411689184,1.1773401441675424,-1.9973953771216195,5,0,19
1851329,57854,22.744699063388868,1.2141922406648065,-1.4084876615419644,6,0,2
1853377,57918,23.982087851409048,1.2801838815591124,-0.3534054970374326,6,0,2
1854689,57959,24.031304671698546,1.2827697309796322,-0.31215297003230974,5,0,11
1856033,58001,22.979522415807267,1.2265860204737222,-1.2108669846368485,5,0,31
1857473,58046,22.328706808281993,1.1918050730287781,-1.7673689997718276,6,0,2
1858721,58085,22.22507115316499,1.186237154541811,-1.8566165744889012,5,0,5
1859489,58109,22.281164272408617,1.1892086673671098,-1.8091971316852697,5,0,58109
1860641,58145,22.97034223433791,1.2259574354797222,-1.2214728809236264,5,0,5
1862017,58188,23.215988597732277,1.239026160623513,-1.0125547987418078,7,0,2
1863457,58233,23.06970970915087,1.231175952544695,-1.13831444326883,5,0,3
1865057,58283,24.512313713673272,1.3081131635018413,0.09257428961046058,5,0,167
1866593,58331,24.502340104749447,1.3075318700264478,0.083184666787714,5,0,7
1868513,58391,23.521961997097165,1.2551566201265054,-0.7551200418186814,5,0,58391
1870433,58451,23.312544727149632,1.2439236929197812,-0.9350903446855365,5,0,58451
1872289,58509,23.34447830063948,1.2455713483065867,-0.9089128497874923,5,0,3
1873441,58545,24.00399345351268,1.2807246511896468,-0.3463211561747801,5,0,3
1875073,58596,23.395240290241077,1.2481953369160865,-0.8671961929203329,7,0,2
1876289,58634,22.30450110679979,1.1899665038594243,-1.7995353082065582,6,0,2
1878209,58694,24.519216613625325,1.308062772107927,0.09101913525976428,6,0,2
1880129,58754,24.760563417527422,1.3208768014188743,0.2960936402052448,6,0,2
1880993,58781,22.101809141180105,1.1790182547077563,-1.9755354213990344,5,0,43
1882721,58835,24.353992769806418,1.2991063974514563,-0.052667137340016754,5,0,5
1884577,58893,22.711037857138713,1.2114124951113945,-1.4572679165762283,5,0,3
1886081,58940,25.542734180526722,1.3624064167278152,0.9609886861405658,7,0,2
1887617,58988,24.154517174126195,1.2883135217180028,-0.2258574453111993,7,0,2
1888769,59024,22.29116917055485,1.1888963455765826,-1.818492286499469,9,0,2
1890337,59073,22.909722930592345,1.221840676453386,-1.2909503754994294,5,0,3
1891361,59105,23.194790780113546,1.2370136680735306,-1.0479902534788625,5,0,5
1892353,59136,23.18824179752201,1.236634892273512,-1.054167442091306,13,0,2
1893377,59168,22.75246748275322,1.2133650662113125,-1.427116773352874,10,1,2
1894817,59213,23.258911924671917,1.2403303057525252,-0.9952245242933343,5,0,7
1895809,59244,21.763989491722164,1.1605827900296863,-2.2732168645779347,7,0,2
1897057,59283,23.778333444920847,1.2679613879794718,-0.5526732878146167,5,0,3
1898209,59319,23.1981394891517,1.2369888263754332,-1.049136953075586,5,0,3
1900673,59396,23.362936718946326,1.2457027569206867,-0.9097407570007737,7,0,2
1902497,59453,25.34279993996173,1.3512093443146698,0.7812516849101676,5,0,59453
1904897,59528,23.692364390304604,1.2631401696548943,-0.6306355612040863,8,0,2
1907233,59601,23.13496486608429,1.2333541018898408,-1.1083938106944395,5,0,3
1908737,59648,25.12509476285404,1.3394024218244986,0.5917929466822718,13,0,2
1910177,59693,23.064932306804682,1.2295343432268522,-1.169970511970084,5,0,59693
1911713,59741,23.04350039798691,1.2283469709531778,-1.1891861981072887,5,0,11
1912513,59766,22.522371088100016,1.2005450391869494,-1.6351254521977068,6,0,2
1914593,59831,22.993742732398072,1.225610732569967,-1.2334005820400555,5,0,19
1915937,59873,22.71785619456166,1.2108668244928884,-1.4700362108006104,5,0,11
1917089,59909,23.270865873353788,1.24030847652357,-0.9979405026145483,5,0,139
1918529,59954,22.03935396539984,1.17463032214847,-2.0516362941583046,6,0,2
1920161,60005,24.578460008698258,1.3099063070209302,0.11823825515081414,5,0,5
1921921,60060,23.072632529876877,1.229602203691804,-1.170216448540333,7,0,2
1923169,60099,23.846569136637015,1.270809866450835,-0.5092045108198768,5,0,3
1925057,60158,22.599666705685955,1.204307371762152,-1.5764474642888144,6,0,2
1927297,60228,24.11310059449226,1.284888442025243,-0.2836208819968426,7,0,2
1928449,60264,25.495989067548372,1.3585400294254708,0.8982787996557591,8,0,2
1930081,60315,25.006328870300035,1.3323975492681244,0.4786752311412485,5,0,3
1931681,60365,22.84108994789844,1.2169825875324267,-1.373872383801599,5,0,5
1934113,60441,23.25376887566057,1.238899489040351,-1.0223487235562063,5,0,3
1937057,60533,23.731592964648485,1.2642693681155244,-0.6153564531815731,5,0,11
1938977,60593,25.793228389050817,1.3740384680479074,1.1469297829360932,5,0,13
1939937,60623,22.99352466059598,1.2248671192256124,-1.248277350647369,5,0,60623
1941601,60675,23.33489523318974,1.2430035730448976,-0.9572360395425943,5,0,3
1942433,60701,23.480380218022205,1.2507289428971684,-0.8332631381843774,5,0,101
1944353,60761,22.043489211495498,1.1741374378062253,-2.063502371823564,5,0,60761
1945729,60804,23.43545079533662,1.248239617676175,-0.8735624288378264,7,0,2
1946561,60830,24.083314423037248,1.2827218095362525,-0.3198075157204489,6,0,2
1948097,60878,22.577662595516774,1.2024849618675286,-1.6087359362970783,6,0,2
1950433,60951,24.981495848135907,1.330440615973923,0.4464803189649221,5,0,3
1952129,61004,22.71522205767012,1.209697859394439,-1.4933860984922365,7,0,2
1953569,61049,22.520095306388175,1.199266267853633,-1.6611677532368752,5,0,41
1954753,61086,23.109151328289133,1.2306015322970734,-1.1578472479870188,6,0,2
1955873,61121,22.51371303368952,1.1988622756888292,-1.6679664314675091,5,0,61121
1956769,61149,23.6300256450036,1.2582801261484367,-0.7133048811562235,5,0,3
1959073,61221,22.978278371885825,1.2235097832238961,-1.2722933974674815,5,0,3
1960289,61259,22.823740788042855,1.215247012386628,-1.4052287368089027,5,0,11
1961537,61298,25.05346537843937,1.3339298900222574,0.5021350701655005,6,0,2
1962689,61334,23.778914559203034,1.266034847264513,-0.5891968641868319,6,0,2
1964801,61400,24.502540327625347,1.3044984348116222,0.02891593272963003,8,0,2
1966817,61463,22.6371039136356,1.205127832469507,-1.568697868902967,5,0,61463
1968353,61511,24.072324080149684,1.2814890520808442,-0.34121424796957245,5,0,61511
1969889,61559,24.472124401142874,1.3027263272105933,0.00013419125678265553,5,0,61559
1971521,61610,22.025802375344647,1.1724570719160898,-2.094632027049741,6,0,2
1973633,61676,23.23737754034073,1.236890478071698,-1.0587936886503015,7,0,2
1976609,61769,25.164529978907584,1.3393784069864276,0.5892276598481276,5,0,19
1978433,61826,23.984605544848286,1.2765237355598307,-0.42181626957305296,6,0,2
1979713,61866,23.488528863266037,1.2500845877044064,-0.8471989981722781,6,0,2
1981409,61919,23.047450105936335,1.2265623053507098,-1.2257549729296908,5,0,11
1984897,62028,22.808845670884434,1.2137672784722298,-1.4320063004794272,7,0,2
1986337,62073,23.162923078704885,1.2325689231915753,-1.1296592716423686,5,0,3
1987681,62115,23.05616573722706,1.2268504475419597,-1.2218203252692759,5,0,3
1988513,62141,22.303869830811834,1.1867972422796051,-1.8664370764266018,5,0,62141
1990337,62198,22.779613878655532,1.212061419290753,-1.4601160695575393,6,0,2
1990657,62208,23.597242622542325,1.255556799929944,-0.7601743443623195,13,0,2
1991617,62238,24.08755264553867,1.281617116392407,-0.340849466419579,6,0,2
1993441,62295,22.698593160385606,1.2076652115505926,-1.531251967308436,5,0,3
1994081,62315,23.096652008937106,1.2288258316802168,-1.1907378807730613,5,0,5
1995937,62373,22.109071682645265,1.1762334102386307,-2.037520026146223,5,0,3
1996609,62394,24.3657162253849,1.2962702823547394,-0.10533196776079996,6,0,2
1998049,62439,23.196730060576137,1.2340392490205776,-1.1072450292904619,5,0,3
1999681,62490,23.544216367358462,1.2524788146964583,-0.8105477587832304,6,0,2
2001409,62544,23.261882788520825,1.2374111554465914,-1.0533099247208018,9,0,2
2003201,62600,24.3307628216922,1.2942175726380636,-0.13879196810534103,8,0,2
2004833,62651,23.14343159619569,1.2310149036126894,-1.1566638623859853,5,0,31
2005057,62658,22.6178652327986,1.2030535860232083,-1.6069607366130998,6,1,2
2006657,62708,23.21224991040853,1.234624572966531,-1.098728044122476,7,0,2
2008289,62759,23.581423320081857,1.2542141980880301,-0.7833948075908401,5,0,97
2009921,62810,23.44582490075844,1.2469563438272724,-0.9004445988665493,6,0,2
2010977,62843,23.04625589539771,1.2256762980010323,-1.243316332954636,5,0,11
2012449,62889,22.92299458803803,1.2190804849526322,-1.349729256116252,5,0,3
2014049,62939,23.176514750948222,1.2325187561452713,-1.1334270492886305,5,0,62939
2016193,63006,25.578763573192568,1.3602040054634104,0.9235149164776404,6,0,2
2017313,63041,23.873943767783313,1.2695147648126512,-0.537691996274831,5,0,11
2018593,63081,23.29344691896535,1.2386108672558427,-1.0357468820088118,5,0,3
2020609,63144,23.515820284047614,1.250378932491676,-0.8463169167037341,8,0,2
2022401,63200,24.82101670639478,1.3197256798509611,0.27108062844271,10,0,2
2024417,63263,23.949772567210523,1.2733445179501843,-0.4765351314467146,5,0,41
2026081,63315,22.36661858719529,1.1891283221983873,-1.834074607506989,5,0,3
2027873,63371,23.889369020242075,1.2700350509079992,-0.5301478822307566,5,0,7
2029889,63434,22.013923165967952,1.1702777834711975,-2.1384775583343076,6,0,2
2031457,63483,23.756305590771067,1.2628601367192767,-0.6461049968492618,5,0,3
2033089,63534,22.329258504159103,1.186956723380336,-1.8700374109784048,6,0,2
2034337,63573,21.625392900389095,1.1495094377798871,-2.4740054531505176,5,0,3
2035361,63605,23.788646971674495,1.2644696095574595,-0.6204807889378642,5,0,5
2036449,63639,23.30788835671293,1.2388852779597392,-1.0331283285607338,5,0,3
2037793,63681,22.397473157981103,1.1904584332779948,-1.8142106371279583,5,0,3
2039777,63743,23.105226111626912,1.2280225217948206,-1.2086539900639617,5,0,63743
2041537,63798,25.485610092463972,1.3544850461720013,0.8308608450435826,6,0,2
2042753,63836,22.083871669607692,1.1736610935008696,-2.0858121498221522,7,0,2
2044129,63879,24.44594127875892,1.2991552182696915,-0.061701456588102964,5,0,3
2045569,63924,22.700969718508404,1.206382052381272,-1.558376081863629,7,0,2
2047553,63986,25.394266183227984,1.3494509471778344,0.7495240126402442,6,0,2
2049121,64035,23.18664328254078,1.2320952841245851,-1.1439494137683872,5,0,3
2050337,64073,22.181271290927658,1.1786400886747064,-2.0065767588574013,5,0,17
2051969,64124,23.1678770640796,1.2310208397033282,-1.161584540747749,7,0,2
2052097,64128,23.265466726426112,1.2362027649478553,-1.077981296501845,12,0,2
2054113,64191,23.405866976789227,1.2436077245142096,-0.9586877153158511,5,0,3
2055233,64226,22.03027300095615,1.1704904234663076,-2.13879087285144,6,0,2
2056193,64256,22.41526174834729,1.1909201413809343,-1.8092155325332278,13,0,2
2056993,64281,25.875339959468363,1.3747295256168712,1.157287672004377,5,0,3
2057761,64305,21.860187085303945,1.1613891079287197,-2.286057914902553,5,0,3
2059297,64353,22.078886251849994,1.1729686423026238,-2.0993851749953008,5,0,3
2060801,64400,23.88428437672826,1.2688408597211729,-0.5520130198768654,9,0,2
2062561,64455,22.79063995062694,1.2106948686270425,-1.4908268586318094,5,0,3
2063777,64493,22.55583390246739,1.1981895080085014,-1.692860789990878,5,0,11
2065121,64535,22.76242206226941,1.2091281475656974,-1.516425340942041,5,0,5
2066177,64568,22.923500994283216,1.217656474409581,-1.3788540559290563,8,0,2
2068513,64641,23.01194400589721,1.2222920639634198,-1.3042662341857771,5,0,3
2069761,64680,22.809229030144543,1.2114917625247748,-1.478810974729087,8,0,2
2071169,64724,22.828782724672855,1.2124931219977142,-1.462805337194497,7,0,2
2072129,64754,22.493391479312713,1.1946546767700466,-1.7510078733243115,6,0,2
2073601,64800,22.88322852405119,1.2153205027834457,-1.417424550577979,10,1,2
2074817,64838,22.882012129254058,1.2152237491629285,-1.4191269099799948,6,0,2
2076001,64875,23.25116493734499,1.2347970214762913,-1.1031034251635166,5,0,3
2077409,64919,23.822979319877177,1.2651255982289922,-0.6133314603584609,5,0,64919
2078977,64968,22.662170306809735,1.2034395589279092,-1.6099735085932234,8,0,2
2080129,65004,23.29019073898698,1.2367587021465025,-1.0718300011405502,7,0,2
2081249,65039,23.20464302290892,1.232186011914298,-1.145819085742437,5,0,13
2082049,65064,22.828616876668526,1.212197690880713,-1.468847253330823,8,0,2
2083681,65115,22.766649458127453,1.2088644956458179,-1.5228945390735311,5,0,3
2085121,65160,23.92033100566855,1.2700831455160608,-0.5338447891534814,8,0,2
2086081,65190,24.7808360697776,1.3157455366431998,0.20396093038901258,6,0,2
2087713,65241,22.709481815088246,1.205723863982533,-1.5741270092707786,5,0,3
2089889,65309,26.256597757582657,1.3939868549965024,1.4683251823159376,5,0,65309
2090849,65339,22.4721130389081,1.1930403812748431,-1.7795041140304952,5,0,223
2092897,65403,22.39413818564885,1.1888482232760866,-1.8475305235800825,5,0,3
2095201,65475,23.109738561468397,1.2267767762811894,-1.2346946933147545,5,0,3
2097857,65558,22.478361905063387,1.1931920942369325,-1.7779537759757116,6,0,2
2100001,65625,23.057540875529973,1.2238796017289244,-1.282046702260114,5,0,3
2101249,65664,22.37103165630999,1.1874083287536281,-1.8719109945036372,12,0,2
2102753,65711,22.687106319863805,1.2041460854588917,-1.6014480358415781,5,0,23
2104129,65754,23.018741067293625,1.2217119855341323,-1.3175446194334042,6,0,2
2106337,65823,22.8569510389081,1.2130676924825945,-1.4575902702563905,5,0,3
2108033,65876,23.368395831932112,1.2401661877722818,-1.019486123925356,7,0,2
2109761,65930,23.747458736040322,1.2602366117382082,-0.6950047431231593,6,0,2
2110657,65958,24.538101660745745,1.3021697523633484,-0.016767082294198682,6,0,2
2112193,66006,24.39248565854782,1.2943998827519771,-0.14254464676646506,6,0,2
2114369,66074,25.099793381204528,1.3318717460815106,0.4635644781059781,6,0,2
2115713,66116,23.990634446356466,1.2729799413749705,-0.48931718009043224,7,0,2
2117441,66170,23.219672266489102,1.2320261922591156,-1.1521001537170037,6,0,2
2118497,66203,22.38080778860321,1.18748972091151,-1.872864140719439,5,0,239
2119937,66248,23.93854286136237,1.2701017694562369,-0.5362048832662559,8,1,2
2120513,66266,23.521562458015097,1.2479628659101376,-0.894514077374964,6,0,2
2122369,66324,23.692047535998523,1.2569586148912433,-0.7490961480013569,7,0,2
2123777,66368,23.159209602025697,1.2286527189717027,-1.207340310284335,11,0,2
2125313,66416,22.47013798311176,1.192056973839681,-1.7998311229508313,9,0,2
2126273,66446,24.161587673893003,1.2817635310090572,-0.3479219086936914,6,0,2
2128481,66515,24.10076648585945,1.2784772410098246,-0.4012698441632404,5,0,5
2130241,66570,24.256809842218406,1.2867070152947426,-0.26816028334585695,6,0,2
2132129,66629,22.3022402120138,1.1829793232931367,-1.9476696953425243,5,0,66629
2133601,66675,24.9440775738396,1.3230693862168341,0.3203784794531794,5,0,3
2134721,66710,23.602140351056214,1.2518615526744086,-0.8326688244295266,6,0,2
2136833,66776,23.87548932458358,1.2663036656328521,-0.598985387845485,8,0,2
2138593,66831,24.455087909610615,1.2969962450926162,-0.10206706022630456,5,0,3
2140129,66879,25.26463540940192,1.3398879865996847,0.5925044780529146,5,0,3
2142241,66945,23.99990987073791,1.2727578719883137,-0.4948662369344288,5,0,3
2144033,67001,22.902792578096644,1.21453009596383,-1.4381843455962868,5,0,11
2144897,67028,24.0101109105604,1.2732278645517248,-0.4874474633448837,7,0,2
2147009,67094,22.84197656278743,1.2112294444696412,-1.491987580847734,6,0,2
2148449,67139,25.287945017592897,1.34089007777633,0.6084987910866845,5,0,67139
2150273,67196,23.34393967651552,1.237762188707473,-1.0624657921174379,7,0,2
2151137,67223,22.926574628979232,1.2156103378759155,-1.4214731723544576,5,0,13
2153089,67284,22.47306880488057,1.191515990380708,-1.8121183505871925,7,0,2
2154241,67320,24.58255702009689,1.303329125481643,-0.00033773703703890364,8,0,2
2155841,67370,23.673451957620852,1.2550878733202497,-0.7822198840008607,6,0,2
2158081,67440,22.979169742311363,1.218222439813551,-1.379904255096036,9,0,2
2159041,67470,25.5025597154338,1.351970917827659,0.7877999260526085,6,0,2
2160161,67505,23.155662407046904,1.2275258827410718,-1.229331927919817,5,0,5
2162113,67566,23.52586533053927,1.2471003992780951,-0.9122265256793789,6,0,2
2163041,67595,22.786098745864045,1.2078622490444089,-1.5483879952563084,5,0,5
2164801,67650,23.28751788198409,1.2343967056643206,-1.118417327666836,6,0,2
2166529,67704,23.105718748779573,1.2247161859231976,-1.2755361604107058,8,0,2
2167873,67746,25.174634274362454,1.3343416377661055,0.5017774220931532,6,0,2
2170241,67820,22.3568267296271,1.184930063407138,-1.9210699379523664,7,0,2
2172257,67883,22.227371145360053,1.1780196520534623,-2.0333954135914456,5,0,67883
2173889,67934,23.813848060633237,1.2620581188133357,-0.6706955361895138,6,0,2
2175233,67976,23.068199104772194,1.2225071443295992,-1.3122660779333468,8,0,2
2177281,68040,23.33163423368036,1.2364156953680443,-1.0868841007437906,8,0,2
2179361,68105,22.059782250701822,1.1689661597493297,-2.1812056979551957,5,0,5
2181217,68163,25.15007441894955,1.332672336766308,0.4742679502519494,5,0,3
2182561,68205,23.939953023207728,1.2685143496225164,-0.566638934386499,5,0,3
2183969,68249,22.91657932288899,1.2142533254987442,-1.4470933101790342,5,0,139
2185409,68294,22.84198251713228,1.2102649207229288,-1.5119643475456526,6,0,2
2186369,68324,23.735452200130275,1.2575799186920698,-0.7443441132673695,7,0,2
2188481,68390,23.42641440063131,1.2411522873795737,-1.0110919221370025,6,0,2
2189633,68426,23.223882864304166,1.2303929064280006,-1.1858013802052438,6,0,2
2191169,68474,23.404872176953617,1.2399426065529902,-1.03097153286417,6,0,2
2192257,68508,23.548759782131512,1.247537669490671,-0.9078069904209644,7,0,2
2194337,68573,22.561052603642715,1.1951612201501582,-1.7581139740514493,5,0,47
2195233,68601,23.550169492068967,1.2475363576115164,-0.9080897951362171,5,0,3
2196641,68645,23.458891371282316,1.24266525631862,-0.9872836657414937,5,0,5
2198369,68699,23.097047268711638,1.2234544448104467,-1.2993019928622462,5,0,68699
2200193,68756,25.055196182453237,1.3271285073390997,0.3836384782561824,7,0,2
2201761,68805,23.84153003263426,1.2628024185238909,-0.660805249665531,5,0,3
2203361,68855,22.73539322741223,1.2041749583599612,-1.612854572726089,5,0,5
2204353,68886,21.974607574712678,1.163856604877647,-2.267637483451123,6,0,2
2206081,68940,23.670741138568374,1.253646030793221,-0.809827638253372,7,0,2
2207713,68991,23.974988279609708,1.2697173805431115,-0.5489709429229206,5,0,3
2209217,69038,23.084478342731853,1.2225185385259922,-1.3156183739005332,6,0,2
2210497,69078,23.340213441028794,1.2360297505439128,-1.0963092900355758,6,0,2
2212321,69135,22.560674392768394,1.1947034164653174,-1.7677282846890128,5,0,3
2214977,69218,23.075873252278406,1.221920059501846,-1.3259344320421371,6,0,2
2216609,69269,23.057941582601348,1.220930194136878,-1.3421838196388827,5,0,113
2218561,69330,22.78763538280694,1.206569694450679,-1.5756955501059646,6,0,2
2220961,69405,24.088260903468104,1.2753739312631767,-0.4580285261799173,5,0,3
2222593,69456,23.395887006830517,1.2386747840957655,-1.0544708038665611,9,0,2
2223841,69495,23.83879146766874,1.2620921994254726,-0.6740546291432218,5,0,3
2224897,69528,22.995006827837486,1.217393965051615,-1.4005097712322683,8,0,2
2226593,69581,24.337885851583422,1.2884441899680583,-0.24600342064828165,5,0,17
2228417,69638,23.68804234956785,1.2539955233733675,-0.8060026664683491,6,0,2
2229569,69674,24.041128610005238,1.272657681102471,-0.5027708552491439,6,0,2
2230721,69710,24.533740903257673,1.2987048648402597,-0.0794732608638759,6,0,2
2232193,69756,25.259787344064268,1.3370989224651273,0.5445518062494871,7,0,2
2233057,69783,22.591724693751182,1.1958472280722732,-1.7516309346441972,5,0,3
2234593,69831,25.47586611949328,1.3484718507274112,0.7293676827147856,5,0,3
2235841,69870,24.07840161713972,1.2744702773529502,-0.47374435382450036,6,0,2
2236417,69888,22.053565631148007,1.1672821903434867,-2.2164386934166216,13,0,2
2238113,69941,24.184655828587626,1.2800360397514643,-0.383407870817796,5,0,69941
2239649,69989,22.722697968426267,1.2026211238026956,-1.6422716826713752,5,0,17
2241697,70053,24.06227680221571,1.273467484141117,-0.49045578397853773,5,0,3
2243617,70113,24.013508864400155,1.2708377412126084,-0.5333555697178402,5,0,3
2244929,70154,22.949934468837192,1.214519670222106,-1.449365959427081,6,0,2
2246689,70209,24.821054906799517,1.3134939848824458,0.1602036564204784,5,0,3
2249281,70290,24.282437994290056,1.284924783294131,-0.3046185115424237,6,0,2
2250401,70325,22.451034773274046,1.187988110330978,-1.8815309404081613,5,0,5
2251649,70364,22.770187075899038,1.2048460102471195,-1.6074484349875924,7,0,2
2252897,70403,22.893076914549376,1.2113184511711106,-1.5022931665028254,5,0,23
2254849,70464,23.129183312390655,1.2237638372172002,-1.3000240717012335,11,0,2
2256673,70521,24.189149588959847,1.2798002443694618,-0.3884574364178339,5,0,3
2258561,70580,23.848374135770907,1.2617232290639289,-0.6827270678623555,7,0,2
2260673,70646,24.273520948808383,1.2841623140672684,-0.31773346049546913,6,0,2
2262017,70688,23.383988705092356,1.237069724038682,-1.0842027929853633,10,1,2
2263169,70724,23.792352542516053,1.2586444659881875,-0.7331853356920787,7,0,2
2264321,70760,24.39643540735979,1.2905717790693794,-0.21364395670547479,8,0,2
2265377,70793,24.204334118111635,1.2803828885988173,-0.3795410509166016,5,0,70793
2267297,70853,24.130200146977735,1.276412868101394,-0.44428636167394747,5,0,70853
2268449,70889,23.41943103159776,1.2387872115660048,-1.0568352182360157,5,0,7
2269537,70923,22.427779517538116,1.186307644679678,-1.9112332971181882,5,0,3
2271041,70970,22.159363616207855,1.1720751440591572,-2.143118559904565,6,0,2
2273153,71036,23.716230130001765,1.2543702877133827,-0.8035529738379527,7,0,2
2274497,71078,22.80616643106174,1.2062043835493104,-1.5878888249258862,6,0,2
2275393,71106,25.581217894293033,1.3529513321104296,0.8013981846522116,6,0,2
2277377,71168,23.497905538665176,1.2427196674402836,-0.9936070581058272,14,0,2
2277857,71183,24.562769232733537,1.2990242249950463,-0.07679210136773669,5,0,7
2279489,71234,23.441225341811595,1.2396706321279332,-1.0434454280909915,6,0,2
2281313,71291,22.482516907276295,1.1889275427542745,-1.8700121970043804,5,0,11
2283361,71355,23.104512503785138,1.2217710561122563,-1.3353275119471837,5,0,3
2285057,71408,21.819570265670812,1.1537847361388087,-2.4428829068334865,9,0,2
2287393,71481,24.24677011214269,1.2820726614735207,-0.3534312578049026,5,0,3
2288801,71525,24.41931735023385,1.2911607305508774,-0.20546919417905893,5,0,5
2289601,71550,23.893281738924255,1.263327079141668,-0.6589575780405551,6,0,2
2290369,71574,22.337296763221666,1.1810386228070664,-1.99962842475206,6,0,2
2292449,71639,22.10694822437915,1.1688119624283053,-2.1990969632177224,5,0,71
2294177,71693,24.34798613058301,1.287254041728821,-0.26943256350259503,5,0,71693
2295361,71730,23.72078397940109,1.2540655450553644,-0.8103002749645585,6,0,2
2297249,71789,23.0496875278266,1.2185413524158002,-1.3893492949744914,5,0,71789
2297857,71808,23.383614010061745,1.236180032066582,-1.101966795307748,12,0,2
2299169,71849,21.78534502520184,1.15165778704635,-2.4795503669805306,5,0,71849
2300609,71894,23.202741593225653,1.2265525261505683,-1.2591255504981276,6,0,2
2301857,71933,23.654643152795018,1.2504108065564092,-0.8703869731455748,5,0,71933
2303297,71978,22.898489646550725,1.2104058465086127,-1.5225699366344556,6,0,2
2305153,72036,25.385459199500943,1.3418178360633886,0.6193449297287112,7,0,2
2306977,72093,23.09715531545067,1.2208201140299795,-1.353189916930425,5,0,3
2308321,72135,25.13692205299558,1.3285991606279925,0.4037632536184964,5,0,3
2309441,72170,23.588231294998504,1.246716871504719,-0.9312318600532906,6,0,2
2310689,72209,22.449505008242802,1.186502731253388,-1.9130760795395172,5,0,163
2312641,72270,22.63511479245386,1.1962674459418712,-1.7540950593176377,6,0,2
2314177,72318,22.756740987361916,1.2026597140492246,-1.6500373070195156,6,0,2
2314241,72320,23.9155586109385,1.263899929729844,-0.6514426999364215,12,0,2
2315329,72354,22.44979657843716,1.1864117758586283,-1.9151195959392588,6,0,2
2317121,72410,23.828880044772283,1.259249119022527,-0.7274996259450607,6,0,2
2319553,72486,23.056807653010075,1.2183914578252395,-1.3940547302417696,6,0,2
2320481,72515,23.471097733537658,1.2402616341256938,-1.0374433089167021,5,0,5
2321153,72536,23.343299362061607,1.2334925456452754,-1.1479095539183466,8,0,2
2323297,72603,23.09776245768159,1.220467693425239,-1.3605652576209906,5,0,3
2324353,72636,22.84293601366113,1.2069783622797554,-1.580714721968417,7,0,2
2326081,72690,24.053610916809014,1.2709059889699705,-0.5380157997880203,6,0,2
2328289,72759,25.687248541794283,1.357163990581521,0.8691203764318994,5,0,3
2331041,72845,24.14665918316923,1.275700954280992,-0.46011921106091924,5,0,5
2332321,72885,23.413078814759846,1.236914578933278,-1.0930928190886178,5,0,3
2334401,72950,23.796532136384002,1.2571224027570649,-0.7635153242965347,6,0,2
2335969,72999,23.253024310379185,1.2283731599813053,-1.2328098511513736,5,0,3
2337761,73055,23.050923251690147,1.2176552010527484,-1.4079022879889145,5,0,5
2339137,73098,24.290036238711146,1.2830771089925583,-0.3402607033676774,6,0,2
2340001,73125,25.74353220793953,1.3598329776713642,0.9124933277518368,5,0,3
2341601,73175,23.877333949303278,1.2612175794641356,-0.6972226195406873,5,0,5
2343361,73230,22.615871117704728,1.1945461605432837,-1.7856971177750105,6,0,2
2344673,73271,24.624200477195124,1.3005914782359662,-0.054679715427519565,5,0,11
2345953,73311,25.512965195815234,1.3475010832857353,0.711081516889856,5,0,3
2347777,73368,23.8855410041219,1.261502757231008,-0.6930240353619432,8,0,2
2348897,73403,22.88903566541369,1.2088471015599023,-1.5528332003355387,5,0,11
2350657,73458,22.864746039457735,1.2075239216748566,-1.574624173938944,6,0,2
2352353,73511,23.625196360472405,1.2476443679011717,-0.9196607967706074,5,0,19
2353217,73538,24.369750857929652,1.286943131813635,-0.2779853783223748,6,0,2
2355233,73601,23.426731080626766,1.2370958945376702,-1.0921654469722493,5,0,11
2357249,73664,24.963164774399125,1.3181800618153001,0.23195229276157645,11,0,2
2358497,73703,22.095799344583103,1.1667412627618599,-2.241562843846365,5,0,7
2360321,73760,23.45163471706302,1.2382917611763848,-1.0730803524868944,10,0,2
2362049,73814,22.690641040546097,1.1980707083972313,-1.7302515228411126,6,0,2
2363233,73851,22.599665725108416,1.1932405194594622,-1.8092890245775275,5,0,3
2363393,73856,22.919374290383487,1.210117168630732,-1.5336096911602393,12,0,2
2364289,73884,23.75678099536594,1.2543100941443015,-0.8117418644544575,7,0,2
2365537,73923,22.489588907562375,1.1873769620149535,-1.9053468154065911,5,0,3
2367073,73971,23.928983450502088,1.263335726860406,-0.664494808139895,5,0,3
2368097,74003,23.463101416747378,1.2387154936471803,-1.066834988669122,5,0,43
2369537,74048,23.32123174314252,1.2311922220946998,-1.1898880212054224,11,0,2
2370689,74084,23.84604590412974,1.2588713255505144,-0.7377054712343155,7,0,2
2371969,74124,22.669208145306612,1.1967153530961725,-1.7535019372300251,7,0,2
2373281,74165,23.475785064599634,1.2392642724462346,-1.058316308952903,5,0,5
2375041,74220,23.912997947037262,1.2623026008150868,-0.6819528205837971,7,0,2
2376641,74270,22.91248791778918,1.2094520644417,-1.5458551572359376,6,0,2
2378273,74321,24.28636401191467,1.2819338667396423,-0.3613155077521646,5,0,13
2380481,74390,23.3006059874759,1.2298506414768822,-1.2128139638484248,6,0,2
2381569,74424,23.850238928637946,1.2588356814177075,-0.7390987073469547,8,0,2
2383169,74474,23.52991682261726,1.2418916352616434,-1.0162159898777843,6,0,2
2384033,74501,23.243942255806125,1.2267782894426975,-1.2633669978199566,5,0,7
2385601,74550,22.468655420787904,1.185825135183758,-1.9330674717805958,6,0,2
2387137,74598,23.57395805737276,1.2441238526664289,-0.9800533150094238,6,0,2
2387969,74624,23.954411241094036,1.2641827702863166,-0.6521454418952467,12,0,2
2388161,74630,24.42726068753287,1.2891325583924729,-0.24421036399456336,6,0,2
2389249,74664,24.065943990500955,1.270038530492672,-0.5564862175151651,8,0,2
2390849,74714,22.861124201408032,1.2064202643040423,-1.596904222185287,6,0,2
2392961,74780,23.124434327944606,1.2202675773316,-1.3706722496751302,7,0,2
2394881,74840,24.80098211685616,1.3086916008342158,0.07529596955849116,8,0,2
2396257,74883,23.070886556437152,1.2173672285867998,-1.4184279946411553,5,0,3
2397601,74925,23.62666215578128,1.2466623562860895,-0.9393982560221786,5,0,3
2398849,74964,24.2191108310762,1.2778933260716467,-0.4286510999657962,7,0,2
2400161,75005,23.690632933969653,1.2499783580192583,-0.8853628803142659,5,0,5
2401537,75048,23.552405358856902,1.2426533951132235,-1.0052983690994564,8,0,2
2402849,75089,23.617408902248176,1.2460527492495137,-0.9497959973997547,5,0,7
2404033,75126,23.86372117058718,1.2590205430925494,-0.7377369755553004,6,0,2
2405729,75179,24.49008074499875,1.2920259235050024,-0.1978554648684793,5,0,13
2407201,75225,22.824039421451594,1.204097596019595,-1.6366204074347064,5,0,3
2409313,75291,22.977031169379423,1.2121214433694671,-1.5055473226278964,5,0,3
2410433,75326,23.348290565492245,1.2316812300367355,-1.1855855467087253,6,0,2
2411777,75368,24.01582982002787,1.2668641674739296,-0.6099471286600736,8,0,2
2413921,75435,22.19330839833583,1.1706776371811298,-2.1842800115811585,5,0,3
2415137,75473,23.038633430286552,1.2152405480199542,-1.4550851486783702,5,0,71
2417153,75536,23.369257490011204,1.2326345022619971,-1.1705825998443367,9,0,2
2419489,75609,23.924999147537847,1.2618933844202993,-0.6918442404189252,5,0,3
2420801,75650,23.497210951037395,1.2393003411240524,-1.0617858975094256,6,0,2
2422561,75705,23.586215585458334,1.2439544253525454,-0.9857426095652978,5,0,3
2423521,75735,23.502402820630554,1.2395122222922692,-1.0585470267500185,5,0,3
2424833,75776,23.107698710026153,1.2186662505430537,-1.3999551979417937,16,0,2
2425249,75789,23.39659399451157,1.2338927460690328,-1.1506981568759616,5,0,3
2426209,75819,22.266484268651492,1.1742721855179972,-2.126958641779032,5,0,3
2428577,75893,23.546151947572465,1.2417043825605274,-1.0230775870092181,5,0,29
2430721,75960,23.780519987494714,1.2540145248030927,-0.8216671288408601,8,0,2
2431937,75998,23.230752674135204,1.2249964705985483,-1.2969729193282822,6,0,2
2433089,76034,24.470030641012265,1.2903184855471714,-0.22729061788894647,6,0,2
2434433,76076,23.50078380151633,1.2391791107610437,-1.0649213596997409,7,0,2
2436257,76133,24.06730845298864,1.2690092595270122,-0.5764869424537564,5,0,19
2437121,76160,22.174030358438564,1.1691629780870638,-2.2119767420928107,12,0,2
2438017,76188,22.244601945422016,1.1728648066837852,-2.151452473018108,7,0,2
2439649,76239,22.771486166580452,1.2006094720834468,-1.6971679983952916,5,0,3
2441377,76293,23.826190216360658,1.256178390185918,-0.7870235494954362,5,0,3
2442977,76343,23.366241422809313,1.231892805749379,-1.1850102542508416,5,0,76343
2444801,76400,23.232123786169673,1.2247813309025677,-1.3016849876899217,9,0,2
2445857,76433,25.677543305824386,1.35367614366739,0.8101026651351083,5,0,7
2447009,76469,22.74366795896713,1.1989821502683438,-1.7246138679746965,5,0,47
2448961,76530,22.46150295021662,1.1840652232870073,-1.9692567409400425,6,0,2
2451233,76601,24.185959629308837,1.2749179374254793,-0.48065505708002837,5,0,7
2452481,76640,25.625669380643345,1.350778995495803,0.7625067676484999,10,0,2
2453441,76670,23.1991911083829,1.2228533188852981,-1.3340780840652602,6,0,2
2455681,76740,22.096100066615076,1.164661002523778,-2.2880718326389413,7,0,2
2457121,76785,23.749096100736523,1.2517559771601028,-0.8606746969235283,5,0,3
2459201,76850,23.816369618332995,1.2552545866363711,-0.8034829937217515,6,0,2
2460193,76881,23.166168532289788,1.2209635024959544,-1.3656843960621252,5,0,3
2461409,76919,22.688613626641995,1.19576790387967,-1.7788432004993773,5,0,76919
2464513,77016,24.071120354693416,1.2685597097402337,-0.5857346319832486,8,0,2
2465633,77051,23.828836973074843,1.2557659043729232,-0.7955755422498487,5,0,13
2467489,77109,23.618760180358983,1.2446533632271892,-0.9779246982759032,5,0,3
2469473,77171,24.709865668924422,1.3021055678827766,-0.035973038632894985,5,0,77171
2469889,77184,24.83124853839128,1.308492139988793,0.06873695067633381,12,0,2
2471009,77219,23.671472057552833,1.2473521505191663,-0.9339484096349986,5,0,37
2472097,77253,23.728968763249245,1.2503574471474144,-0.8847477336472228,5,0,3
2473057,77283,22.891968538177107,1.2062323454860375,-1.6084820304481122,5,0,3
2473697,77303,24.82023165734331,1.307822088696488,0.0575829422919007,5,0,23
2476129,77379,24.77069634762948,1.3051550131863852,0.013731623047453631,5,0,3
2478017,77438,25.280967361538753,1.331995830778477,0.45391756222439017,6,0,2
2479489,77484,22.68449627943499,1.1951622377243833,-1.7907284004261474,7,0,2
2481697,77553,23.45286471191325,1.2355958837870429,-1.1276466363003943,5,0,3
2482177,77568,23.318868560759284,1.2285258495870282,-1.2436741182127145,13,0,2
2483233,77601,25.886164764733028,1.3637549259680106,0.9748028079255794,5,0,3
2483777,77618,22.830416189849984,1.2027579198642468,-1.666573036797571,6,1,2
2484353,77636,23.45338147185617,1.2355644163031292,-1.128387656569575,7,0,2
2486273,77696,23.60779121740807,1.2436563237415241,-0.9957800309768622,12,0,2
2486689,77709,25.147399008399475,1.3247528827923016,0.33481782837809765,5,0,3
2488193,77756,23.00037101402907,1.2116159528280874,-1.521678748555601,7,0,2
2489441,77795,23.385465304535135,1.2318745641216329,-1.1893664349014734,5,0,5
2491009,77844,23.588546817153176,1.2425375397747034,-1.0145179265879742,7,0,2
2493089,77909,24.91850420340869,1.312545020980535,0.1342511569018468,5,0,13
2494433,77951,23.850313408274225,1.2562496097934097,-0.7897453047338675,5,0,77951
2496257,78008,22.5842971731956,1.189527093112895,-1.8850220837953906,8,0,2
2498273,78071,25.98847370359121,1.3687778576802232,1.0570780857298814,5,0,7
2499137,78098,24.393508911741527,1.2847534963783005,-0.32219343932169636,6,0,2
2500961,78155,23.210188017413188,1.222390956017181,-1.3460445414602995,5,0,5
2502337,78198,23.429388456015925,1.2339052767198317,-1.1571414136053741,6,0,2
2504417,78263,23.863987775605416,1.2567470474384195,-0.782301008285864,5,0,61
2506657,78333,23.81568919125167,1.2541537504445708,-0.8250422453493974,5,0,3
2508161,78380,24.10845728180253,1.269537370895256,-0.5725512146908082,7,0,2
2509313,78416,22.921718846759155,1.2070198223573092,-1.599213698662172,9,0,2
2511809,78494,22.85766792077573,1.203593918196334,-1.6557237185960487,6,0,2
2512897,78528,23.570643446991156,1.2411125312789568,-1.0396730068722333,11,0,2
2513473,78546,25.024341200602784,1.3176436084759393,0.21716132593981352,6,0,2
2514977,78593,22.631672441962678,1.1916272648541892,-1.8525858367829,5,0,78593
2516993,78656,23.91404140419659,1.2591031896146474,-0.7445038163755109,11,0,2
2518337,78698,24.60931096450201,1.2956792942395918,-0.14380366828499558,6,0,2
2519873,78746,24.001523399568626,1.2636451290848973,-0.6700968586047236,6,0,2
2521153,78786,25.301162220657957,1.332039213298112,0.45335749325094554,6,0,2
2522593,78831,23.710196772616648,1.248247485319672,-0.9232373576272221,5,0,3
2523457,78858,23.936337411247923,1.2601337535860406,-0.7280266680235283,6,0,2
2525057,78908,23.800131355349748,1.252927939435758,-0.8465268583417134,7,0,2
2526401,78950,24.409612502916637,1.2849829875852892,-0.31994839594187935,6,0,2
2527457,78983,24.63396486516918,1.296769428185444,-0.12634412952751012,5,0,19
2528993,79031,24.425097686121244,1.2857397080186599,-0.3076579479793055,5,0,79031
2530049,79064,23.61239458944847,1.242935926551919,-1.0110866837974386,8,0,2
2532449,79139,22.867484567403462,1.2036739148001772,-1.6564994700710403,5,0,79139
2534689,79209,22.492080953312442,1.183867426241461,-1.982245519443269,5,0,3
2535937,79248,22.77971354487185,1.19898076489553,-1.7339862575461247,9,0,2
2538113,79316,22.811768009626377,1.200622266563544,-1.7072296916448662,7,0,2
2539777,79368,23.813018057108494,1.2532833599300466,-0.8417636562207723,8,0,2
2541089,79409,23.235510052807754,1.2228610222992826,-1.3419599489601017,5,0,11
2543201,79475,23.2587049752309,1.2240366811519805,-1.322821973590968,5,0,5
2543617,79488,23.36920620266801,1.229843119314058,-1.2274011398148263,12,0,2
2544833,79526,23.039999629954544,1.2124923997073385,-1.512763184871933,6,0,2
2546017,79563,22.76088993437409,1.197779414043513,-1.7547773872059298,5,0,3
2547137,79598,23.572312041826873,1.2404558865572932,-1.053208335435012,6,0,2
2548769,79649,26.32475346659701,1.3852594795331223,1.3276481218968046,5,0,23
2550721,79710,25.12263759513245,1.3219569776115723,0.2867059112385461,6,0,2
2552833,79776,22.81758440999829,1.2006207091597312,-1.708756953192089,10,0,2
2554273,79821,23.443489624146714,1.2335239140323566,-1.1677798533513974,5,0,3
2555233,79851,25.673808611805022,1.3508539156058914,0.7618024909797756,5,0,3
2556577,79893,23.96173378393896,1.260741967875141,-0.7203113126204485,5,0,3
2557889,79934,24.82846913263568,1.3063153944840273,0.02918732214730525,6,0,2
2559617,79988,24.41736364784304,1.2846472262290316,-0.3273041490040683,7,0,2
2561761,80055,24.46407922050936,1.2870573024132141,-0.28777614832285126,5,0,3
2562689,80084,23.13417060706631,1.2170711754310284,-1.439138004944957,7,0,2
2563937,80123,23.449866210221465,1.2336530839742836,-1.1664597490612774,5,0,19
2566049,80189,23.34464752615547,1.2280729517074414,-1.2584418403217754,5,0,17
2567041,80220,23.11126777213667,1.2157749253100307,-1.4608663451786799,7,0,2
2568833,80276,23.876601311482744,1.255996710120091,-0.799224834077799,7,0,2
2571073,80346,23.66818287063407,1.244985093456,-0.9805812333431527,6,0,2
2571937,80373,24.402586755446357,1.283596845006218,-0.34526508504524617,5,0,3
2572289,80384,24.608037235402108,1.294395873269124,-0.1675772038483505,14,0,2
2572993,80406,24.02193407715564,1.2635512280010646,-0.6751992496400371,6,0,2
2574433,80451,23.242892438225795,1.2225434393495576,-1.3501617446397483,5,0,3
2575361,80480,22.97192582267993,1.208271700597973,-1.5851220837763638,10,0,2
2576993,80531,22.396447053278386,1.177969778526582,-2.0840024411059184,5,0,11
2577889,80559,23.012114320270676,1.210332962841122,-1.5514400849627565,5,0,3
2579009,80594,23.567132948811633,1.239500598627304,-1.071460573174313,6,0,2
2580673,80646,23.197820248902456,1.2200419690831947,-1.3918907911868204,6,0,2
2581921,80685,23.28422036758436,1.2245598052738105,-1.3176342841226696,5,0,3
2584033,80751,23.47643084024007,1.2346238319563818,-1.1521418324332162,5,0,3
2586593,80831,24.784714102317956,1.3033692461577975,-0.02054675196112355,5,0,80831
2588353,80886,22.77495920237082,1.1976449644858347,-1.7613403071958966,6,0,2
2589313,80916,25.0827955101537,1.318983301502098,0.23642155386746305,7,0,2
2591233,80976,24.184270949911742,1.2716925223446387,-0.5423484822444352,9,0,2
2592769,81024,23.546460967436346,1.2381218110923256,-1.0952545726463,12,0,2
2593793,81056,23.849537990159,1.2540363248274204,-0.8332616456992341,10,0,2
2596001,81125,23.134837678426685,1.2164107689722776,-1.4530678983244834,5,0,5
2597377,81168,23.033408636914952,1.2110493273429948,-1.5414944852077277,9,0,2
2598593,81206,22.594377912388467,1.187941400210862,-1.9222027075239752,6,0,2
2599777,81243,22.391935864845305,1.1772739143850057,-2.098032334092696,5,0,3
2601569,81299,24.704974066983986,1.2988441637770929,-0.0957436871651875,5,0,81299
2602273,81321,23.526019339506853,1.2368467662998894,-1.1170137057992837,5,0,3
2604289,81384,24.284116552780333,1.2766589201558938,-0.4613353504820033,8,0,2
2606753,81461,24.89478310406986,1.3087080124592816,0.06651974955749881,5,0,29
2608129,81504,22.65813635790046,1.1911006644700968,-1.8711696128064506,10,0,2
2609953,81561,23.403638148257393,1.2302524299607678,-1.2262792862272474,5,0,3
2611361,81605,23.6863862329961,1.2450858800651405,-0.9819831467902664,5,0,5
2611457,81608,25.070989749980733,1.3178660643843834,0.21722658515664348,8,1,2
2612353,81636,23.047789839630497,1.2114974220169212,-1.5355194876180036,7,0,2
2614369,81699,23.210352706272943,1.2200008655760988,-1.395581272858031,5,0,3
2615969,81749,22.409944232257857,1.1778973075235442,-2.0895769223102456,5,0,81749
2617409,81794,26.020470965574425,1.3676382606806188,1.037281827129329,6,0,2
2619329,81854,23.658545713065138,1.2434549581173124,-1.009462965912041,6,0,2
2620097,81878,23.37408504292255,1.2284882469728349,-1.256201470791615,6,0,2
2621921,81935,22.566317273549505,1.1859973499209018,-1.9567281555026723,5,0,5
2623169,81974,23.604559034885156,1.2405371856651373,-1.05785007848489,6,0,2
2625313,82041,22.84161381348628,1.2003972732370245,-1.7197118888036116,5,0,3
2627041,82095,24.958093932790867,1.3115866976632014,0.11314835345285276,5,0,3
2628833,82151,22.678416784941305,1.1917502057859457,-1.8626213815560417,5,0,113
2631137,82223,23.45115807846719,1.2323100418250794,-1.1941147760964759,5,0,82223
2632801,82275,22.73951052613286,1.1948810540225587,-1.8114083373118144,5,0,3
2634689,82334,22.30733122911642,1.1721344368495732,-2.186687009616066,6,0,2
2636609,82394,23.864417904862464,1.2539109064194236,-0.8383456971303604,6,0,2
2638529,82454,23.806388662959325,1.2508216495872646,-0.8894274536981338,6,0,2
2639521,82485,24.737396422425178,1.299716547223383,-0.08310576848707027,5,0,3
2641153,82536,23.81841235838875,1.2513984507954208,-0.8801017805614411,8,0,2
2641921,82560,22.6596863543622,1.1905047181074702,-1.8845165776168005,12,0,2
2642561,82580,22.685190391927918,1.1918319110748177,-1.8626922580379512,7,0,2
2645569,82674,22.252305173184922,1.1690303039983025,-2.239128299586998,6,0,2
2647681,82740,24.375335646044398,1.2805191066625135,-0.4001700662138638,7,0,2
2648801,82775,23.658075671840965,1.2428157970986096,-1.0222362058034697,5,0,5
2650433,82826,24.14823305539223,1.2685304480869934,-0.5981138927334672,6,0,2
2651713,82866,22.92444868238642,1.2042181797459726,-1.6592738483275267,6,0,2
2653537,82923,23.95640456919665,1.2583884801880476,-0.765646602612527,5,0,3
2654209,82944,23.50154939470448,1.2344819249556993,-1.1601550910681446,15,0,2
2654497,82953,23.790609052090296,1.249659573080771,-0.9097412396154114,5,0,3
2655841,82995,22.877970610050234,1.2016941676445445,-1.7013190365059565,5,0,3
2656961,83030,22.589545172013416,1.1865221753526753,-1.9517913809566678,6,0,2
2658881,83090,23.871287867144332,1.253806089057749,-0.8416267745999698,6,0,2
2660353,83136,25.069511712205497,1.316708958326625,0.1963879315092281,11,0,2
2662657,83208,23.715212164856347,1.2455304125867617,-0.9784764079083904,8,0,2
2664353,83261,22.785917096016284,1.1966899132050892,-1.7847439038740007,5,0,139
2665249,83289,23.541411070227415,1.2363492340832691,-1.1302127745743427,5,0,3
2667937,83373,22.493854308512024,1.1812810377694338,-2.03946294763036,5,0,3
2669281,83415,23.787308306860645,1.2491799496844826,-0.9187167531532249,5,0,3
2670721,83460,22.869388662045257,1.2009472273501356,-1.7150935069567608,7,0,2
2671649,83489,23.52447477076568,1.2353290295484673,-1.1475577965741726,5,0,7
2673761,83555,23.82551286211219,1.251093674451805,-0.8874405468577493,5,0,5
2674561,83580,23.104374186321746,1.2132101862954154,-1.5129921587985558,7,0,2
2676001,83625,22.507316825244533,1.1818306534195244,-2.0312546012648998,5,0,3
2677153,83661,24.918751897815692,1.308427207063606,0.05903452776843451,5,0,3
2678497,83703,23.656344127576617,1.242113534647227,-1.0360640414058493,5,0,3
2680481,83765,24.027125435760887,1.2615407868509612,-0.7153883590682149,5,0,5
2681729,83804,25.58937861791938,1.3435390823619606,0.6387172365482142,7,0,2
2683201,83850,23.79458442208278,1.2492753681263864,-0.9181351090396987,6,0,2
2684449,83889,22.529622586041846,1.182837440382532,-2.0155291117281204,5,0,3
2686273,83946,23.474807086469717,1.2324240618362694,-1.1966902098156336,6,0,2
2687777,83993,22.630356157281913,1.1880611816024886,-1.9295964929950273,5,0,7
2689601,84050,23.580575096343047,1.2379092782090388,-1.1063461858643233,6,1,2
2691041,84095,24.106038105403247,1.2654646389131272,-0.6512503101912805,5,0,5
2692513,84141,23.24421579825924,1.2201932061454106,-1.3992484938845389,5,0,3
2693441,84170,23.73248502017428,1.245805720713104,-0.9761847338842042,6,0,2
2694689,84209,22.494970756878388,1.1808199133138526,-2.049947140273835,5,0,107
2696641,84270,25.83213883775767,1.3559533154775658,0.8435135362977673,6,0,2
2698721,84335,22.04406866609833,1.1570746125181974,-2.442738946971362,5,0,5
2699777,84368,23.915575519424145,1.2552867841532918,-0.8199771979131374,9,0,2
2702657,84458,23.821134957400446,1.2502710054461008,-0.9030616296213271,6,0,2
2704769,84524,23.547456222311872,1.23586421171943,-1.1413096235277163,7,0,2
2705569,84549,23.11381162389157,1.2130890064826405,-1.517785142252393,5,0,3
2707073,84596,23.53838941916106,1.2353419923148536,-1.1501197610125617,7,0,2
2707457,84608,24.217519499316893,1.2709761593737197,-0.5611767350366996,12,0,2
2708737,84648,23.896301314637917,1.2540919667434245,-0.8403311607227754,8,0,2
2709793,84681,22.543730341621927,1.1830879245733672,-2.0140671499252325,5,0,3
2711873,84746,23.41123996595376,1.2285730195439397,-1.2623885138306272,6,0,2
2712769,84774,24.776473777643098,1.3001987155860508,-0.07841025224160592,6,0,2
2715457,84858,22.932784499989438,1.2033946457228792,-1.6789408625723141,6,0,2
2715649,84864,24.550295019563087,1.2882692700365015,-0.27576122895976823,12,0,2
2717089,84909,22.651941952230906,1.1886260088466938,-1.9232696190626197,5,0,3
2718497,84953,25.210378024894315,1.3228458368721416,0.295787945683135,5,0,11
2720321,85010,23.33631401009479,1.2244732579984074,-1.3308635667370772,6,0,2
2722273,85071,24.35017395144883,1.2776308519059383,-0.45200964467459004,5,0,3
2723969,85124,24.44207171181941,1.2824174603706175,-0.3729478947301201,7,0,2
2725153,85161,24.264959532055173,1.2731004370758343,-0.5270911721090455,5,0,3
2727521,85235,24.715937099745286,1.2967121014409808,-0.1367200781675364,5,0,5
2728577,85268,22.640729143299332,1.1878168675583842,-1.9378204608187912,7,0,2
2729729,85304,23.88854940167542,1.2532588628560484,-0.8555330753703888,8,0,2
2731681,85365,24.03838391457815,1.2610798951502318,-0.7262985588877425,5,0,3
2734561,85455,24.15656664425744,1.26722109123346,-0.6248921214073154,5,0,3
2736193,85506,24.00033223103569,1.25899217035162,-0.7611241357252032,6,0,2
2737409,85544,22.883465662849037,1.2003809049296847,-1.730860985004789,8,0,2
2739809,85619,24.278291804213517,1.2734991259220285,-0.5213389621512367,5,0,85619
2742209,85694,23.43909280654222,1.229432198810659,-1.250623690223787,6,0,2
2743297,85728,23.9493338638123,1.2561735345802376,-0.8082237548092915,10,0,2
2745377,85793,23.395051271496445,1.2270597586941319,-1.2901358863354235,5,0,85793
2746529,85829,22.49362507715496,1.1797585816099,-2.0729970720450797,5,0,85829
2748833,85901,24.196416598083538,1.2690207360594157,-0.5959710264609287,5,0,17
2751137,85973,23.28245767606908,1.2210416395151076,-1.3902079654225377,5,0,149
2752481,86015,24.182296608969217,1.2682061697623996,-0.6096698570396968,5,0,5
2752513,86016,22.73887216876375,1.1925072167864388,-1.8626158466819736,17,0,2
2754049,86064,23.649894854092697,1.2402540346306579,-1.0724400204392601,9,0,2
2756129,86129,24.25734048814663,1.27206760062002,-0.5459672135836037,5,0,43
2756609,86144,23.83737284872458,1.2500347002560181,-0.9107225244172205,12,0,2
2757121,86160,24.029755744906588,1.2601129855073194,-0.7439215193144448,9,0,2
2759137,86223,24.096628356511914,1.263579128582503,-0.6866677667345711,5,0,3
2760577,86268,23.685305930059478,1.2419816908706767,-1.0443199750043999,7,0,2
2762273,86321,23.899116334982693,1.2531593648002586,-0.8593785554535702,5,0,37
2763457,86358,24.560767483306222,1.2878290193395288,-0.285422798813123,6,0,2
2765473,86421,22.926150851912652,1.2020803209381008,-1.7053764047823776,5,0,3
2767361,86480,23.112532733986775,1.2118164508937794,-1.5443291035969926,9,0,2
2768897,86528,23.100779552923814,1.2111706582671384,-1.5551589366968441,14,1,2
2770753,86586,23.305008749916915,1.2218423575902941,-1.3785889743800173,6,0,2
2772097,86628,23.16772230721974,1.2146187556406804,-1.4983356174398181,7,0,2
2773633,86676,22.637926401066963,1.1868141293035503,-1.9589823305898657,7,0,2
2775137,86723,24.0870331226494,1.2627547802416637,-0.7013098119700276,5,0,7
2776289,86759,24.015891381043375,1.259002220940256,-0.7635380116566293,5,0,101
2777633,86801,22.915781759045437,1.2013048232982928,-1.7193537097009721,5,0,11
2778689,86834,23.243977381410293,1.2184893257217153,-1.4347898430047588,6,0,2
2780641,86895,23.910333563032943,1.253382164755804,-0.8569180117336677,5,0,3
2782081,86940,23.702589205714133,1.2424639026807198,-1.037894483565564,7,0,2
2784961,87030,24.043181124838295,1.2602600349854431,-0.7432514630452857,6,0,2
2786561,87080,23.775733557567357,1.2462098982333638,-0.9761499243229701,8,0,2
2787649,87114,22.81789036358935,1.1959838303192436,-1.8084528443722183,6,0,2
2789441,87170,24.305432910218983,1.2739163523584351,-0.5172414065339755,6,0,2
2791297,87228,23.382238161679766,1.2254932819752644,-1.3197865907319966,7,0,2
2792737,87273,23.38814754598905,1.225775214816975,-1.3152302920956889,5,0,3
2793793,87306,23.812107523447878,1.2479742657866906,-0.9474162625797603,6,0,2
2795521,87360,24.302029850135497,1.2736161100765422,-0.522557821348149,11,0,2
2797057,87408,23.491094335581316,1.2310870404943202,-1.2275369394598898,9,0,2
2798113,87441,24.687214891449255,1.293750124145357,-0.1889834955825221,5,0,3
2800001,87500,24.12575851866353,1.2642891527709117,-0.6774112292184205,7,0,2
2801473,87546,22.59384654620082,1.183983311623601,-2.0086994212224005,6,0,2
2802593,87581,23.08343967496287,1.2096181731781186,-1.5838590740279752,5,0,13
2804129,87629,24.380763614463937,1.277569774787761,-0.4574960386146537,5,0,87629
2806369,87699,23.402028954351934,1.2262403486764508,-1.3086115843142774,5,0,3
2808161,87755,23.52571654644175,1.2326868739499437,-1.2018711242019569,5,0,5
2809889,87809,24.429295794894927,1.2799975077693393,-0.41755231369127105,5,0,277
2811169,87849,23.89653256796444,1.2520577958509804,-0.8809019634393378,5,0,3
2812193,87881,24.772557131934036,1.297936302543046,-0.12021199881233137,5,0,87881
2813249,87914,22.434853330011276,1.1754349888753652,-2.151641819813655,6,0,2
2814913,87966,22.279448345369012,1.1672625014065494,-2.287344146359545,6,0,2
2816353,88011,24.06424610508139,1.2607431192756786,-0.7372086168507292,5,0,3
2819137,88098,25.059583712317114,1.3128326072253549,0.1265490048343627,6,0,2
2820193,88131,23.956687470337517,1.2550329488426357,-0.8321561138913508,5,0,3
2821057,88158,24.76050502993059,1.2971255606765895,-0.13404438960834272,6,0,2
2823329,88229,24.453141723708008,1.2809784750952793,-0.40198534102205785,5,0,83
2824609,88269,22.707770072354215,1.1895234620502921,-1.919130213122206,5,0,3
2827393,88356,21.859163498814752,1.1450205447118826,-2.657689357779207,7,0,2
2828897,88403,24.531682526363674,1.2849816838285835,-0.3358588742341783,5,0,7
2829889,88434,22.838423249489672,1.1962695119601348,-1.8077221925024414,6,0,2
2831393,88481,23.527138524719874,1.2323154614570446,-1.2098021121597633,5,0,23
2833409,88544,23.21824798434027,1.2160982535954692,-1.4790417411417305,10,0,2
2834753,88586,23.959918955810917,1.2549185074156808,-0.8349977568947328,6,0,2
2836129,88629,23.661890605178368,1.23928265538732,-1.094548120933224,5,0,3
2837281,88665,23.429127648437202,1.227069911887612,-1.297296888957984,5,0,3
2838721,88710,24.058768300845806,1.2600184586416656,-0.7506188468322992,6,0,2
2840161,88755,24.636814880612974,1.2902635015192307,-0.24876086533524736,5,0,3
2841793,88806,24.551654825143977,1.2857711406628523,-0.32339635223574514,6,0,2
2843969,88874,24.699173074714878,1.2934532333005644,-0.1959964977718972,6,0,2
2846593,88956,23.21877417231149,1.2158780864539374,-1.4838019484914928,7,0,2
2848577,89018,23.37171783727795,1.22384974742735,-1.3516369142769424,6,0,2
2849633,89051,24.6153690015345,1.2889520352137,-0.27097578518884835,5,0,89051
2851841,89120,22.99838961013954,1.2042400765377552,-1.6774533981540798,10,0,2
2853601,89175,24.051216247571464,1.2593340285213168,-0.7629025485396466,5,0,3
2855009,89219,24.391338525861194,1.2771153708547522,-0.4677592331251433,5,0,13
2856353,89261,22.627666009826452,1.1847461128823775,-2.0015353913150045,5,0,89261
2858209,89319,22.83212658842215,1.1954172622770454,-1.8245247088342085,5,0,3
2860289,89384,24.199868421845395,1.2669874341479626,-0.6362244162198776,8,0,2
2861377,89418,23.482032865215515,1.2293845500447291,-1.260741646646275,6,0,2
2862401,89450,24.054383393781503,1.2593297798421788,-0.7635181497942122,6,0,2
2863649,89489,25.06010934582501,1.3119579164099069,0.11043535312300234,5,0,109
2865601,89550,23.69649777987736,1.240532452527478,-1.0759138571660785,6,0,2
2867009,89594,23.811907858463123,1.2465474209187133,-0.9761093000646006,6,0,2
2868577,89643,23.87403958577844,1.2497700391954099,-0.9226879658973325,5,0,3
2870017,89688,23.44203570160823,1.2271282837855384,-1.2988815317020703,8,0,2
2871137,89723,22.43081480349148,1.1741734708854081,-2.1786200242927607,5,0,23
2872481,89765,23.18619643396464,1.2136901133777338,-1.5223077840944848,5,0,5
2873729,89804,22.596715025611253,1.1828109645822222,-2.0353969174442734,7,0,2
2875393,89856,23.733427861344023,1.2422799644579012,-1.047576272791978,13,0,2
2875489,89859,23.854083037058313,1.2485935968000905,-0.9426914182843872,5,0,3
2876737,89898,22.83330754725662,1.195140440896984,-1.8308519869069344,6,0,2
2879521,89985,25.277981340476835,1.3230434008949237,0.29405909594575563,5,0,3
2881889,90059,23.061557493780068,1.2069928279679383,-1.634384283819435,5,0,90059
2883457,90108,23.579900812823155,1.2340923937096384,-1.1841959674755616,7,0,2
2884897,90153,24.448927506810683,1.2795463189469867,-0.4289430677217329,5,0,3
2886529,90204,23.754080251214273,1.2431503449428585,-1.0338890810711536,7,0,2
2888321,90260,23.779758204787544,1.2444603347171346,-1.0122413967810946,7,0,2
2890753,90336,24.95526777602073,1.3059298297011173,0.009276125992859768,10,0,2
2892289,90384,23.471035709305532,1.2282301490591259,-1.282287410441122,9,0,2
2894209,90444,24.183205357182807,1.2654609154636443,-0.6635587438831285,7,0,2
2895329,90479,24.543324719733597,1.284283503786067,-0.3507316034708292,5,0,173
2899009,90594,22.646022677932457,1.184937059632292,-2.0025493983800575,6,0,2
2900641,90645,23.733961096442815,1.2418320501457163,-1.0567819975766186,5,0,3
2902049,90689,23.746475597217092,1.242460435271025,-1.0464320890885517,5,0,23
2903969,90749,23.395930334428055,1.2240837848399413,-1.3521218162455604,5,0,90749
2904673,90771,23.81977454344795,1.2462462406865558,-0.983664108984835,5,0,3
2906593,90831,23.61779205130827,1.2356427935297107,-1.1601151824282923,5,0,3
2909377,90918,23.009927668629345,1.203789889287958,-1.6900331979220942,6,0,2
2911169,90974,24.256947248458083,1.2689948842683882,-0.6057694190840006,6,0,2
2912257,91008,25.91477571218389,1.3557014982914188,0.8362289706362419,12,0,2
2912641,91020,25.821202532227204,1.350798527102695,0.7546790091587894,7,0,2
2915137,91098,23.53189269966515,1.230990453533835,-1.2381151373025057,6,0,2
2916737,91148,24.459247313506253,1.279471098759302,-0.4318239221393484,7,0,2
2918593,91206,23.488589760083876,1.2286614710492232,-1.2771140547352966,6,0,2
2920321,91260,23.74726199161806,1.2421601346159765,-1.0526889755466027,7,0,2
2921761,91305,22.65314602630974,1.1849040820376473,-2.0053051540285893,5,0,3
2923457,91358,23.947716434837595,1.252586555766989,-0.879441670301148,6,0,2
2924641,91395,23.14345685745242,1.2104982613684458,-1.5797606031359477,5,0,3
2926337,91448,24.614975648929505,1.2874320950707516,-0.29985473581401983,8,0,2
2928769,91524,22.837962709668062,1.1944459168170196,-1.847210510792273,7,0,2
2930401,91575,23.09688804763597,1.2079584931077434,-1.6225074127933448,5,0,3
2931457,91608,24.124626648114518,1.2616889383737921,-0.7284809920497912,8,0,2
2933633,91676,23.993286089741687,1.2547792399135524,-0.843599946618425,7,0,2
2936737,91773,23.025700130026497,1.2041215805523353,-1.6869058915817663,5,0,3
2936833,91776,24.759974361673848,1.2948130415524601,-0.17750267186691482,12,0,2
2937601,91800,23.237381911436035,1.215175770513081,-1.502997902298054,8,0,2
2939137,91848,22.35884216977228,1.1692066666251824,-2.268254958180427,8,0,2
2940577,91893,24.320887726717583,1.2717802854056568,-0.5610485714919331,5,0,3
2942561,91955,25.030557853179346,1.3088515128584064,0.055936201738982345,5,0,5
2943713,91991,24.476159181975383,1.2798400100445095,-0.4270509261276919,5,0,67
2944673,92021,25.57697060797615,1.3373815374156777,0.5308027542630991,5,0,17
2946337,92073,23.11561168046274,1.2086508915136116,-1.612335145778901,5,0,3
2948513,92141,24.61446999409865,1.2869804525362731,-0.3084111107333166,5,0,7
2949889,92184,25.145765248369422,1.314732672532164,0.15358912832602734,8,0,2
2951297,92228,22.883930178276508,1.1964488832053717,-1.815921032882685,7,0,2
2953537,92298,24.061415181426508,1.2579700191787968,-0.791710233114147,6,0,2
2954977,92343,24.68810077658111,1.2907066498355437,-0.24666439628735,5,0,3
2956897,92403,23.289603812665135,1.2175579216974517,-1.4648965881621703,5,0,3
2958913,92466,23.373363337578695,1.2219003709570408,-1.392738591686295,6,0,2
2960033,92501,24.116689649746547,1.2607387292945709,-0.7459921399045151,5,0,233
2960801,92525,24.649995992109133,1.288603558800472,-0.2819524823371535,5,0,5
2963137,92598,24.408057180173113,1.275911964099062,-0.4934505398074101,6,0,2
2964161,92630,24.199678663772602,1.265000031514853,-0.6752579624318051,6,0,2
2965793,92681,24.520514993408852,1.2817404002408366,-0.3965025021557271,5,0,92681
2967329,92729,24.133215637977152,1.26146687032518,-0.7342939698167473,5,0,7
2968673,92771,23.182326478440068,1.2117389732760921,-1.5627712496543888,5,0,7
2970689,92834,24.501822396213935,1.2806709502071978,-0.41455900525270617,6,0,2
2972033,92876,24.672905391799954,1.2895876869494618,-0.2660706285773679,7,0,2
2973889,92934,25.28724464868204,1.3216615146504667,0.2682310487511345,6,0,2
2975393,92981,24.054645543181834,1.2572107858092103,-0.8056806815712771,5,0,7
2977153,93036,24.04958639983591,1.2569138861473397,-0.810734355761673,7,0,2
2977729,93054,24.87375985820902,1.2999770275758424,-0.09321096507368416,6,0,2
2978977,93093,23.90932734811988,1.249550020172878,-0.9335529427411149,5,0,3
2980513,93141,23.726087589909902,1.2399456061230898,-1.0937018243600227,5,0,3
2981569,93174,23.481729618345234,1.2271562536347895,-1.3069057648479347,6,0,2
2983073,93221,24.339631697457577,1.2719622251971237,-0.5603054165985818,5,0,73
2984417,93263,24.32960683858835,1.271413312948535,-0.569525402112476,5,0,93263
2986241,93320,22.73917092221334,1.1882688050116073,-1.9553905020595002,8,0,2
2987489,93359,22.822829356012544,1.1926187275320828,-1.8830039219889307,5,0,7
2989409,93419,24.902060325473308,1.301233490113506,-0.07273610982269567,5,0,93419
2990497,93453,23.24844474179834,1.2148060677053,-1.5134366923591251,5,0,3
2992321,93510,22.429075017657198,1.1719601445150036,-2.227818281662623,6,0,2
2994881,93590,24.210396807755572,1.2649902072452905,-0.6771656835798615,6,0,2
2997473,93671,23.081279936102128,1.2059484218721257,-1.6616734839403045,5,0,47
2999041,93720,22.656822012749625,1.1837443476194556,-2.032014714586951,8,0,2
3000929,93779,24.4267965449532,1.2761846114262303,-0.4908524429615705,5,0,7
3001697,93803,22.881021157890643,1.1954117978715806,-1.8377199320693633,5,0,19
3002369,93824,22.984214618640866,1.2007913691760665,-1.7480776733589507,12,0,2
3002977,93843,24.367441419901507,1.273045657279657,-0.5432987419558565,5,0,3
3004993,93906,23.28317812213926,1.2163640666627658,-1.488617169693234,6,0,2
3007009,93969,23.670776804445442,1.2365768540016022,-1.1516926020652583,5,0,3
3008417,94013,23.613388249111264,1.2335536234671431,-1.2022103694544235,5,0,41
3009473,94046,24.405538229706412,1.2749156738904615,-0.5124516849479662,6,0,2
3012001,94125,23.58481026625934,1.2319966759092074,-1.2284332867933854,5,0,3
3013697,94178,23.68084929031415,1.236983053424204,-1.1453824215613266,6,1,2
3015809,94244,23.299473566875108,1.2170244478234975,-1.4784564630817003,7,0,2
3017569,94299,23.502871598719693,1.2276174728496678,-1.3018847020256636,5,0,3
3019201,94350,23.190984217413455,1.2112981768940232,-1.5742514737297562,6,0,2
3020833,94401,25.862009096799078,1.350777753306745,0.7525910905985743,5,0,3
3021761,94430,22.675288372064305,1.1843188339607427,-2.02457457383387,6,0,2
3022849,94464,24.70568937797116,1.2903453765072992,-0.25570735484494556,13,0,2
3024449,94514,23.415593090756854,1.2229371151688966,-1.3804820361754895,6,0,2
3026081,94565,24.742594100017993,1.2922125934710718,-0.22469397618697898,5,0,5
3027457,94608,25.40820647680278,1.3269486973851674,0.35486595301263585,9,0,2
3028769,94649,23.2647896935896,1.2149853519221059,-1.5134993823201435,5,0,94649
3030113,94691,22.543445035552654,1.1772909023669265,-2.142635987109266,5,0,23
3031489,94734,24.343242388443276,1.2712568998485374,-0.5746411786160334,6,0,2
3032417,94763,23.124562453052143,1.2075986634192362,-1.637062322446423,5,0,193
3033473,94796,23.269708454289812,1.2151599404069662,-1.5109580382407253,7,0,2
3035009,94844,22.83449364214107,1.1924063911045812,-1.8908336401505201,7,0,2
3036833,94901,23.712396981811462,1.2382176284782747,-1.126373518027223,5,0,43
3038017,94938,23.79174735708435,1.242340031302898,-1.0576460157925005,6,0,2
3039329,94979,22.72720299972397,1.1867300805168668,-1.9859688247513925,5,0,17
3041473,95046,24.810158352577048,1.2954544170556683,-0.17124167943751198,6,0,2
3043009,95094,22.358301483161963,1.1674057902953723,-2.3088998362006907,6,0,2
3044609,95144,23.566342644242738,1.230453667753672,-1.2565174844926275,8,0,2
3045793,95181,23.242095356584485,1.2135033815417693,-1.5395857616367727,5,0,3
3046721,95210,25.11403501625749,1.311222633640304,0.09179660417868264,6,0,2
3048737,95273,22.53894068589596,1.1767410751291882,-2.1536132297103445,5,0,95273
3049889,95309,23.263165620104175,1.2145323010248925,-1.5227314137162165,5,0,191
3052033,95376,23.042565521263455,1.2029782590236313,-1.7158276374458896,9,0,2
3052993,95406,23.859376938395673,1.2456042738642554,-1.0041286385654697,6,0,2
3054721,95460,23.25386896342311,1.2139631287058283,-1.5326169748665184,7,0,2
3055873,95496,24.284174760543195,1.2677291737471086,-0.6348374715063863,8,0,2
3058529,95579,23.546273782518107,1.2291612864483805,-1.279096180792651,5,0,11
3059873,95621,23.366803525644496,1.2197692254010604,-1.4360536901729684,5,0,95621
3061249,95664,21.981225442949825,1.1474182489816023,-2.6445696009539232,9,0,2
3062497,95703,23.748750000736024,1.2396608640993663,-1.1040105999193026,5,0,3
3064577,95768,23.38421396823339,1.2205963213301627,-1.4225964731200247,8,0,2
3066881,95840,23.892233057384388,1.2470727663083332,-0.9804905936780489,10,0,2
3068353,95886,24.15787910627997,1.2609119841435392,-0.7493950107705236,6,0,2
3070337,95948,23.104981072118683,1.2059223657091123,-1.6681792039338659,7,0,2
3071969,95999,24.88220642802534,1.2986513248760652,-0.11908941435034592,5,0,17
3072001,96000,22.890630496028848,1.194706514906802,-1.8556997449534987,13,0,2
3073121,96035,25.159791526042167,1.31311757984094,0.12256059534265955,5,0,5
3073921,96060,24.53571047312166,1.280531567374833,-0.42191003276262434,7,0,2
3074849,96089,24.57042387494801,1.2823264090023792,-0.39196566214344863,5,0,7
3076097,96128,23.88180864826601,1.246365651544741,-0.9928896398451462,12,0,2
3076897,96153,22.174173502337236,1.157232914418723,-2.4822846363052657,5,0,3
3078721,96210,24.602741371161272,1.283942639071284,-0.36514041086652943,6,0,2
3080513,96266,24.410679403733415,1.2738872054244326,-0.5332591002932676,6,0,2
3082721,96335,22.360755924655166,1.1668741833208258,-2.3217685316606222,5,0,5
3084833,96401,24.427168760231474,1.2746698803679093,-0.5203978880099158,5,0,96401
3086177,96443,22.555751882581465,1.1769923982103914,-2.1530025030600317,5,0,96443
3088289,96509,24.938550951211234,1.301291584384577,-0.07560332011275439,5,0,7
3089441,96545,22.90198978439247,1.1950045709712591,-1.8522388697304142,5,0,5
3091009,96594,23.52106969342688,1.227280458670703,-1.3128591139127845,6,0,2
3092513,96641,23.425553605314,1.222270728096812,-1.396712300306387,5,0,241
3094241,96695,23.409358385078882,1.2213959939156454,-1.4114637631989886,5,0,5
3095969,96749,24.477376495340273,1.2770893636732223,-0.4805095521083546,5,0,96749
3098209,96819,24.926902078020447,1.300502068142877,-0.0891814728647813,5,0,3
3099617,96863,23.635643680863467,1.2331093197042162,-1.2160215061338222,5,0,13
3101537,96923,24.221689691397085,1.263650199526954,-0.7054934337466152,5,0,103
3102977,96968,24.57828610644266,1.2822279843990778,-0.39492959539199274,8,0,2
3104417,97013,23.051151461175532,1.2025343919212579,-1.7276235448779536,5,0,7
3106273,97071,23.581755078093217,1.230182950040926,-1.265418282297004,5,0,3
3108257,97133,22.928535903237307,1.1960733921382114,-1.8359934224286392,5,0,137
3109441,97170,25.98672911280492,1.355582405452819,0.8315605062756414,6,0,2
3110593,97206,22.62901571873349,1.1804102290342613,-2.098155441234535,6,0,2
3112129,97254,23.182561366261908,1.2092591555352352,-1.6157885344367877,6,0,2
3113569,97299,23.68773524384657,1.235585378393408,-1.1755697422179867,5,0,3
3115169,97349,24.30266702312693,1.267632729231022,-0.639629372632864,5,0,7
3116257,97383,23.722714018914708,1.2373634375366378,-1.1460096773207273,5,0,3
3117601,97425,22.791452295250938,1.1887670365114174,-1.9590140981369442,5,0,3
3118849,97464,23.965762452458243,1.2499954688706354,-0.9348687384674159,8,0,2
3121121,97535,22.940944759553762,1.1965055638099258,-1.829865366259934,5,0,5
3122113,97566,22.23859308045082,1.1598577395366525,-2.4430651980776346,6,0,2
3123553,97611,23.699982917724093,1.2360519776904257,-1.168438501690406,5,0,3
3124609,97644,22.858284810939683,1.192136408387238,-1.9032632660270972,7,0,2
3125921,97685,23.961277475548748,1.2496383540757638,-0.9412753965822023,5,0,5
3127937,97748,24.984350122954815,1.3029575011218344,-0.04923281936458315,7,0,2
3129953,97811,25.469293896927077,1.328210538844076,0.3732636414035382,5,0,7
3131329,97854,23.307751293108094,1.2154639613216567,-1.5134830504206105,6,0,2
3133441,97920,24.36974575482114,1.2708080838129554,-0.5874580423077387,12,0,2
3133633,97926,23.849547464668277,1.2436780104280127,-1.041493282985069,6,0,2
3135329,97979,22.769258103449097,1.1873164067589237,-1.9848632611149113,5,0,7
3136129,98004,24.048765227209582,1.254023142091994,-0.8685133099496425,7,0,2
3138209,98069,22.971231676624228,1.197800592488885,-1.8096437458603252,5,0,281
3139489,98109,23.297050296042816,1.214768368014862,-1.5257487750596754,5,0,3
3140993,98156,22.643557963423163,1.1806689913423078,-2.0966346635763062,7,0,2
3142721,98210,23.06828090565186,1.202785905215941,-1.7265733133582992,6,0,2
3144737,98273,24.792876371123285,1.2926706844989244,-0.22205485278203327,5,0,7
3146657,98333,23.09004091640167,1.203854937661429,-1.7089987419955748,5,0,107
3148609,98394,23.71756459472073,1.2365390455710308,-1.1619640665822049,6,0,2
3149441,98420,23.674630091007593,1.2342864294987466,-1.1997333082982378,7,0,2
3150913,98466,23.53992575289566,1.227238625042738,-1.317833509955797,6,0,2
3152641,98520,23.58700003976619,1.229663493990773,-1.2773543903778388,8,0,2
3153377,98543,22.638871958346723,1.180222655279874,-2.1052438941651097,5,0,98543
3155041,98595,24.934892829380246,1.2998903123158065,-0.10158975258084771,5,0,3
3156193,98631,24.82765963689622,1.2942795530319808,-0.1955872935379326,5,0,3
3157313,98666,22.77401647799062,1.187203690703132,-1.9887018360006339,6,0,2
3159649,98739,25.551296537867632,1.3319397628345522,0.4349618210677204,5,0,3
3161953,98811,23.50760606635054,1.2253672901796029,-1.3499535051534877,5,0,3
3163361,98855,23.470900579707287,1.2234302857656612,-1.3824957596056495,5,0,5
3165601,98925,23.89004972008717,1.2452402873064452,-1.0173508197681282,5,0,3
3166817,98963,23.03105836770159,1.2004463484902252,-1.7677266492504735,5,0,98963
3167617,98988,23.906517736936742,1.2460641785991167,-1.0036759306273269,7,0,2
3168833,99026,22.65246181413238,1.1806801238103188,-2.098995301244933,6,0,2
3170369,99074,22.63817635561019,1.1799106910418726,-2.11202442599553,6,0,2
3172193,99131,24.576239960504566,1.2808913106210107,-0.420519818459083,5,0,99131
3173633,99176,24.38863759490671,1.271088573643968,-0.5848124834893341,8,0,2
3174401,99200,25.095686004937583,1.3079248138890698,0.032281598486648584,12,0,2
3174593,99206,23.5571764643824,1.227738291328819,-1.311130264159601,6,0,2
3176609,99269,23.23638634531118,1.2109861406547318,-1.5919435300565048,5,0,53
3177281,99290,22.26079574091549,1.1601316540968547,-2.444047296327378,6,0,2
3179201,99350,23.088896584965482,1.2032569242877367,-1.7216513194748029,6,0,2
3180577,99393,24.26877550919078,1.2647214644503846,-0.6918521795073871,5,0,3
3182561,99455,25.001923772661108,1.3028928000228286,-0.0523190135301983,5,0,5
3182657,99458,22.104791937636712,1.1519168195724132,-2.582241194327144,6,1,2
3184513,99516,24.293192696477917,1.265925891561012,-0.6718784404926608,7,0,2
3186401,99575,23.628320328717997,1.2312474782215939,-1.253145160116207,5,0,5
3187489,99609,23.47569003744158,1.2232759271967144,-1.386816423268204,5,0,3
3188609,99644,22.405790182056442,1.16750755373859,-2.32155994964331,7,0,2
3189313,99666,24.447121349405023,1.2738638039539893,-0.5390917648100086,6,0,2
3191137,99723,23.740309319614123,1.237003293284066,-1.1569952367634253,5,0,3
3192737,99773,24.207314817054584,1.261309435004887,-0.7496909563004193,5,0,17
3193633,99801,23.582570683654602,1.2287424932235171,-1.2956258731979295,5,0,3
3194593,99831,24.796523766222094,1.2919772437970294,-0.2357266611973756,5,0,3
3194881,99840,22.754979683196314,1.1856017035009605,-2.0188603261350653,14,0,2
3196001,99875,25.164610908742954,1.3111306523942086,0.08528435968671039,5,0,5
3198113,99941,25.35717833643683,1.3211259254050511,0.25277581164615925,5,0,139
3198977,99968,23.72408308190658,1.2360260711952133,-1.1738905270570106,12,0,2
3200129,100004,23.02241185679422,1.1994502047367006,-1.78715479694893,7,0,2
3201857,100058,23.259645983004383,1.2117815135344077,-1.5805544717741775,6,0,2
3203041,100095,22.721896397061006,1.1837468187274067,-2.050678161947244,5,0,3
3206881,100215,22.302883509495818,1.1618569769125686,-2.4180637995578858,5,0,3
3208481,100265,23.440708350681668,1.22110491585814,-1.4247204261933466,5,0,5
3209953,100311,24.513558121879253,1.2769678182042126,-0.488051782003181,5,0,3
3211009,100344,23.582279984760575,1.2284378474229312,-1.3019321233721888,8,0,2
3212353,100386,24.451213968307027,1.2736788368898124,-0.5433227184946449,6,0,2
3214529,100454,23.440359291056925,1.2209868975851437,-1.4271356992365214,6,0,2
3216289,100509,24.504615860417502,1.2763927200852807,-0.4979979640362233,5,0,3
3218209,100569,24.18843557833422,1.2598909304426762,-0.7748708220875256,5,0,3
3219457,100608,24.37878175775255,1.2697840261640296,-0.608998867180909,13,0,2
3220193,100631,23.304788200853757,1.2138323594398008,-1.5475514921201838,5,0,103
3221761,100680,23.10051565390934,1.203167379205938,-1.7265675303306691,8,0,2
3223009,100719,25.584758910444062,1.3325343184673544,0.4434528196781707,5,0,3
3224833,100776,23.71642484479103,1.2351953020010622,-1.1895209360920675,8,0,2
3227009,100844,23.302594275927653,1.2136067121222767,-1.5518483682987287,7,0,2
3228097,100878,23.35854613036622,1.2165029065261712,-1.5033400999228057,6,0,2
3230113,100941,23.618871518915615,1.2300272142212454,-1.276577422599241,5,0,3
3231233,100976,23.959916825436743,1.2477694530195877,-0.9789647355007708,9,0,2
3232961,101030,25.82670874830482,1.344955864791852,0.6516496721074682,6,0,2
3235489,101109,25.142500188107732,1.3092805042525335,0.052959345830118805,5,0,3
3236993,101156,24.22932086646839,1.2617018022657025,-0.7455105385693145,7,0,2
3238273,101196,23.60941413125675,1.2294000971334684,-1.2876537468828604,7,0,2
3239969,101249,24.03975916807621,1.2517807833267725,-0.9121684684273936,5,0,103
3241633,101301,22.78254765850795,1.1862897594494968,-2.0114054916281585,5,0,3
3242753,101336,23.64621962897197,1.231242802975043,-1.2570304502654515,8,0,2
3244001,101375,23.294528375393348,1.2129102297951508,-1.5648098164267026,5,0,5
3245569,101424,23.012251424903678,1.1981873875976363,-1.81204706853574,9,0,2
3246721,101460,24.14346831540784,1.2570675244598262,-0.8238206505902166,7,0,2
3249217,101538,23.21622210386818,1.2087487067341067,-1.6350573181793981,6,0,2
3250721,101585,23.93110281136726,1.24594384318949,-1.0107766665849014,5,0,5
3251873,101621,24.174531415512053,1.2585983175699573,-0.7984088638886754,5,0,13
3253057,101658,23.763123708660995,1.2371596717519375,-1.1583868328597993,6,0,2
3255649,101739,23.700326026245637,1.2338476708515635,-1.2141589188013127,5,0,3
3258113,101816,23.102851761472138,1.2027034842976965,-1.7372389470341514,8,0,2
3260129,101879,22.64312691194118,1.1787392090008224,-2.139785280222734,5,0,101879
3260417,101888,23.1195621392583,1.203536513078209,-1.723433444575431,14,0,2
3260993,101906,23.107596976369866,1.2029044284383563,-1.7340923837356037,6,0,2
3262177,101943,23.068219460371473,1.200835665679949,-1.7689244672027564,5,0,3
3263489,101984,24.684353014149703,1.2849424625467118,-0.3566592937206039,10,0,2
3265441,102045,23.019089003686943,1.1982261848398372,-1.8130068260295964,5,0,3
3266401,102075,23.992706154710916,1.2488905362315172,-0.9622354845262289,5,0,3
3267713,102116,23.433040778491346,1.219737081445136,-1.451927654538665,7,0,2
3269153,102161,24.594878931313794,1.2801886524249981,-0.43674459939979154,5,0,102161
3270497,102203,24.316741783800666,1.2656887773219077,-0.6803396845518517,5,0,102203
3273601,102300,24.463392981368223,1.273269629226058,-0.5531643039837243,7,0,2
3274657,102333,24.161244102159166,1.2575258176977668,-0.8176704376213402,5,0,3
3276641,102395,23.44171188410293,1.2200441312174728,-1.4474068399540474,5,0,5
3278081,102440,25.85823534010957,1.3457885532367966,0.6648572205851223,8,0,2
3280033,102501,23.314613074320793,1.2133747537939303,-1.5596917318358714,5,0,3
3280897,102528,23.138774379700664,1.2042097429199856,-1.7137287278559854,12,0,2
3281441,102545,23.32262043547277,1.2137689107061813,-1.5531738401786754,5,0,5
3283361,102605,24.950907186583077,1.2984762106528827,-0.13013405053560473,5,0,5
3284833,102651,24.18318512415123,1.2584985575912615,-0.8018852774392468,5,0,3
3286177,102693,25.13253199948114,1.3078796065078924,0.027760670807251246,5,0,3
3287521,102735,23.747902936792485,1.2358025712889493,-1.1833910933076661,5,0,3
3288737,102773,25.884518449818913,1.346967014226096,0.6844803873960055,5,0,11
3290657,102833,23.7385321961901,1.2352639038453905,-1.1926440010997164,5,0,17
3292129,102879,23.707522882879758,1.233626393569916,-1.2202568708977777,5,0,3
3293281,102915,22.94359417022399,1.1938570924912202,-1.888672014034394,5,0,3
3295361,102980,22.618936123409128,1.1769315008356245,-2.1732995864095246,7,0,2
3297313,103041,22.93895584534598,1.1935524756837301,-1.8941222856724107,5,0,3
3297857,103058,23.131181549010087,1.2035457021142428,-1.7262067947540354,6,1,2
3298849,103089,23.524007279265653,1.223968994611671,-1.383012838054052,5,0,3
3300001,103125,22.88813766340912,1.190866285918349,-1.939493094836742,5,0,3
3302081,103190,23.85285006630396,1.2410262542220964,-1.0965166308056535,6,0,2
3304033,103251,23.319444310933974,1.2132429388650703,-1.5636755991847446,5,0,3
3305377,103293,23.474548779546893,1.2212910627279667,-1.4284803626962084,5,0,3
3305473,103296,23.3118934177064,1.2128272003750564,-1.5707701991859468,12,0,2
3306977,103343,22.736850434971494,1.1828866459168197,-2.074220649567617,5,0,17
3308161,103380,24.512224874431936,1.2752308889484578,-0.5218489807505811,7,0,2
3309377,103418,23.638395422564997,1.2297509684942658,-1.28652941147459,6,0,2
3311137,103473,23.273862458274046,1.2107588292703462,-1.6059624549565354,5,0,3
3312193,103506,23.645853901255336,1.2300936788874997,-1.280953824898027,6,0,2
3314401,103575,25.0041063442786,1.3007145275633556,-0.09364707950003016,5,0,3
3315649,103614,23.822627690577818,1.2392337653235697,-1.1274914597613555,6,0,2
3316993,103656,23.392509454366635,1.2168380125992813,-1.5041725597087754,8,0,2
3318817,103713,24.087251492958544,1.2529474748136444,-0.8970734743088996,5,0,3
3320129,103754,23.637360973359023,1.2295244643474708,-1.2910500945464847,6,0,2
3322049,103814,23.720649036888283,1.233825909414244,-1.2188365352545902,6,0,2
3323681,103865,22.78218690715042,1.1849867525081417,-2.040339505599548,5,0,5
3324961,103905,23.378692326604337,1.2159929634099935,-1.5189556132448867,5,0,3
3326209,103944,24.381795469049276,1.2681466407488764,-0.6418460567311761,8,0,2
3326977,103968,23.95195958585184,1.2457775557439972,-1.0181284740764562,10,1,2
3327713,103991,23.057213580644053,1.199228984551633,-1.8011258197410773,5,0,103991
3329761,104055,25.421382720358558,1.3221566034677037,0.26648031458597815,5,0,3
3331457,104108,26.282610471087477,1.3669186115088163,1.0194099533290817,7,0,2
3333313,104166,23.30445030653427,1.211999815407596,-1.5867296753101228,6,0,2
3334561,104205,23.075717529425166,1.2000846174145081,-1.787271243627599,5,0,3
3336481,104265,23.8183719810056,1.238676534853053,-1.1381562812083437,5,0,3
3338369,104324,23.674251429997454,1.231151395317303,-1.264881245659536,7,0,2
3339521,104360,24.577441495453186,1.2781016437676223,-0.47501087981994616,8,0,2
3340577,104393,23.096384804996063,1.2010657646656753,-1.7712339646891955,5,0,104393
3342113,104441,23.762902251125098,1.2357016452261846,-1.18856127453649,5,0,71
3344321,104510,22.972697444798875,1.1945758392258017,-1.8807323957788844,6,0,2
3345409,104544,24.492469181026863,1.2735857540666844,-0.5512686905009812,10,0,2
3347713,104616,23.116644779734305,1.2020083560835926,-1.7559262269555689,8,0,2
3348641,104645,22.756360278814487,1.183260265704073,-2.071509848620541,5,0,5
3349601,104675,24.824953743838456,1.290804714501681,-0.2616806298114727,5,0,5
3351233,104726,25.03119520744434,1.3015010753158212,-0.08172448549255208,6,0,2
3353089,104784,25.653898273832397,1.3338466779988432,0.4626156735394888,9,0,2
3354433,104826,24.391609842111826,1.2681933747035545,-0.642454308482012,6,0,2
3355777,104868,24.729369763201156,1.2857322552241766,-0.3473054782821337,7,0,2
3356833,104901,23.09866532637222,1.2009321390933514,-1.774745319834952,5,0,3
3358913,104966,23.878313330622554,1.2414338784796697,-1.0931265346880714,6,0,2
3361249,105039,23.278939764830426,1.2102360505220155,-1.6184622332043725,5,0,3
3362497,105078,23.29526265309989,1.2110652106617599,-1.6045951424497609,6,0,2
3363713,105116,23.989898797108953,1.2471581891626193,-0.9970453787468088,7,0,2
3365249,105164,24.02470780245618,1.248943142409526,-0.9670828088554283,7,0,2
3366049,105189,24.659893983381515,1.2819506147542499,-0.4114030727659582,5,0,3
3368257,105258,24.129304061397193,1.2543322030021338,-0.8765174723324012,6,0,2
3369409,105294,25.64760203725706,1.333239344300924,0.4520392049285953,6,0,2
3370849,105339,23.235955162606885,1.2078523867982063,-1.659303787103024,5,0,3
3372641,105395,24.77739307669676,1.2879498824838898,-0.31066550437551055,5,0,5
3374017,105438,22.756014122606388,1.182856032975438,-2.080470056509446,6,0,2
3375329,105479,23.25785643114081,1.2089214429773314,-1.6416332064143468,5,0,11
3378049,105564,23.398793771199827,1.2162048829571455,-1.5191704733528346,7,0,2
3380033,105626,24.39144406127209,1.2677679364784793,-0.6508743943055019,6,0,2
3381281,105665,24.05642461945373,1.2503350393180632,-0.9445533023634826,5,0,5
3382849,105714,24.522621996807068,1.2745401537520873,-0.5369452139464652,6,0,2
3383297,105728,23.978265674635022,1.2462406144207148,-1.0136315292841482,13,0,2
3384481,105765,23.291457494170835,1.210526305141107,-1.6152747694619125,5,0,3
3385313,105791,24.179313645478302,1.2566574798619745,-0.8382822346167547,5,0,7
3386849,105839,23.679564379295417,1.2306601739030834,-1.276290893284076,5,0,109
3388961,105905,24.97349430175888,1.2978725615074236,-0.14417039292565392,5,0,5
3390529,105954,23.773558174411637,1.2354871812891968,-1.1952091278052088,6,0,2
3391489,105984,25.313883593055017,1.3155202037191973,0.15304774288457298,14,0,2
3392801,106025,23.015099224684043,1.1960362345246327,-1.8600025676627343,5,0,5
3394561,106080,23.86780890001497,1.2403215957645815,-1.1140087044225482,10,0,2
3396257,106133,25.42662747410562,1.3212991051367127,0.2502785707120525,5,0,211
3398177,106193,24.634940142529437,1.2801276770060444,-0.4435022510439978,5,0,103
3399169,106224,23.351233941877286,1.213405989253805,-1.567819599982009,9,0,2
3400577,106268,24.569718885932758,1.276699583919117,-0.5013729532120742,7,0,2
3402241,106320,24.237313055568144,1.259400389454649,-0.7929648983741224,9,0,2
3403937,106373,23.543720540297493,1.2233341378933045,-1.4008486103448803,5,0,106373
3405121,106410,24.080278931938423,1.2511949705692935,-0.9313984002280257,6,0,2
3405953,106436,22.672398605727093,1.1780300312111565,-2.1644951863756927,7,0,2
3408001,106500,24.78497035312657,1.2877632316980268,-0.31524136294488564,7,0,2
3409249,106539,24.16702713291489,1.255636636457671,-0.8567659554205425,5,0,3
3411137,106598,22.644775005239765,1.1765174537592649,-2.1904350189672646,6,0,2
3414017,106688,23.419245040191043,1.2167109761740535,-1.5131668725815963,11,0,2
3414913,106716,24.62817919342443,1.2795047967073676,-0.4547300591108046,7,0,2
3416929,106779,24.39586494002176,1.267403100439804,-0.6588233259409917,5,0,3
3418049,106814,23.346307295803413,1.212859784896283,-1.5783712382146062,6,0,2
3420161,106880,24.335033912619096,1.2641912219765286,-0.7131292515953805,12,0,2
3422017,106938,23.47235521545504,1.219346988611554,-1.4692814157897935,6,0,2
3424801,107025,24.31870713422787,1.263269104478198,-0.7289084245442625,5,0,3
3425729,107054,23.103501229232176,1.2001295034808848,-1.7935654958559668,6,0,2
3427009,107094,23.045471129419322,1.1970957770894293,-1.8448170647049422,6,0,2
3428353,107136,23.685925060907348,1.23034329556883,-1.284291633555138,12,0,2
3428833,107151,23.461178814191435,1.2186616958618017,-1.4813031884834607,5,0,3
3429761,107180,25.375325870771583,1.3180742811889468,0.19501568613012582,7,0,2
3431201,107225,22.429897299858816,1.1650583401127739,-2.3854043484363667,5,0,5
3432577,107268,23.35007560548111,1.212833439479174,-1.5798478002595957,7,0,2
3435169,107349,24.87417725788785,1.2919551752956584,-0.24563483428795113,5,0,3
3436289,107384,25.36505004692365,1.3174323815761484,0.18400991622837407,8,0,2
3437953,107436,23.46494912446628,1.2187177948668957,-1.4809817126979532,7,0,2
3439201,107475,22.935182837391153,1.191184240867583,-1.9454691306934928,5,0,3
3440513,107516,23.580151035949626,1.2246617848615289,-1.3808976036010279,7,0,2
3441313,107541,23.880363327858483,1.2402412048645912,-1.1181623051716971,5,0,3
3442913,107591,22.966107801767684,1.192734860817439,-1.9196084577424704,5,0,11
3443969,107624,23.00580110910949,1.194780503441394,-1.885184441891124,8,0,2
3444673,107646,25.249847406070522,1.3113109672052676,0.08051506015376587,6,0,2
3446081,107690,23.30209470193286,1.210136164342,-1.6263055447022292,6,0,2
3448033,107751,24.679041182247268,1.281613128085777,-0.42060079217636315,5,0,3
3449441,107795,23.55701308767256,1.2233232710735031,-1.4040671625966115,5,0,5
3450817,107838,24.38373091958784,1.266233204258159,-0.6802017231212087,6,0,2
3451873,107871,22.902685710136517,1.18930767286212,-1.978138497438748,5,0,3
3452929,107904,22.386378525349496,1.1624811486499569,-2.430851112491377,12,0,2
3452993,107906,25.267633135645934,1.3120980541379512,0.09354394549113243,6,0,2
3454817,107963,26.23232321001563,1.362161459917536,0.9382182996074769,5,0,107
3457217,108038,23.5546556885594,1.2230820236213273,-1.4086527722011333,6,0,2
3458849,108089,23.744011064286674,1.2328892531335516,-1.2432655126490078,5,0,108089
3460577,108143,22.81981545045113,1.184875587922762,-2.0536292103322427,5,0,7
3461921,108185,24.345663007406014,1.2640811522666648,-0.717059340619006,5,0,5
3463489,108234,23.89706220814086,1.24076456272229,-1.1106444147696095,6,0,2
3465697,108303,23.124380712264383,1.200612995757423,-1.7884375305058775,5,0,3
3466913,108341,23.53365918086946,1.2218441610463975,-1.4301867916120117,5,0,17
3468481,108390,25.320261989229408,1.3145771640635946,0.13492720247675877,6,0,2
3469313,108416,23.19570400964656,1.204261922687175,-1.7271188373929323,12,0,2
3469793,108431,23.492236583178826,1.2196498623424703,-1.467416588053317,5,0,29
3471233,108476,23.06549815851176,1.1974733939590239,-1.841849827327282,7,0,2
3472289,108509,24.271126587178887,1.2600485322069235,-0.785642466274955,5,0,19
3474049,108564,23.278250577336593,1.208476434582275,-1.656322200749445,7,0,2
3475873,108621,23.449485027250873,1.2173384149624105,-1.5068472801208928,5,0,3
3477377,108668,23.482868973248245,1.219048743683477,-1.4780754184577412,7,0,2
3479873,108746,24.16997146158159,1.2546789680003172,-0.8766844294125253,6,0,2
3480929,108779,23.492046265316134,1.2194714765379973,-1.471177660607207,5,0,11
3483329,108854,22.802218406637103,1.1836273593803028,-2.0765599506577197,6,0,2
3484097,108878,25.396438210996386,1.3182767075771646,0.19694733632979616,6,0,2
3486113,108941,23.85047923559552,1.2379982940530174,-1.1586833600445665,5,0,7
3487201,108975,23.612840639578224,1.225646785216823,-1.3673204667607823,5,0,3
3489697,109053,24.37602738115762,1.2652216900192763,-0.6991648704903507,5,0,3
3489793,109056,24.325585548366284,1.2626020426504383,-0.7434086373743676,14,0,2
3492001,109125,21.784093936510793,1.1306569205903392,-2.9718499959619242,5,0,3
3493057,109158,23.830509449018038,1.2368556326775242,-1.1783951479366572,6,0,2
3494369,109199,23.281252698944286,1.2083284466214776,-1.6602775238089058,5,0,109199
3495617,109238,25.194043015743503,1.3075847225865125,0.01605067439658428,6,0,2
3498113,109316,22.96943406346754,1.1920896197130066,-1.9348318268141131,7,0,2
3501601,109425,24.416739734193317,1.26714884836088,-0.6671876861241806,5,0,3
3503329,109479,25.4215420642498,1.3192667516883119,0.21315290137269552,5,0,3
3504673,109521,23.350044841615155,1.2117450863210373,-1.6032944004855807,5,0,3
3505921,109560,23.75869172208818,1.2329328056748594,-1.2454373343508407,8,0,2
3507841,109620,24.28335159504351,1.2601297622015457,-0.7860699448374718,7,0,2
3510401,109700,23.261512780982244,1.207065801459025,-1.6827546277852377,7,0,2
3511553,109736,23.067703810787002,1.1969919174652044,-1.8530477871489084,8,0,2
3512737,109773,23.190645665466533,1.2033539401766795,-1.745640245463512,5,0,3
3514657,109833,24.815850706445357,1.2876549107744382,-0.3213072980772271,5,0,3
3516001,109875,22.357293610522458,1.1600651984440107,-2.4773725970840217,5,0,3
3517441,109920,25.661777857023363,1.3315033052303853,0.4195598670090971,10,0,2
3519169,109974,24.28299255102843,1.2599361196946848,-0.789911722301639,6,0,2
3520897,110028,23.66651697552814,1.2279239888331877,-1.3310029870076858,7,0,2
3521537,110048,24.02642293999378,1.2465877494472466,-1.0156213475473828,10,0,2
3522817,110088,25.071766804326217,1.3008040454566328,-0.09939624338110531,8,0,2
3524161,110130,23.940349327439954,1.2420820557340162,-1.091919208886692,6,0,2
3525889,110184,22.888118637775708,1.1874647638609845,-2.01515902699974,8,0,2
3526657,110208,24.443130103819414,1.268128845900832,-0.651811801094019,12,0,2
3527969,110249,24.21623566836366,1.2563372593153648,-0.8511843563190079,5,0,41
3529249,110289,23.28144101493623,1.207821285159268,-1.671332083107588,5,0,3
3530113,110316,23.333346470585326,1.2105013359991452,-1.62609070524315,7,0,2
3531329,110354,24.77810560466367,1.2854343524870628,-0.3594954442808688,6,0,2
3532673,110396,23.560201492891192,1.2222321030835863,-1.4279644644009208,7,0,2
3533729,110429,23.771985093793088,1.233202926002866,-1.2425701003778171,5,0,11
3534913,110466,23.30246015832373,1.2088282670098898,-1.6547103276599702,6,0,2
3536257,110508,22.964251903373643,1.1912640250687851,-1.9517485956950724,7,0,2
3538753,110586,23.671836161932546,1.2279324536284024,-1.3319837477659682,6,0,2
3540673,110646,23.82227986139551,1.2357075837536653,-1.2006430856012897,6,0,2
3542369,110699,25.564764735830426,1.3260662946215007,0.32709360149502614,5,0,23
3543041,110720,23.027599786476166,1.1944516168332684,-1.898375304775618,12,0,2
3546017,110813,23.890571271081974,1.2391695355666028,-1.1424198275943451,5,0,110813
3547553,110861,24.752972951746166,1.2838771357205314,-0.38647447250804184,5,0,59
3549089,110909,23.243035538987,1.205537853524441,-1.711352735833918,5,0,110909
3551777,110993,24.261654130256545,1.258329159539593,-0.8187206298860004,5,0,17
3553441,111045,25.380089685944313,1.31631021350263,0.161828929037531,5,0,3
3554561,111080,23.44577440218377,1.215972603890352,-1.5352562695030751,8,0,2
3555649,111114,24.815997759077106,1.287019804274834,-0.3336458086392842,6,0,2
3557153,111161,23.66950617913602,1.2275375385394187,-1.3398157552468932,5,0,89
3558337,111198,23.375414769224612,1.2122681375896598,-1.5981709832726392,6,0,2
3559393,111231,23.065638789195074,1.1961876279620478,-1.8702511971354852,5,0,3
3561377,111293,23.629894377221305,1.2254206267378163,-1.375890108068827,5,0,7
3562913,111341,25.238212249834756,1.3088019589091815,0.03455492566338542,5,0,111341
3564929,111404,23.991253041952028,1.2441069294857958,-1.059988404829749,7,0,2
3565889,111434,22.894610044086292,1.18722490166031,-2.0223691373066393,6,0,2
3567233,111476,24.227465257609502,1.256321189395713,-0.8534704769421826,7,0,2
3569089,111534,25.53589250026236,1.324140374449096,0.29388220255325553,6,0,2
3570817,111588,24.888549726485834,1.2905461321253417,-0.2745706765900492,7,0,2
3572417,111638,22.87154697705588,1.185935620406073,-2.0446961946268485,6,0,2
3573953,111686,24.50401612356356,1.2705589273596687,-0.6128942930862397,6,0,2
3575617,111738,25.23452577785874,1.3084104202392497,0.02754574425095272,6,0,2
3577153,111786,22.98037495907181,1.191510665227855,-1.9507261071904751,6,0,2
3578657,111833,23.680554013097606,1.2277920862663403,-1.3368505958649828,5,0,111833
3580673,111896,24.714613862090346,1.2813751013570058,-0.4301476626234096,8,0,2
3582433,111951,23.884513281553772,1.2383108219021364,-1.1590608591375624,5,0,3
3584033,112001,23.967502219629775,1.2425895842926515,-1.086734931515466,5,0,47
3586081,112065,22.759706915397725,1.1799427292748674,-2.147206577770735,5,0,3
3587201,112100,24.996747559018736,1.2959013301561575,-0.184538280972659,7,0,2
3588097,112128,23.165369719919,1.2009446812916598,-1.7918752628383645,14,0,2
3588769,112149,24.00549648053108,1.2444887136426899,-1.0548544374127595,5,0,3
3590849,112214,24.50540585549691,1.2703732754648651,-0.6168005715472009,6,0,2
3593377,112293,23.264902378576203,1.2060284200210447,-1.706196517457076,5,0,3
3595393,112356,23.142730932727844,1.1996662485723542,-1.814047573401386,7,0,2
3596449,112389,24.4550881731766,1.2676798411967094,-0.6626531833832847,5,0,3
3597793,112431,24.428505762370783,1.266281546235344,-0.6863891013377469,5,0,3
3599969,112499,23.866999072245868,1.2371430002794872,-1.1798471152640042,5,0,19
3601889,112559,24.555566526233385,1.2728056358845592,-0.5761133125994125,5,0,112559
3603713,112616,23.715259411861222,1.2292226650747908,-1.314178599454752,8,0,2
3604481,112640,24.83467461724875,1.2872330327889465,-0.3319258747700378,16,0,2
3605473,112671,24.42761479107935,1.2661192960831185,-0.6894947525677311,5,0,3
3606529,112704,23.992244287456913,1.2435377477355136,-1.071939460321633,11,0,2
3607649,112739,23.103987816872312,1.1974827028179562,-1.851916969789548,5,0,11
3608897,112778,24.962377130084057,1.2937840298760428,-0.22115472627050975,6,0,2
3610657,112833,22.851565854943495,1.1843572135994571,-2.0744260814410866,5,0,3
3612097,112878,23.93013525068092,1.2402363494781272,-1.1281612473404987,6,0,2
3612673,112896,22.448037229762317,1.1634151110984023,-2.42926808154279,13,0,2
3613217,112913,23.692195020739966,1.227888169313135,-1.337360929264312,5,0,112913
3614561,112955,22.801649649561575,1.1817152589161184,-2.1194799811665135,5,0,5
3616993,113031,23.540579958035686,1.2199756996424473,-1.4716151453430997,5,0,3
3618049,113064,23.017961488876697,1.192876363793667,-1.9307051371321506,8,0,2
3620129,113129,22.566437256680956,1.169447817650691,-2.327724615875646,5,0,29
3621473,113171,23.21942467292577,1.2032680266686058,-1.7549292890121129,5,0,113171
3622721,113210,23.572085626804487,1.221525401899061,-1.4457321855640688,6,0,2
3624161,113255,24.206997715720505,1.2544056637519518,-0.8888036072955199,5,0,5
3626561,113330,23.488366500579694,1.2171316043387357,-1.5204161439162562,6,0,2
3628129,113379,24.10764302588184,1.2491983774019286,-0.9772298889764406,5,0,3
3629537,113423,23.994305938498552,1.243304805678604,-1.0771590882513549,5,0,101
3630817,113463,23.456199477929406,1.2154035156907526,-1.5499745633940334,5,0,3
3632353,113511,24.19801840577921,1.2538187320893937,-0.8991658627066375,5,0,3
3632929,113529,23.311083705645476,1.2078540419134665,-1.678034638010401,5,0,3
3635617,113613,24.227974001900744,1.2553224460555754,-0.8738516475631928,5,0,3
3636769,113649,24.40245409288851,1.2643455662972578,-0.7210058746744822,5,0,3
3638497,113703,23.916620058544183,1.239148138545302,-1.1480942656651933,5,0,3
3640993,113781,23.52941844968008,1.2190508639365547,-1.4888330248758688,5,0,3
3642209,113819,24.8050288501717,1.2851213585705337,-0.3691549213998699,5,0,113819
3643201,113850,24.49009285869704,1.2687900310526046,-0.6459815080643329,6,0,2
3644801,113900,23.325508001029068,1.2084320850615236,-1.6690552478751848,7,0,2
3646817,113963,24.041470351131736,1.2454946007603334,-1.0409950893219126,5,0,113963
3647873,113996,24.99640658497262,1.294950014443381,-0.2027778369737019,7,0,2
3649601,114050,23.092925701194915,1.1963150081842102,-1.8747779107720552,6,0,2
3650593,114081,24.182646869902968,1.2527527331348878,-0.9181656473059768,5,0,3
3653057,114158,23.291809597948287,1.2065690313326498,-1.70120326856228,6,0,2
3655649,114239,24.293572539551313,1.2584243205506491,-0.822273596644562,5,0,71
3656641,114270,23.46275536778436,1.2153732431665811,-1.5521886627758053,6,0,2
3657761,114305,25.14773100461698,1.3026380351677869,-0.07278067305996537,5,0,5
3660961,114405,24.817131430201435,1.2854649092161374,-0.3640559129047153,5,0,3
3662657,114458,24.18396133546969,1.2526433876384488,-0.9206371800792047,6,0,2
3663137,114473,23.099258072345332,1.196452877107467,-1.8734286724681282,5,0,114473
3666049,114564,24.700476582024876,1.279346210271738,-0.4680071933708782,7,0,2
3667553,114611,23.360108898414687,1.209901378062096,-1.645694276453644,5,0,7
3669217,114663,25.150004790468117,1.3025809586075463,-0.07411319565760974,5,0,3
3670721,114710,25.648367628645754,1.3283690383886264,0.3631774210618824,6,0,2
3673217,114788,23.829665578844917,1.2341396140335992,-1.2349986309821692,7,0,2
3674849,114839,22.22433615716737,1.1509775793716905,-2.6455654570966494,5,0,23
3676129,114879,23.968497284120065,1.241287501834164,-1.113932358331362,5,0,3
3676993,114906,24.57065029710993,1.2724591449662268,-0.5852669225805633,6,0,2
3678113,114941,23.199282975615084,1.201423390866132,-1.7902085284963043,5,0,114941
3679649,114989,23.08900869149462,1.1956911847353713,-1.8875488257400774,5,0,7
3681697,115053,25.303909024658996,1.3103610910723424,0.057466242313857316,5,0,3
3683201,115100,23.854182729531907,1.235265473338854,-1.216479403972951,7,0,2
3684833,115151,24.05650705976601,1.2457189635207826,-1.0392364528438347,5,0,115151
3686401,115200,23.20386109220983,1.2015444355376057,-1.7887397729751282,14,1,2
3688129,115254,23.047526395351674,1.193425103743794,-1.9266110354495147,6,0,2
3689633,115301,24.422805973472755,1.2646164043480022,-0.7188751824943929,5,0,115301
3690497,115328,23.58940676205075,1.2214506046310356,-1.451289305243083,12,0,2
3690881,115340,22.930708355545214,1.187338149531994,-2.0300887093888504,7,0,2
3692641,115395,25.847608192103735,1.3383460810788823,0.5319839601068316,5,0,3
3694241,115445,22.469485321854883,1.163410889063416,-2.4363403760137015,5,0,5
3695297,115478,24.203789808331067,1.2531932531997654,-0.9129689262415467,6,0,2
3696449,115514,24.36273552221996,1.2614060789558932,-0.7736651292275777,6,0,2
3698081,115565,24.041193766640426,1.2447343524882122,-1.056652273167453,5,0,5
3699169,115599,24.518085495009366,1.2694094365680881,-0.637977968961463,5,0,3
3700289,115634,22.892946198654364,1.1852534177523415,-2.066179358611655,6,0,2
3702529,115704,24.574794245464126,1.272295957361241,-0.5891389756404712,8,0,2
3703457,115733,23.144424867001415,1.1982294307257555,-1.8461989021675425,5,0,115733
3704737,115773,23.53407758682977,1.2183844127155141,-1.5042201502459958,5,0,3
3706817,115838,25.04871560532417,1.2967676328373554,-0.1739712582717293,6,0,2
3708641,115895,23.765677118085048,1.230319000453672,-1.3018970786917676,5,0,5
3710561,115955,22.489722115200827,1.1642385877659949,-2.4236731758835397,5,0,5
3712097,116003,23.005273417987585,1.190906299853103,-1.9711235344575344,5,0,311
3713153,116036,24.367519667244963,1.2614098625700152,-0.7743897691726027,7,0,2
3714913,116091,24.04506729608496,1.2446924928588663,-1.0582645422775323,5,0,3
3716833,116151,22.689371141227276,1.1744888866801422,-2.2501856340400743,5,0,3
3717761,116180,24.296951060182636,1.2576899293467891,-0.8377598966996547,7,0,2
3719713,116241,23.60634341377968,1.2219143140929567,-1.4452419768395481,5,0,3
3722177,116318,24.202209400252897,1.252722037611616,-0.9223218577469671,6,0,2
3723649,116364,22.655350484870244,1.1726357431953598,-2.2821963834382166,7,0,2
3725153,116411,24.74420312573976,1.2807321074032736,-0.44686719829939486,5,0,116411
3726881,116465,24.304560765194207,1.2579517073530626,-0.8337563919370782,5,0,5
3727937,116498,23.53289253390848,1.2179970319015563,-1.512270468038282,6,0,2
3730817,116588,25.010293792676666,1.2944203662254474,-0.2146387132324362,7,0,2
3731713,116616,25.075940535108348,1.2978045899999116,-0.1571977787802945,8,0,2
3733057,116658,24.7155335458189,1.279131996424903,-0.4743544385278475,6,0,2
3735169,116724,23.872334040030907,1.2354629572179465,-1.2160950192588416,7,0,2
3735553,116736,24.410553199983905,1.263311804101347,-0.7431401417439528,16,0,2
3736609,116769,23.635613693722206,1.2231917838859732,-1.4245915292069924,5,0,3
3738209,116819,24.82980832560734,1.2849702475241997,-0.3754001787651035,5,0,116819
3740897,116903,22.329478412423207,1.1555397969436645,-2.573972544585543,5,0,116903
3742337,116948,24.52442040835374,1.269106064257041,-0.6450298751449158,7,0,2
3743681,116990,26.085429880978836,1.349865456104492,0.7267533307292279,6,0,2
3745537,117048,24.546886885609275,1.2702221575253982,-0.6262105233516421,8,0,2
3746689,117084,22.666590532197365,1.1729074377240103,-2.279434946024067,7,0,2
3748289,117134,24.464339201217484,1.2659107469891155,-0.6995743872340668,6,0,2
3749633,117176,22.78598167294475,1.179045787360663,-2.175386143471186,8,0,2
3750977,117218,23.731183484675643,1.2279357880419888,-1.3448721988143375,6,0,2
3752993,117281,23.937519305345898,1.2385838278177048,-1.1640783274952922,5,0,117281
3755137,117348,23.00233380002018,1.1901660029539647,-1.9868690122723454,7,0,2
3756161,117380,24.585176010096724,1.272049140365328,-0.5956277239871661,7,0,2
3758273,117446,23.56551713875778,1.2192621308737632,-1.4926895431694542,6,0,2
3760577,117518,22.44332886353081,1.1611704738583746,-2.479993697822672,6,0,2
3762497,117578,24.528769956711614,1.2690390528014353,-0.6470503625026738,6,0,2
3764993,117656,22.832982068781767,1.1812709345041807,-2.1387619640456323,8,0,2
3766817,117713,24.800679589056504,1.2830437225767384,-0.4092224747130201,5,0,53
3768097,117753,24.08685586547819,1.2460964821480105,-1.0372260302050325,5,0,3
3771137,117848,24.668632676278655,1.2761497425944928,-0.526565795256658,8,0,2
3773281,117915,23.848062580170833,1.233670252132861,-1.24871653402203,5,0,3
3775169,117974,24.365935133108685,1.2604330197887812,-0.7938933072723278,6,0,2
3776161,118005,24.185685794030775,1.2510947723820605,-0.952680546548481,5,0,3
3777857,118058,22.507703695429964,1.1642725094196675,-2.428712719009098,6,0,2
3779297,118103,24.562443260748505,1.270538801726168,-0.622286011579165,5,0,89
3781121,118160,25.058379614536257,1.2961652726962258,-0.186692195696713,9,0,2
3782657,118208,23.878845378424558,1.2351314205913337,-1.2244063346284895,11,0,2
3784481,118265,23.280608245417106,1.2041628015607946,-1.7510406965726073,5,0,5
3786049,118314,23.11737738048643,1.1956986703587296,-1.895059852422696,6,0,2
3787361,118355,23.965149467604206,1.2395295503858677,-1.1498878169867985,5,0,5
3788737,118398,23.13750082654032,1.1967031598629276,-1.8781700104753614,6,0,2
3789889,118434,23.1667631137016,1.1982010541667611,-1.8527806539109652,6,0,2
3791873,118496,23.87200079774984,1.234648780300174,-1.2331299655806687,10,0,2
3793121,118535,23.378699139072403,1.2091184190974582,-1.6673525580695645,5,0,5
3795457,118608,23.244284449866328,1.2021349774905354,-1.7862677663610351,9,0,2
3796609,118644,24.901851197573993,1.2878433673966805,-0.3287343656731026,7,0,2
3797441,118670,24.101220636275077,1.2464256513432455,-1.0331536665307872,6,0,2
3800449,118764,23.889687733746584,1.235444094396189,-1.220084171060329,7,0,2
3801953,118811,23.930135135940375,1.2375148613094644,-1.1849470503305364,5,0,7
3802913,118841,23.680204046914284,1.224576781157566,-1.4050634531509953,5,0,23
3805313,118916,23.58075102993756,1.2194008403037189,-1.4932489099565414,7,0,2
3807553,118986,24.708305083230606,1.2776764134497585,-0.5020777306343289,6,0,2
3808993,119031,23.3220208634014,1.205971588365916,-1.7219239202606973,5,0,3
3810721,119085,25.459331379097165,1.3164654437973018,0.15767060165195945,5,0,3
3812513,119141,23.74042188318019,1.227558414163703,-1.3549109640543209,5,0,11
3814561,119205,25.163491171600562,1.301111911433138,-0.10364176527080507,5,0,3
3816641,119270,23.54256137830846,1.2172711869864086,-1.5301800138706694,6,0,2
3818209,119319,24.9192729207129,1.288431598619857,-0.3195067313892889,5,0,3
3819617,119363,24.040564048732627,1.2429790389856277,-1.0929411362302226,5,0,119363
3821057,119408,23.41910073556012,1.2108277482905172,-1.6400944279826768,9,0,2
3822529,119454,23.568323927252493,1.218522898015349,-1.50924668237174,6,0,2
3824641,119520,23.75057428427983,1.2279165471094078,-1.349524697807328,10,0,2
3825953,119561,23.08193158085261,1.1933298816207307,-1.9381807919107599,5,0,13
3827489,119609,23.52904743861727,1.2164247750229626,-1.5452584440981818,5,0,7
3829633,119676,24.819792433218286,1.2831240833089925,-0.41024357408000883,7,0,2
3830977,119718,25.000677175064606,1.2924560003717642,-0.25147067169797704,6,0,2
3832097,119753,25.01196694898787,1.293023483946109,-0.24185054766573846,5,0,31
3833569,119799,23.24979892562297,1.2019063672806747,-1.7927456992474968,5,0,3
3835873,119871,23.94366098379085,1.2377440076991473,-1.1829018695141167,5,0,3
3836801,119900,23.737335777284343,1.227065538012764,-1.3647163265739362,7,0,2
3838561,119955,24.60650391996787,1.271970925008958,-0.600430885841695,5,0,3
3839809,119994,24.198846490023893,1.250880721685217,-0.959494081329502,6,0,2
3840961,120030,23.729606070951085,1.2266091327409872,-1.372728121000505,6,0,2
3842401,120075,26.217565117834255,1.3551927238621677,0.8161439654391862,5,0,3
3843841,120120,23.11906472941258,1.1950112952808067,-1.9108220803014906,8,0,2
3845537,120173,25.01737704205543,1.293109593293422,-0.24084092705340643,5,0,17
3847553,120236,23.121129355574247,1.1950687040266084,-1.9101043337683088,7,0,2
3848833,120276,23.310561741112046,1.2048428217737117,-1.7437799493507744,7,0,2
3850081,120315,24.404454142759445,1.2613648810189069,-0.7814938217550896,5,0,3
3850241,120320,24.716643975258563,1.2774984077559426,-0.5068038024006042,14,0,2
3852001,120375,23.040183500397955,1.1908260210369706,-1.9826557995484013,5,0,3
3854113,120441,22.60435864981216,1.1682731546832872,-2.366834684322974,5,0,3
3855937,120498,23.6495381480083,1.222267009231552,-1.4475412373895824,6,0,2
3857473,120546,24.17931966285869,1.2496261673221065,-0.9817300166520456,6,0,2
3858529,120579,24.48660940626184,1.2654925929450007,-0.7115847345343148,5,0,3
3859393,120606,24.62120012214139,1.272436201733452,-0.5933740502612957,6,0,2
3861889,120684,23.215161116837407,1.1997382409475266,-1.8315787929364231,7,0,2
3863393,120731,23.884617724790587,1.2343146077125549,-1.2428000434109043,5,0,13
3864673,120771,26.326235201022797,1.3604738036886552,0.9058450411475977,5,0,3
3866977,120843,24.33023813452916,1.2572936636453182,-0.851604326686884,5,0,3
3867937,120873,22.990820173691525,1.1880650651997124,-2.0308182407663784,5,0,3
3869057,120908,23.73469202966635,1.2264899388287285,-1.3763933171206497,7,0,2
3870689,120959,24.0801109615958,1.2443170384006434,-1.0728215115999133,5,0,29
3870721,120960,24.20385670319539,1.2507110412118032,-0.9639077589658631,12,0,2
3871969,120999,24.5514586733998,1.2686555664334873,-0.6582939825414317,5,0,3
3873313,121041,23.129602225598937,1.1951657921954337,-1.9102451057546175,5,0,3
3875041,121095,25.192387271185442,1.3017303752434788,-0.09497646449973823,5,0,3
3876577,121143,23.838799628865903,1.2317675139204123,-1.2869197874520792,5,0,3
3878113,121191,23.292679047548773,1.203528713467942,-1.7681015247184744,5,0,3
3879329,121229,24.03356801404685,1.2417936889798684,-1.1162565078839028,5,0,121229
3881249,121289,24.34135330376147,1.2576701072699237,-0.8458570770534525,5,0,7
3882913,121341,25.44287787767403,1.314559659744428,0.12337495249026784,5,0,3
3884161,121380,23.512112359653024,1.2147859351845207,-1.5766913673036476,7,0,2
3885697,121428,23.480136438377308,1.2131133695213958,-1.6052862920614595,7,0,2
3887489,121484,22.945693825002987,1.1854777717890643,-2.0763121232360704,7,0,2
3889729,121554,24.401419319970408,1.2606560865157517,-0.7953669675019789,6,0,2
3891841,121620,24.59241027959748,1.2704938444922291,-0.6278105692797338,7,0,2
3893249,121664,23.361785090356477,1.2068986064090679,-1.7116722358243421,11,0,2
3894689,121709,23.706598276474715,1.2246927411056483,-1.4085049468829087,5,0,7
3896129,121754,24.24366349452974,1.2524179846749934,-0.9360606470132746,6,0,2
3896929,121779,23.719643528973087,1.2253365802381813,-1.3976622089254414,5,0,3
3898369,121824,23.77889260422467,1.2283779592704989,-1.3459083104275362,10,0,2
3900097,121878,24.186830094182707,1.249427688732194,-0.9872205285272301,6,0,2
3902881,121965,23.91967626950838,1.2355895849770946,-1.2232377437459887,5,0,3
3904289,122009,25.02018133661575,1.292417132931351,-0.25461981381128335,5,0,17
3905857,122058,23.6300230979365,1.2205876045416657,-1.4791344965359938,6,0,2
3907361,122105,23.404111513798462,1.2088984762720894,-1.6784924885693373,5,0,5
3910177,122193,24.42104465059627,1.2613875874457494,-0.7838199059004224,5,0,3
3911521,122235,24.796155331364147,1.2807438904082526,-0.4538778362927666,5,0,3
3911681,122240,22.920468274222124,1.183860887360623,-2.1056310837147794,12,0,2
3913249,122289,22.865536321477233,1.1810034041109858,-2.1544637674559017,5,0,3
3915361,122355,26.114650269689836,1.3487888571334736,0.7061585014652866,5,0,3
3916097,122378,24.01546619411484,1.2403586879379942,-1.1426377757033512,6,0,2
3917281,122415,22.8610953659862,1.1807221302915205,-2.159557250543643,5,0,3
3918881,122465,23.990568098729035,1.2390351616938244,-1.165351497975203,5,0,5
3919873,122496,24.500502865797344,1.265357973044954,-0.7165513411207626,12,0,2
3921217,122538,23.701744253391652,1.224087214190023,-1.4203720649164402,6,0,2
3922561,122580,23.8488525351473,1.231666674722201,-1.2911990446246124,7,0,2
3924097,122628,22.67585918562059,1.1710682276462843,-2.324691746600902,7,0,2
3926113,122691,24.142154859005572,1.2467660268110479,-1.0338898729740318,5,0,3
3927713,122741,24.201886058676862,1.2498289774707851,-0.9817320605412688,5,0,122741
3929537,122798,24.51649840799309,1.2660510442019888,-0.705148310333778,6,0,2
3930529,122829,25.088572367561355,1.2955794348886256,-0.2015639155415055,5,0,3
3931969,122874,22.79667582434777,1.1772069913830105,-2.220594893259939,6,0,2
3933569,122924,24.037786550797236,1.241275676488795,-1.127909188581288,7,0,2
3935809,122994,23.493026949133643,1.2131156332214685,-1.608367447633499,6,0,2
3936769,123024,24.69005544772849,1.274913644682679,-0.5542806848499165,9,0,2
3937697,123053,23.815768594796825,1.2297559679437018,-1.3246290067943025,5,0,7
3939713,123116,23.979758231782533,1.238196734348751,-1.1807506551349103,7,0,2
3940801,123150,23.916250708101227,1.2349029722591331,-1.2369976224526922,6,0,2
3942241,123195,25.038556215346873,1.2928324760672392,-0.24880406897883392,5,0,3
3944033,123251,24.243139442528335,1.2517379256075543,-0.9499586058818756,5,0,59
3944449,123264,24.58800420761957,1.26953850147826,-0.6462884689890283,12,0,2
3946337,123323,23.619252800076726,1.2194946169085443,-1.500183723502483,5,0,123323
3948289,123384,26.0128492521073,1.3430509770669314,0.6078268151621247,8,0,2
3949441,123420,23.358550216038914,1.2059937398470355,-1.7307264683739914,7,0,2
3951553,123486,23.526027343687236,1.2146128306056097,-1.583792479338937,6,0,2
3953921,123560,24.25708136080691,1.2523240362061072,-0.94043004379462,8,0,2
3956353,123636,25.006152780875027,1.2909626084117414,-0.28118035148906995,7,0,2
3956737,123648,24.035672769238847,1.2408556671651756,-1.1362726323844259,13,0,2
3958177,123693,24.03823208771542,1.240968538029767,-1.1344207455089297,5,0,3
3959393,123731,24.26493584237151,1.2526556630886312,-0.9350305300333419,5,0,123731
3960833,123776,24.405223603041094,1.2598783589314932,-0.8118322240984222,12,0,2
3962689,123834,24.312116660956583,1.2550468004946511,-0.8943765493504627,6,0,2
3964193,123881,24.2412016688025,1.2513657606608621,-0.9572735121299084,5,0,73
3965569,123924,24.26485824467113,1.2525684132979693,-0.9368120741340288,7,0,2
3967297,123978,24.371178369008152,1.2580333633161342,-0.8436133864137335,6,0,2
3969377,124043,25.007347089836664,1.2908433682310887,-0.28365406192552356,5,0,163
3970657,124083,22.287446129912475,1.1504301713392584,-2.6805582372758305,5,0,3
3972193,124131,24.42198210419695,1.2605895563091443,-0.800199584889667,5,0,3
3974497,124203,24.160738688722322,1.2470741276908779,-1.0310294485561367,5,0,3
3976097,124253,24.703839386412902,1.275084789734894,-0.5529103023312846,5,0,17
3977153,124286,24.312231658227613,1.2548578143576716,-0.8982740648624735,6,0,2
3978497,124328,23.64955896263166,1.2206368753268484,-1.4825852291664634,8,0,2
3980513,124391,24.634968905151943,1.271469892294368,-0.6148024761976275,5,0,53
3982721,124460,23.32519579136101,1.2038409039678595,-1.7696126028059473,7,0,2
3984769,124524,24.060858485012076,1.241782117096072,-1.12189547901222,7,0,2
3985409,124544,24.815499004785693,1.2807203866592696,-0.4570453536319902,12,0,2
3985889,124559,23.12430600918013,1.1934323032263598,-1.947548442355536,5,0,17
3987521,124610,24.745807869161844,1.277094814132987,-0.5190341642325695,6,0,2
3988513,124641,23.913978438322058,1.234152236138964,-1.252377021677064,5,0,3
3990113,124691,25.102352882491527,1.295459705479577,-0.2055168759248901,5,0,7
3991297,124728,24.338202561764085,1.2560082420522782,-0.8792826244399168,8,0,2
3993313,124791,23.118300549191325,1.193027758537325,-1.9549622813021656,5,0,3
3993601,124800,22.935440655491444,1.1835875744858249,-2.116203313385342,12,0,2
3994561,124830,25.50910577926021,1.316388548301719,0.15177582290003153,6,0,2
3996193,124881,25.036397489021933,1.2919721152259032,-0.2652752902095438,5,0,3
3998369,124949,22.868066495980543,1.1800507246459444,-2.1769527653762157,5,0,11
4002017,125063,22.50234838734787,1.1611336209088146,-2.5003440763301206,5,0,125063
4003201,125100,24.22172521019348,1.2498386655214173,-0.9852134280949,7,0,2
4004513,125141,23.091145516190046,1.1914842307192823,-1.98209060498983,5,0,125141
4005889,125184,24.93744556743627,1.2867329724373353,-0.3550930524084993,13,0,2
4006529,125204,25.249129186889455,1.3028064912240371,-0.08053494164013182,7,0,2
4008161,125255,24.289835142345616,1.2532870221506653,-0.9265411555841683,5,0,5
4009729,125304,25.27574210401368,1.3041353148173118,-0.057926573483581094,8,0,2
4011649,125364,25.03877199659621,1.291882186404708,-0.2673211493354957,7,0,2
4013089,125409,22.95475648645073,1.184338740764652,-2.104758450484968,5,0,3
4013953,125436,22.823403391010878,1.1775508492827553,-2.2207934753087555,7,0,2
4015169,125474,23.43124393690022,1.2088961835273835,-1.6853215220757967,6,0,2
4016161,125505,23.59430256896259,1.2172961160713256,-1.541860429763383,5,0,3
4017313,125541,25.316082952700867,1.3061116323154436,-0.024374947183997592,5,0,3
4019009,125594,24.786427611497356,1.2787625779343008,-0.49174041666694684,6,0,2
4020833,125651,23.609852234043675,1.2180380570732894,-1.5294585559494631,5,0,125651
4022593,125706,23.73621982339452,1.2245345715191553,-1.4185467921187191,6,0,2
4024129,125754,24.09845319692571,1.2432017210836075,-1.0996310483353404,6,0,2
4025057,125783,23.113682295667694,1.192387214311339,-1.9680620942900335,5,0,7
4026401,125825,24.111306350792738,1.2438349004615756,-1.0889235995789872,5,0,5
4028929,125904,23.59548245762231,1.2171924578232247,-1.5443863130235043,9,0,2
4030561,125955,24.377513839278407,1.2575125091550683,-0.8553629367712963,5,0,3
4032097,126003,26.036330285653467,1.3430606634237447,0.6067383548428106,5,0,3
4033633,126051,22.34997705341822,1.152884755489091,-2.6438314859001597,5,0,3
4034881,126090,22.681151850581372,1.1699524240409682,-2.3521997043982266,6,0,2
4036033,126126,24.996038113821037,1.289344570124187,-0.31149766964382425,6,0,2
4037281,126165,24.306648351191996,1.2537679953681538,-0.919671258093121,5,0,3
4039073,126221,23.502939793350617,1.212288779269306,-1.6288088630061166,5,0,113
4040513,126266,23.793665649641703,1.2272658853065506,-1.3728665318755746,6,0,2
4042081,126315,24.65260347636329,1.2715484867954239,-0.6159298893679661,5,0,3
4043681,126365,23.32488266547928,1.203046147920676,-1.787098442017743,5,0,5
4045313,126416,22.512410538438456,1.1611206802479754,-2.5039774026307016,9,0,2
4046657,126458,22.760368966289786,1.1738930138951456,-2.285715710034025,6,0,2
4046849,126464,24.881148167470286,1.2832721241889482,-0.415681186875283,14,0,2
4048481,126515,23.2715856590062,1.200236600576793,-1.8354405818807509,5,0,5
4049921,126560,26.408137166478753,1.3619842464806318,0.9300306812650917,10,0,2
4051361,126605,25.285286552096203,1.3040541523591598,-0.06050003857555366,5,0,5
4053761,126680,24.453683182657443,1.2611335589869226,-0.7944827774562306,8,0,2
4056161,126755,23.654899644284846,1.2199077006188455,-1.4995570520378994,5,0,5
4057409,126794,23.618785376154364,1.2180293055626636,-1.531750773390806,6,0,2
4058273,126821,23.950788353579195,1.2351396286110439,-1.239198655242818,5,0,31
4060769,126899,24.33968331056447,1.2551620625377904,-0.8969095316221093,5,0,113
4061857,126933,23.983422792314705,1.2367761283893022,-1.2113984551620214,5,0,3
4065409,127044,24.227367073564665,1.249309374474816,-0.9972207519695727,7,0,2
4066369,127074,23.015085148580404,1.1867848749370071,-2.066669791448677,6,0,2
4067617,127113,24.126854640281714,1.2440976071925676,-1.086468255914618,5,0,3
4070113,127191,23.973701672972553,1.2361680371518131,-1.2222265304457682,5,0,3
4072609,127269,23.212825165378156,1.196903364109885,-1.8940143327428642,5,0,3
4074241,127320,23.6740636197923,1.2206650108263077,-1.4876427593502326,8,0,2
4075777,127368,24.617329006578558,1.269280630136211,-0.6560620511873678,8,0,2
4078273,127446,25.89282414117705,1.3350109724843489,0.4683448475043583,6,0,2
4079617,127488,24.919605842360596,1.2848146968959253,-0.39045429537958215,14,0,2
4081793,127556,23.215774691141043,1.1969407637297445,-1.8939748338018192,7,0,2
4084609,127644,23.123868811433738,1.1921673849577956,-1.9758315338087578,7,0,2
4085857,127683,25.634768940842513,1.3216014441984936,0.2387686901571071,5,0,3
4087297,127728,23.617358228347744,1.2175755160335184,-1.5412523593313965,9,0,2
4089089,127784,23.56887618308404,1.2150534109836084,-1.5845137183427063,8,0,2
4090433,127826,23.165564016509308,1.1942446479496,-1.940674522965088,6,0,2
4091873,127871,23.137675872155278,1.1927890896317943,-1.9656780506501599,5,0,71
4094369,127949,23.539574859543485,1.213476245510262,-1.6118152972580835,5,0,23
4096129,128004,24.23192084671191,1.2491441836168153,-1.0014962053392826,7,0,2
4097633,128051,23.839022820222773,1.2288712933445916,-1.3485291068301168,5,0,7
4100737,128148,24.399461050074244,1.2577206800969918,-0.8549204032576012,7,0,2
4102753,128211,26.716315266908012,1.377118947074127,1.1886540463244464,5,0,3
4104193,128256,24.991876218066448,1.2882118094859598,-0.3331603271463597,13,0,2
4105249,128289,22.771450133450458,1.1737466173028615,-2.2925210686183752,5,0,3
4108193,128381,23.532767727585217,1.2129515096281478,-1.6216172778508269,5,0,11
4109761,128430,23.825435348848874,1.2280165831908034,-1.3638148065715168,6,0,2
4110433,128451,23.88597640950028,1.231128449868631,-1.3105791430493825,5,0,3
4112161,128505,25.123903853560726,1.2949104407216614,-0.21874892632314585,5,0,3
4114753,128586,24.557764572481325,1.2656971732867113,-0.7189748984620539,6,0,2
4116353,128636,24.41975606977783,1.2585634760230842,-0.8411769904244094,7,0,2
4117441,128670,24.840653654662262,1.28024162826954,-0.47006382638442984,6,0,2
4119233,128726,24.421042792127096,1.2585923815110853,-0.8408074967111675,6,0,2
4120577,128768,24.58683921722194,1.2671194998615964,-0.6948605026043218,13,0,2
4120609,128769,23.88900652000386,1.2311552427139993,-1.3106597671220246,5,0,3
4122689,128834,23.18899437377187,1.195053454041183,-1.9289484621217958,6,0,2
4124257,128883,24.400055805001948,1.2574456366901536,-0.8606626140109725,5,0,3
4124993,128906,24.569708796943054,1.266179024768454,-0.7111443286372868,6,0,2
4126433,128951,23.23685686016452,1.1974738752299738,-1.887744317596408,5,0,128951
4127521,128985,24.305044981226796,1.2525071937494319,-0.9453759367996307,5,0,3
4129633,129051,24.44643819761281,1.259766201015318,-0.8211572517821896,5,0,3
4132001,129125,23.97156629046431,1.2352651641995438,-1.2408737671793104,5,0,5
4133377,129168,22.77383687029754,1.1735290492728765,-2.2982912482357145,9,0,2
4134497,129203,24.158001637017758,1.2448403200598561,-1.077005797565186,5,0,47
4136641,129270,23.1373911005197,1.192222909260899,-1.9783394779063412,6,0,2
4138369,129324,24.88751723573209,1.2823806126779949,-0.43417981000411626,7,0,2
4139809,129369,24.42669142081808,1.258617011805673,-0.8412790069253575,5,0,3
4141057,129408,23.342234686046304,1.202723569956372,-1.7987598857395914,12,0,2
4141121,129410,24.911685466053683,1.2835896824154478,-0.4135658494764089,6,0,2
4142753,129461,23.579499190398327,1.2149276433498566,-1.5898089005912857,5,0,129461
4144801,129525,23.889102274080262,1.2308540230809315,-1.3170967340052606,5,0,3
4147361,129605,24.998379429832266,1.2879742657008337,-0.33866742943833605,5,0,5
4148449,129639,24.229458402733606,1.2483437705417832,-1.0176542125323917,5,0,3
4150049,129689,25.00864188226509,1.2884675545413737,-0.33030537335849214,5,0,7
4151681,129740,23.859052460838836,1.2292191558202155,-1.3454696112979811,7,0,2
4152737,129773,24.936177390188643,1.2846987913467385,-0.3949661703061702,5,0,7
4154561,129830,23.79816177283034,1.2260459586753352,-1.3999926823447808,6,0,2
4156673,129896,23.663273857300172,1.2190704230463163,-1.5196318184784081,8,0,2
4159553,129986,23.40603643674065,1.2057827551778322,-1.7474896634550678,6,0,2
4160929,130029,24.047697660479933,1.2388211046701885,-1.181419441819242,5,0,3
4162657,130083,24.63617129387371,1.2691140464511392,-0.6623795362114557,5,0,3
4163329,130104,24.380324436836762,1.255925677867844,-0.8884163515546095,8,0,2
4165633,130176,23.773695348978464,1.224647078519267,-1.424566333451078,12,0,2
4166689,130209,23.49012233510357,1.2100264470744082,-1.6751957369790305,5,0,3
4168097,130253,24.318946312980906,1.2527029741018507,-0.943858914255295,5,0,130253
4169729,130304,23.292305054692008,1.1997993052858156,-1.8506623230511807,13,0,2
4170017,130313,24.196232952806888,1.2463574686238155,-1.052703254205874,5,0,151
4171009,130344,23.988817182625475,1.2356609232449332,-1.2360855872140992,8,0,2
4172417,130388,24.150975746229495,1.2439958662471462,-1.093294677346504,7,0,2
4173473,130421,23.680189322407337,1.2197329618178747,-1.5092244159560986,5,0,41
4175201,130475,24.493252311265735,1.2615905138510894,-0.7918361185199617,5,0,5
4176929,130529,25.739250853546107,1.325745717449584,0.30782098387891826,5,0,7
4178177,130568,24.60796184820631,1.2674606008114866,-0.6913351021788502,8,0,2
4179649,130614,23.527991359855548,1.2118173945406403,-1.6452645112597262,6,0,2
4181633,130676,23.793457362344967,1.225465629249034,-1.4114052837440538,7,0,2
4182433,130701,23.51262397740872,1.2109916670714207,-1.6595839066895273,5,0,3
4183457,130733,24.884231012134414,1.2816214528355399,-0.44877332177896734,5,0,239
4185409,130794,23.992540443844455,1.235671930149723,-1.2366267778092992,6,0,2
4186849,130839,24.37279904097965,1.2552378118794245,-0.9012413975510404,5,0,3
4188257,130883,23.518536057623752,1.2112246299260563,-1.6559329062189752,5,0,17
4189313,130916,24.09988267350106,1.2411511971455225,-1.1428772955526523,7,0,2
4191041,130970,24.43108247260919,1.2581860675758274,-0.8508734299449497,6,0,2
4192129,131004,22.867338708500668,1.1776412319611738,-2.232009834175394,7,0,2
