n,p,M,trim,theta,count,survival,micro_cost,slack
512,1299457,2538,5,0.75,1023,0.403073286052,0.587936175336,0.013263824664
512,1264129,2469,5,0.75,994,0.402592142568,0.587234363358,0.013965636642
512,1161217,2268,5,0.75,912,0.402116402116,0.586540432425,0.014659567575
512,2912257,5688,5,0.75,2286,0.401898734177,0.586222934689,0.014977065311
1024,3474433,3393,5,0.75,1363,0.401709401709,0.585946768020,0.015253231980
1024,3266561,3190,5,0.75,1279,0.400940438871,0.584825133108,0.016374866892
512,1512961,2955,5,0.75,1184,0.400676818951,0.584440608275,0.016759391725
512,1942529,3794,5,0.75,1519,0.400369003690,0.583991618641,0.017208381359
256,696833,2722,5,0.75,1089,0.400073475386,0.583560551173,0.017639448827
256,592129,2313,5,0.75,925,0.399913532209,0.583327252706,0.017872747294
256,671233,2622,5,0.75,1048,0.399694889397,0.583008332989,0.018191667011
1024,2654209,2592,5,0.75,1036,0.399691358025,0.583003182010,0.018196817990
512,1208833,2361,5,0.75,943,0.399407030919,0.582588452985,0.018611547015
256,1630721,6370,5,0.75,2543,0.399215070644,0.582308453308,0.018891546692
256,573953,2242,5,0.75,895,0.399197145406,0.582282306956,0.018917693044
256,644353,2517,5,0.75,1003,0.398490266190,0.581251229291,0.019948770709
256,636673,2487,5,0.75,991,0.398472054684,0.581224665380,0.019975334620
1024,2126849,2077,5,0.75,827,0.398170438132,0.580784717389,0.020415282611
256,576769,2253,5,0.75,897,0.398135818908,0.580734220632,0.020465779368
256,628993,2457,5,0.75,978,0.398046398046,0.580603788372,0.020596211628
1024,4850689,4737,5,0.75,1884,0.397720075997,0.580127804118,0.021072195882
1024,3942401,3850,5,0.75,1531,0.397662337662,0.580043585052,0.021156414948
1024,2575361,2515,5,0.75,1000,0.397614314115,0.579973536300,0.021226463700
512,1079297,2108,5,0.75,838,0.397533206831,0.579855230503,0.021344769497
256,1168897,4566,5,0.75,1815,0.397503285151,0.579811585740,0.021388414260
1024,5145601,5025,5,0.75,1997,0.397412935323,0.579679798459,0.021520201541
256,1710337,6681,5,0.75,2655,0.397395599461,0.579654511791,0.021545488209
256,679169,2653,5,0.75,1054,0.397286091217,0.579494779404,0.021705220596
1024,3081217,3009,5,0.75,1195,0.397141907611,0.579284468373,0.021915531627
256,1251841,4890,5,0.75,1942,0.397137014315,0.579277330848,0.021922669152
1024,2119681,2070,5,0.75,822,0.397101449275,0.579225454492,0.021974545508
512,1124353,2196,5,0.75,872,0.397085610200,0.579202351088,0.021997648912
512,1198081,2340,5,0.75,929,0.397008547009,0.579089944139,0.022110055861
1024,3511297,3429,5,0.75,1361,0.396908719743,0.578944332751,0.022255667249
256,1082369,4228,5,0.75,1678,0.396877956481,0.578899460427,0.022300539573
512,1794049,3504,5,0.75,1390,0.396689497717,0.578624568172,0.022575431828
256,556289,2173,5,0.75,862,0.396686608376,0.578620353682,0.022579646318
512,3148801,6150,5,0.75,2439,0.396585365854,0.578472677954,0.022727322046
512,1136129,2219,5,0.75,880,0.396575033799,0.578457607273,0.022742392727
1024,2869249,2802,5,0.75,1111,0.396502498216,0.578351804445,0.022848195555
256,967937,3781,5,0.75,1499,0.396455964031,0.578283928127,0.022916071873
512,1960961,3830,5,0.75,1518,0.396344647520,0.578121558141,0.023078441859
1024,3066881,2995,5,0.75,1187,0.396327212020,0.578096126138,0.023103873862
1024,5286913,5163,5,0.75,2046,0.396281231842,0.578029057913,0.023170942087
256,1839361,7185,5,0.75,2847,0.396242171190,0.577972082739,0.023227917261
256,1312001,5125,5,0.75,2030,0.396097560976,0.577761149444,0.023438850556
1024,4423681,4320,5,0.75,1711,0.396064814815,0.577713384799,0.023486615201
512,2132993,4166,5,0.75,1650,0.396063370139,0.577711277547,0.023488722453
512,2059777,4023,5,0.75,1593,0.395973154362,0.577579685798,0.023620314202
256,642049,2508,5,0.75,993,0.395933014354,0.577521136239,0.023678863761
512,2391041,4670,5,0.75,1849,0.395931477516,0.577518894556,0.023681105444
512,1876481,3665,5,0.75,1451,0.395907230559,0.577483527134,0.023716472866
512,1647617,3218,5,0.75,1274,0.395898073337,0.577470170104,0.023729829896
1024,5318657,5194,5,0.75,2056,0.395841355410,0.577387439438,0.023812560562
512,1582081,3090,5,0.75,1223,0.395792880259,0.577316731961,0.023883268039
512,3053569,5964,5,0.75,2360,0.395707578806,0.577192308410,0.024007691590
512,1563137,3053,5,0.75,1208,0.395676383885,0.577146806454,0.024053193546
512,2303489,4499,5,0.75,1780,0.395643476328,0.577098806391,0.024101193609
1024,3957761,3865,5,0.75,1529,0.395601552393,0.577037654738,0.024162345262
256,1171969,4578,5,0.75,1810,0.395369156837,0.576698674807,0.024501325193
1024,4553729,4447,5,0.75,1758,0.395322689454,0.576630895928,0.024569104072
256,1696001,6625,5,0.75,2619,0.395320754717,0.576628073856,0.024571926144
256,820481,3205,5,0.75,1267,0.395319812793,0.576626699934,0.024573300066
512,1217537,2378,5,0.75,940,0.395290159798,0.576583447084,0.024616552916
256,1503233,5872,5,0.75,2321,0.395265667575,0.576547721908,0.024652278092
1024,6065153,5923,5,0.75,2341,0.395238899206,0.576508676671,0.024691323329
256,930817,3636,5,0.75,1437,0.395214521452,0.576473118463,0.024726881537
512,3942401,7700,5,0.75,3043,0.395194805195,0.576444359671,0.024755640329
512,1211393,2366,5,0.75,935,0.395181741336,0.576425304289,0.024774695711
512,2552833,4986,5,0.75,1970,0.395106297633,0.576315259582,0.024884740418
1024,2552833,2493,5,0.75,985,0.395106297633,0.576315259582,0.024884740418
1024,2190337,2139,5,0.75,845,0.395044413277,0.576224992990,0.024975007010
512,2489857,4863,5,0.75,1921,0.395023647954,0.576194703995,0.025005296005
512,1320961,2580,5,0.75,1019,0.394961240310,0.576103674119,0.025096325881
512,1230337,2403,5,0.75,949,0.394923012901,0.576047914341,0.025152085659
1024,5388289,5262,5,0.75,2078,0.394906879513,0.576024381643,0.025175618357
256,572417,2236,5,0.75,883,0.394901610018,0.576016695380,0.025183304620
256,549121,2145,5,0.75,847,0.394871794872,0.575973206011,0.025226793989
256,1256449,4908,5,0.75,1938,0.394865525672,0.575964061547,0.025235938453
1024,6301697,6154,5,0.75,2430,0.394865128372,0.575963482031,0.025236517969
1024,7360513,7188,5,0.75,2838,0.394824707846,0.575904523301,0.025295476699
256,711937,2781,5,0.75,1098,0.394822006472,0.575900582987,0.025299417013
512,2231809,4359,5,0.75,1721,0.394815324616,0.575890836607,0.025309163393
512,1102337,2153,5,0.75,850,0.394797956340,0.575865502659,0.025334497341
256,1111553,4342,5,0.75,1714,0.394748963611,0.575794040227,0.025405959773
512,1996289,3899,5,0.75,1539,0.394716593998,0.575746824827,0.025453175173
512,1662977,3248,5,0.75,1282,0.394704433498,0.575729087113,0.025470912887
1024,5824513,5688,5,0.75,2245,0.394690576653,0.575708875056,0.025491124944
1024,6008833,5868,5,0.75,2316,0.394683026585,0.575697862275,0.025502137725
256,1920769,7503,5,0.75,2961,0.394642143143,0.575638228319,0.025561771681
512,3360257,6563,5,0.75,2590,0.394636599116,0.575630141616,0.025569858384
256,1834753,7167,5,0.75,2828,0.394586298312,0.575556771180,0.025643228820
512,3245569,6339,5,0.75,2501,0.394541725824,0.575491756260,0.025708243740
512,3767297,7358,5,0.75,2903,0.394536558848,0.575484219535,0.025715780465
256,785153,3067,5,0.75,1210,0.394522334529,0.575463471468,0.025736528532
1024,3280897,3204,5,0.75,1264,0.394506866417,0.575440909162,0.025759090838
1024,4046849,3952,5,0.75,1559,0.394483805668,0.575407271983,0.025792728017
512,1055233,2061,5,0.75,813,0.394468704512,0.575385244932,0.025814755068
512,1920001,3750,5,0.75,1479,0.394400000000,0.575285030232,0.025914969768
512,3400193,6641,5,0.75,2619,0.394368318024,0.575238817843,0.025961182157
256,805121,3145,5,0.75,1240,0.394276629571,0.575105077998,0.026094922002
256,2020609,7893,5,0.75,3112,0.394273406816,0.575100377181,0.026099622819
1024,3002369,2932,5,0.75,1156,0.394270122783,0.575095586980,0.026104413020
512,3875329,7569,5,0.75,2984,0.394239661778,0.575051155540,0.026148844460
256,1136129,4438,5,0.75,1749,0.394096439838,0.574842247228,0.026357752772
256,1545473,6037,5,0.75,2379,0.394069902269,0.574803538643,0.026396461357
512,1377281,2690,5,0.75,1060,0.394052044610,0.574777490863,0.026422509137
256,1923073,7512,5,0.75,2960,0.394036208733,0.574754392123,0.026445607877
1024,4111361,4015,5,0.75,1582,0.394022415940,0.574734273495,0.026465726505
512,3526657,6888,5,0.75,2714,0.394018583043,0.574728682703,0.026471317297
512,2810881,5490,5,0.75,2163,0.393989071038,0.574685635506,0.026514364494
256,817409,3193,5,0.75,1258,0.393986846226,0.574682390320,0.026517609680
1024,6939649,6777,5,0.75,2670,0.393979637008,0.574671874713,0.026528125287
512,2414593,4716,5,0.75,1858,0.393977947413,0.574669410214,0.026530589786
512,3655681,7140,5,0.75,2813,0.393977591036,0.574668890391,0.026531109609
512,1460737,2853,5,0.75,1124,0.393971258325,0.574659653286,0.026540346714
256,1687297,6591,5,0.75,2596,0.393870429373,0.574512580806,0.026687419194
256,1882369,7353,5,0.75,2896,0.393852849177,0.574486937744,0.026713062256
512,2869249,5604,5,0.75,2207,0.393825838687,0.574447539339,0.026752460661
1024,6596609,6442,5,0.75,2537,0.393821794474,0.574441640315,0.026758359685
1024,6750209,6592,5,0.75,2596,0.393810679612,0.574425427805,0.026774572195
512,1253377,2448,5,0.75,964,0.393790849673,0.574396503194,0.026803496806
1024,3263489,3187,5,0.75,1255,0.393787260747,0.574391268265,0.026808731735
1024,5060609,4942,5,0.75,1946,0.393767705382,0.574362744157,0.026837255843
256,622849,2433,5,0.75,958,0.393752568845,0.574340665497,0.026859334503
256,1178113,4602,5,0.75,1812,0.393741851369,0.574325032628,0.026874967372
256,1848577,7221,5,0.75,2843,0.393712782163,0.574282631312,0.026917368688
512,1721857,3363,5,0.75,1324,0.393696104668,0.574258304961,0.026941695039
256,1125121,4395,5,0.75,1730,0.393629124005,0.574160604725,0.027039395275
1024,6415361,6265,5,0.75,2466,0.393615323224,0.574140474445,0.027059525555
256,552193,2157,5,0.75,849,0.393602225313,0.574121369393,0.027078630607
1024,5726209,5592,5,0.75,2201,0.393597997139,0.574115202037,0.027084797963
1024,5432321,5305,5,0.75,2088,0.393590951932,0.574104925663,0.027095074337
512,1453057,2838,5,0.75,1117,0.393587033122,0.574099209555,0.027100790445
1024,7152641,6985,5,0.75,2749,0.393557623479,0.574056311667,0.027143688333
256,1403137,5481,5,0.75,2157,0.393541324576,0.574032537541,0.027167462459
512,3228161,6305,5,0.75,2481,0.393497224425,0.573968211587,0.027231788413
1024,2297857,2244,5,0.75,883,0.393493761141,0.573963159924,0.027236840076
1024,2787329,2722,5,0.75,1071,0.393460690669,0.573914922228,0.027285077772
512,3630593,7091,5,0.75,2790,0.393456494148,0.573908801042,0.027291198958
1024,7508993,7333,5,0.75,2885,0.393426973953,0.573865741899,0.027334258101
1024,5385217,5259,5,0.75,2069,0.393420802434,0.573856739915,0.027343260085
512,2190337,4278,5,0.75,1683,0.393408134642,0.573838262250,0.027361737750
256,2018561,7885,5,0.75,3102,0.393405199746,0.573833981313,0.027366018687
1024,4188161,4090,5,0.75,1609,0.393398533007,0.573824256984,0.027375743016
1024,5882881,5745,5,0.75,2260,0.393385552654,0.573805323407,0.027394676593
1024,4360193,4258,5,0.75,1675,0.393377172381,0.573793099661,0.027406900339
512,3956737,7728,5,0.75,3040,0.393374741201,0.573789553459,0.027410446541
256,625409,2443,5,0.75,961,0.393368808842,0.573780900322,0.027419099678
1024,7216129,7047,5,0.75,2772,0.393358876117,0.573766412118,0.027433587882
1024,7914497,7729,5,0.75,3040,0.393323845258,0.573715314935,0.027484685065
1024,4996097,4879,5,0.75,1919,0.393318302931,0.573707230711,0.027492769289
512,2495489,4874,5,0.75,1917,0.393311448502,0.573697232613,0.027502767387
256,1720321,6720,5,0.75,2643,0.393303571429,0.573685742849,0.027514257151
256,1443073,5637,5,0.75,2217,0.393294305482,0.573672227229,0.027527772771
1024,3022849,2952,5,0.75,1161,0.393292682927,0.573669860517,0.027530139483
256,1695233,6622,5,0.75,2604,0.393234672304,0.573585244283,0.027614755717
512,2285057,4463,5,0.75,1755,0.393233251176,0.573583171378,0.027616828622
256,1632769,6378,5,0.75,2508,0.393226716839,0.573573640175,0.027626359825
512,2217473,4331,5,0.75,1703,0.393211729393,0.573551778984,0.027648221016
1024,2200577,2149,5,0.75,845,0.393206142392,0.573543629598,0.027656370402
256,1330177,5196,5,0.75,2043,0.393187066975,0.573515805557,0.027684194443
512,2116097,4133,5,0.75,1625,0.393176869102,0.573500930599,0.027699069401
256,1265921,4945,5,0.75,1944,0.393124368049,0.573424350806,0.027775649194
512,1370113,2676,5,0.75,1052,0.393124065770,0.573423909892,0.027776090108
1024,2638849,2577,5,0.75,1013,0.393092743500,0.573378222182,0.027821777818
1024,2331649,2277,5,0.75,895,0.393061045235,0.573331986032,0.027868013968
256,668929,2613,5,0.75,1027,0.393034825871,0.573293741591,0.027906258409
1024,2469889,2412,5,0.75,948,0.393034825871,0.573293741591,0.027906258409
512,2979329,5819,5,0.75,2287,0.393022856161,0.573276282172,0.027923717828
1024,6393857,6244,5,0.75,2454,0.393017296605,0.573268172817,0.027931827183
512,2371073,4631,5,0.75,1820,0.393003670913,0.573248297928,0.027951702072
256,1328897,5191,5,0.75,2040,0.392987863610,0.573225240867,0.027974759133
1024,7845889,7662,5,0.75,3011,0.392978334638,0.573211341590,0.027988658410
256,1054721,4120,5,0.75,1619,0.392961165049,0.573186297452,0.028013702548
512,3581953,6996,5,0.75,2749,0.392938822184,0.573153707403,0.028046292597
512,1635329,3194,5,0.75,1255,0.392924232937,0.573132427039,0.028067572961
512,2546177,4973,5,0.75,1954,0.392921777599,0.573128845601,0.028071154399
256,1155841,4515,5,0.75,1774,0.392912513843,0.573115333176,0.028084666824
1024,5632001,5500,5,0.75,2161,0.392909090909,0.573110340371,0.028089659629
1024,2452481,2395,5,0.75,941,0.392901878914,0.573099820714,0.028100179286
512,3227137,6303,5,0.75,2476,0.392828811677,0.572993242398,0.028206757602
1024,3219457,3144,5,0.75,1235,0.392811704835,0.572968289786,0.028231710214
256,1343233,5247,5,0.75,2061,0.392795883362,0.572945212056,0.028254787944
256,525313,2052,5,0.75,806,0.392787524366,0.572933019346,0.028266980654
256,1493249,5833,5,0.75,2291,0.392765300874,0.572900603417,0.028299396583
512,2360833,4611,5,0.75,1811,0.392756451963,0.572887696099,0.028312303901
1024,2148353,2098,5,0.75,824,0.392755004766,0.572885585170,0.028314414830
512,2472961,4830,5,0.75,1897,0.392753623188,0.572883569954,0.028316430046
1024,7514113,7338,5,0.75,2882,0.392750068138,0.572878384439,0.028321615561
1024,4768769,4657,5,0.75,1829,0.392742108654,0.572866774469,0.028333225531
512,1732609,3384,5,0.75,1329,0.392730496454,0.572849836526,0.028350163474
1024,6223873,6078,5,0.75,2387,0.392727871010,0.572846006966,0.028353993034
512,4044289,7899,5,0.75,3102,0.392707937714,0.572816931593,0.028383068407
256,1365761,5335,5,0.75,2095,0.392689784442,0.572790452624,0.028409547376
512,1841153,3596,5,0.75,1412,0.392658509455,0.572744833881,0.028455166119
256,1582337,6181,5,0.75,2427,0.392654910209,0.572739583900,0.028460416100
1024,7124993,6958,5,0.75,2732,0.392641563668,0.572720116189,0.028479883811
1024,4869121,4755,5,0.75,1867,0.392639327024,0.572716853746,0.028483146254
256,1161217,4536,5,0.75,1781,0.392636684303,0.572712998985,0.028487001015
1024,6752257,6594,5,0.75,2589,0.392629663330,0.572702757959,0.028497242041
256,1243393,4857,5,0.75,1907,0.392629194976,0.572702074803,0.028497925197
512,1980929,3869,5,0.75,1519,0.392607909020,0.572671026395,0.028528973605
256,898561,3510,5,0.75,1378,0.392592592593,0.572648685341,0.028551314659
1024,7296001,7125,5,0.75,2797,0.392561403509,0.572603191901,0.028596808099
1024,4620289,4512,5,0.75,1771,0.392508865248,0.572526557837,0.028673442163
1024,7453697,7279,5,0.75,2857,0.392498969639,0.572512123770,0.028687876230
256,1969153,7692,5,0.75,3019,0.392485699428,0.572492767397,0.028707232603
256,1669121,6520,5,0.75,2559,0.392484662577,0.572491255011,0.028708744989
512,1359361,2655,5,0.75,1042,0.392467043315,0.572465554966,0.028734445034
256,964097,3766,5,0.75,1478,0.392458842273,0.572453592652,0.028746407348
256,1120001,4375,5,0.75,1717,0.392457142857,0.572451113827,0.028748886173
512,1423361,2780,5,0.75,1091,0.392446043165,0.572434923446,0.028765076554
512,3260417,6368,5,0.75,2499,0.392430904523,0.572412841715,0.028787158285
512,2022401,3950,5,0.75,1550,0.392405063291,0.572375148831,0.028824851169
1024,3721217,3634,5,0.75,1426,0.392405063291,0.572375148831,0.028824851169
256,1810433,7072,5,0.75,2775,0.392392533937,0.572356873095,0.028843126905
512,1638913,3201,5,0.75,1256,0.392377382068,0.572334772073,0.028865227927
256,927233,3622,5,0.75,1421,0.392324682496,0.572257902714,0.028942097286
256,997121,3895,5,0.75,1528,0.392297817715,0.572218716847,0.028981283153
512,4006913,7826,5,0.75,3070,0.392282136468,0.572195843656,0.029004156344
256,1472257,5751,5,0.75,2256,0.392279603547,0.572192149052,0.029007850948
256,928001,3625,5,0.75,1422,0.392275862069,0.572186691607,0.029013308393
256,786433,3072,5,0.75,1205,0.392252604167,0.572152766853,0.029047233147
512,1294849,2529,5,0.75,992,0.392249901147,0.572148824138,0.029051175862
512,1888769,3689,5,0.75,1447,0.392247221469,0.572144915470,0.029055084530
1024,4513793,4408,5,0.75,1729,0.392241379310,0.572136393902,0.029063606098
256,1394177,5446,5,0.75,2136,0.392214469335,0.572097142113,0.029102857887
256,1055489,4123,5,0.75,1617,0.392190152801,0.572061673203,0.029138326797
512,1873409,3659,5,0.75,1435,0.392183656737,0.572052197826,0.029147802174
256,1551617,6061,5,0.75,2377,0.392179508332,0.572046146824,0.029153853176
512,3898369,7614,5,0.75,2986,0.392172314158,0.572035653161,0.029164346839
256,646913,2527,5,0.75,991,0.392164622082,0.572024433241,0.029175566759
1024,5303297,5179,5,0.75,2031,0.392160648774,0.572018637642,0.029181362358
1024,3655681,3570,5,0.75,1400,0.392156862745,0.572013115213,0.029186884787
512,3456001,6750,5,0.75,2647,0.392148148148,0.572000403811,0.029199596189
256,1571329,6138,5,0.75,2407,0.392147279244,0.571999136398,0.029200863602
512,3885569,7589,5,0.75,2976,0.392146527869,0.571998040418,0.029201959582
1024,3650561,3565,5,0.75,1398,0.392145862553,0.571997069965,0.029202930035
512,2893313,5651,5,0.75,2216,0.392142983543,0.571992870545,0.029207129455
256,1282817,5011,5,0.75,1965,0.392137297945,0.571984577341,0.029215422659
1024,3877889,3787,5,0.75,1485,0.392130974386,0.571975353587,0.029224646413
512,2290177,4473,5,0.75,1754,0.392130561145,0.571974750819,0.029225249181
256,596737,2331,5,0.75,914,0.392106392106,0.571939497052,0.029260502948
512,3328513,6501,5,0.75,2549,0.392093524073,0.571920727308,0.029279272692
512,2652161,5180,5,0.75,2031,0.392084942085,0.571908209333,0.029291790667
512,3166721,6185,5,0.75,2425,0.392077607114,0.571897510299,0.029302489701
1024,4079617,3984,5,0.75,1562,0.392068273092,0.571883895383,0.029316104617
512,2810369,5489,5,0.75,2152,0.392056840955,0.571867220085,0.029332779915
256,1804801,7050,5,0.75,2764,0.392056737589,0.571867069312,0.029332930688
512,1302017,2543,5,0.75,997,0.392056626032,0.571866906592,0.029333093408
512,3749377,7323,5,0.75,2871,0.392052437526,0.571860797096,0.029339202904
1024,2907137,2839,5,0.75,1113,0.392039450511,0.571841853802,0.029358146198
256,796673,3112,5,0.75,1220,0.392030848329,0.571829306372,0.029370693628
256,1291009,5043,5,0.75,1977,0.392028554432,0.571825960417,0.029374039583
512,3926017,7668,5,0.75,3006,0.392018779343,0.571811702145,0.029388297855
512,1154561,2255,5,0.75,884,0.392017738359,0.571810183731,0.029389816269
1024,4205569,4107,5,0.75,1610,0.392013635257,0.571804198809,0.029395801191
1024,6789121,6630,5,0.75,2599,0.392006033183,0.571793110169,0.029406889831
512,1684993,3291,5,0.75,1290,0.391978122151,0.571752398206,0.029447601794
1024,5990401,5850,5,0.75,2293,0.391965811966,0.571734442157,0.029465557843
512,3731969,7289,5,0.75,2857,0.391960488407,0.571726677037,0.029473322963
1024,5501953,5373,5,0.75,2106,0.391959798995,0.571725671437,0.029474328563
256,1751041,6840,5,0.75,2681,0.391959064327,0.571724599826,0.029475400174
256,1598209,6243,5,0.75,2447,0.391958994073,0.571724497351,0.029475502649
256,532993,2082,5,0.75,816,0.391930835735,0.571683424657,0.029516575343
256,1707521,6670,5,0.75,2614,0.391904047976,0.571644351136,0.029555648864
512,3628033,7086,5,0.75,2777,0.391899520181,0.571637746742,0.029562253258
1024,2424833,2368,5,0.75,928,0.391891891892,0.571626619865,0.029573380135
512,3911681,7640,5,0.75,2994,0.391884816754,0.571616299832,0.029583700168
1024,6307841,6160,5,0.75,2414,0.391883116883,0.571613820344,0.029586179656
256,1904897,7441,5,0.75,2916,0.391882811450,0.571613374829,0.029586625171
256,2007553,7842,5,0.75,3073,0.391864320326,0.571586403058,0.029613596942
1024,6666241,6510,5,0.75,2551,0.391858678955,0.571578174365,0.029621825635
1024,7168001,7000,5,0.75,2743,0.391857142857,0.571575933761,0.029624066239
256,1823489,7123,5,0.75,2791,0.391829285413,0.571535299962,0.029664700038
256,1403393,5482,5,0.75,2148,0.391827800073,0.571533133395,0.029666866605
256,814081,3180,5,0.75,1246,0.391823899371,0.571527443701,0.029672556299
512,2165249,4229,5,0.75,1657,0.391818396784,0.571519417443,0.029680582557
1024,3724289,3637,5,0.75,1425,0.391806433874,0.571501967943,0.029698032057
512,1199617,2343,5,0.75,918,0.391805377721,0.571500427402,0.029699572598
512,2034689,3974,5,0.75,1557,0.391796678410,0.571487738296,0.029712261704
1024,4618241,4510,5,0.75,1767,0.391796008869,0.571486761682,0.029713238318
1024,2942977,2874,5,0.75,1126,0.391788448156,0.571475733372,0.029724266628
256,1614593,6307,5,0.75,2471,0.391786903441,0.571473480199,0.029726519801
512,1383937,2703,5,0.75,1059,0.391786903441,0.571473480199,0.029726519801
512,1191937,2328,5,0.75,912,0.391752577320,0.571423410971,0.029776589029
1024,8058881,7870,5,0.75,3083,0.391740787802,0.571406214386,0.029793785614
256,1734401,6775,5,0.75,2654,0.391734317343,0.571396776359,0.029803223641
256,2025217,7911,5,0.75,3099,0.391733029958,0.571394898536,0.029805101464
256,1546241,6040,5,0.75,2366,0.391721854305,0.571378597354,0.029821402646
512,1236481,2415,5,0.75,946,0.391718426501,0.571373597445,0.029826402555
512,1990657,3888,5,0.75,1523,0.391718106996,0.571373131404,0.029826868596
256,809729,3163,5,0.75,1239,0.391716724629,0.571371115037,0.029828884963
512,1210369,2364,5,0.75,926,0.391708967851,0.571359800742,0.029840199258
256,1377793,5382,5,0.75,2108,0.391675956893,0.571311649855,0.029888350145
256,1604609,6268,5,0.75,2455,0.391671984684,0.571305855858,0.029894144142
512,3870721,7560,5,0.75,2961,0.391666666667,0.571298098819,0.029901901181
256,956929,3738,5,0.75,1464,0.391653290530,0.571278587939,0.029921412061
512,2178049,4254,5,0.75,1666,0.391631405736,0.571246666046,0.029953333954
256,1124353,4392,5,0.75,1720,0.391621129326,0.571231676531,0.029968323469
512,2222593,4341,5,0.75,1700,0.391614835291,0.571222495842,0.029977504158
1024,3684353,3598,5,0.75,1409,0.391606448027,0.571210261897,0.029989738103
1024,6830081,6670,5,0.75,2612,0.391604197901,0.571206979789,0.029993020211
256,645889,2523,5,0.75,988,0.391597304796,0.571196925275,0.030003074725
1024,5969921,5830,5,0.75,2283,0.391595197256,0.571193851146,0.030006148854
1024,6574081,6420,5,0.75,2514,0.391588785047,0.571184498084,0.030015501916
1024,5426177,5299,5,0.75,2075,0.391583317607,0.571176523094,0.030023476906
512,1787393,3491,5,0.75,1367,0.391578344314,0.571169268882,0.030030731118
512,2200577,4298,5,0.75,1683,0.391577477897,0.571168005097,0.030031994903
256,1973761,7710,5,0.75,3019,0.391569390402,0.571156208407,0.030043791593
512,2101249,4104,5,0.75,1607,0.391569200780,0.571155931817,0.030044068183
512,3291137,6428,5,0.75,2517,0.391568139390,0.571154383639,0.030045616361
256,1402369,5478,5,0.75,2145,0.391566265060,0.571151649679,0.030048350321
256,1647617,6436,5,0.75,2520,0.391547545059,0.571124344059,0.030075655941
1024,5523457,5394,5,0.75,2112,0.391546162403,0.571122327270,0.030077672730
256,1186049,4633,5,0.75,1814,0.391538959637,0.571111821076,0.030088178924
512,1401857,2738,5,0.75,1072,0.391526661797,0.571093883034,0.030106116966
512,1628161,3180,5,0.75,1245,0.391509433962,0.571068753938,0.030131246062
256,1318913,5152,5,0.75,2017,0.391498447205,0.571052728287,0.030147271713
256,583937,2281,5,0.75,893,0.391494958352,0.571047639329,0.030152360671
512,2526721,4935,5,0.75,1932,0.391489361702,0.571039475868,0.030160524132
512,3543041,6920,5,0.75,2709,0.391473988439,0.571017051913,0.030182948087
1024,5948417,5809,5,0.75,2274,0.391461525219,0.570998872644,0.030201127356
1024,5032961,4915,5,0.75,1924,0.391454730417,0.570988961518,0.030211038482
512,1410049,2754,5,0.75,1078,0.391430646333,0.570953831667,0.030246168333
1024,3456001,3375,5,0.75,1321,0.391407407407,0.570919934593,0.030280065407
512,3116033,6086,5,0.75,2382,0.391390075583,0.570894653815,0.030305346185
256,1049857,4101,5,0.75,1605,0.391367959034,0.570862393877,0.030337606123
1024,2323457,2269,5,0.75,888,0.391361833407,0.570853458832,0.030346541168
1024,4165633,4068,5,0.75,1592,0.391347099312,0.570831967188,0.030368032812
512,1632769,3189,5,0.75,1248,0.391345249294,0.570829268691,0.030370731309
512,1747969,3414,5,0.75,1336,0.391329818395,0.570806760665,0.030393239335
256,1977601,7725,5,0.75,3023,0.391326860841,0.570802446678,0.030397553322
256,630017,2461,5,0.75,963,0.391304347826,0.570769608441,0.030430391559
256,759553,2967,5,0.75,1161,0.391304347826,0.570769608441,0.030430391559
512,1495553,2921,5,0.75,1143,0.391304347826,0.570769608441,0.030430391559
1024,6429697,6279,5,0.75,2457,0.391304347826,0.570769608441,0.030430391559
512,3819521,7460,5,0.75,2919,0.391286863271,0.570744104884,0.030455895116
256,1584641,6190,5,0.75,2422,0.391276252019,0.570728626958,0.030471373042
1024,7882753,7698,5,0.75,3012,0.391270459860,0.570720178320,0.030479821680
512,2307073,4506,5,0.75,1763,0.391256102974,0.570699236886,0.030500763114
256,760321,2970,5,0.75,1162,0.391245791246,0.570684195855,0.030515804145
1024,6326273,6178,5,0.75,2417,0.391226934283,0.570656690458,0.030543309542
256,1143809,4468,5,0.75,1748,0.391226499552,0.570656056346,0.030543943654
1024,3360769,3282,5,0.75,1284,0.391224862888,0.570653669053,0.030546330947
512,2574337,5028,5,0.75,1967,0.391209228321,0.570630863951,0.030569136049
512,2875393,5616,5,0.75,2197,0.391203703704,0.570622805558,0.030577194442
1024,4832257,4719,5,0.75,1846,0.391184573003,0.570594900878,0.030605099122
512,2274817,4443,5,0.75,1738,0.391177132568,0.570584048011,0.030615951989
512,2791937,5453,5,0.75,2133,0.391160828902,0.570560266938,0.030639733062
1024,5578753,5448,5,0.75,2131,0.391152716593,0.570548434054,0.030651565946
512,2090497,4083,5,0.75,1597,0.391133970120,0.570521089821,0.030678910179
1024,3414017,3334,5,0.75,1304,0.391121775645,0.570503302552,0.030696697448
256,1474049,5758,5,0.75,2252,0.391108023619,0.570483243387,0.030716756613
256,1500929,5863,5,0.75,2293,0.391096708170,0.570466738294,0.030733261706
256,2006273,7837,5,0.75,3065,0.391093530688,0.570462103513,0.030737896487
1024,2979841,2910,5,0.75,1138,0.391065292096,0.570420913759,0.030779086241
1024,4807681,4695,5,0.75,1836,0.391054313099,0.570404899426,0.030795100574
1024,6842369,6682,5,0.75,2613,0.391050583658,0.570399459538,0.030800540462
1024,2377729,2322,5,0.75,908,0.391042204996,0.570387238142,0.030812761858
1024,3543041,3460,5,0.75,1353,0.391040462428,0.570384696374,0.030815303626
512,1724417,3368,5,0.75,1317,0.391033254157,0.570374182149,0.030825817851
1024,7667713,7488,5,0.75,2928,0.391025641026,0.570363077381,0.030836922619
256,1281281,5005,5,0.75,1957,0.391008991009,0.570338791110,0.030861208890
256,1543169,6028,5,0.75,2357,0.391008626410,0.570338259294,0.030861740706
1024,6463489,6312,5,0.75,2468,0.391001267427,0.570327525235,0.030872474765
1024,7186433,7018,5,0.75,2744,0.390994585352,0.570317778537,0.030882221463
256,1317377,5146,5,0.75,2012,0.390983287991,0.570301299828,0.030898700172
256,1061377,4146,5,0.75,1621,0.390979257115,0.570295420258,0.030904579742
512,1566209,3059,5,0.75,1196,0.390977443609,0.570292775017,0.030907224983
512,1767937,3453,5,0.75,1350,0.390964378801,0.570273718251,0.030926281749
256,962561,3760,5,0.75,1470,0.390957446809,0.570263607015,0.030936392985
512,1051649,2054,5,0.75,803,0.390944498539,0.570244720237,0.030955279763
512,3383297,6608,5,0.75,2583,0.390889830508,0.570164979619,0.031035020381
512,3943937,7703,5,0.75,3011,0.390886667532,0.570160365996,0.031039634004
512,3345409,6534,5,0.75,2554,0.390878481788,0.570148425995,0.031051574005
256,1512961,5910,5,0.75,2310,0.390862944162,0.570125762295,0.031074237705
256,1612033,6297,5,0.75,2461,0.390821025885,0.570064618894,0.031135381106
256,1304833,5097,5,0.75,1992,0.390818128311,0.570060392395,0.031139607605
256,1762049,6883,5,0.75,2690,0.390817957286,0.570060142933,0.031139857067
1024,2761729,2697,5,0.75,1054,0.390804597701,0.570040656195,0.031159343805
1024,3118081,3045,5,0.75,1190,0.390804597701,0.570040656195,0.031159343805
256,1646849,6433,5,0.75,2514,0.390797450645,0.570030231261,0.031169768739
512,1830401,3575,5,0.75,1397,0.390769230769,0.569989068806,0.031210931194
256,1907713,7452,5,0.75,2912,0.390767579173,0.569986659733,0.031213340267
256,659713,2577,5,0.75,1007,0.390764454792,0.569982102406,0.031217897594
1024,4006913,3913,5,0.75,1529,0.390748786098,0.569959247524,0.031240752476
256,658433,2572,5,0.75,1005,0.390746500778,0.569955914080,0.031244085920
256,1073153,4192,5,0.75,1638,0.390744274809,0.569952667208,0.031247332792
256,1708033,6672,5,0.75,2607,0.390737410072,0.569942654073,0.031257345927
1024,3068929,2997,5,0.75,1171,0.390724057391,0.569923177405,0.031276822595
256,1628161,6360,5,0.75,2485,0.390723270440,0.569922029533,0.031277970467
1024,3420161,3340,5,0.75,1305,0.390718562874,0.569915162920,0.031284837080
512,2492417,4868,5,0.75,1902,0.390714872638,0.569909780217,0.031290219783
512,1725953,3371,5,0.75,1317,0.390685256600,0.569866581275,0.031333418725
1024,3428353,3348,5,0.75,1308,0.390681003584,0.569860377683,0.031339622317
256,708353,2767,5,0.75,1081,0.390675822190,0.569852819928,0.031347180072
512,1437697,2808,5,0.75,1097,0.390669515670,0.569843621026,0.031356378974
512,1172993,2291,5,0.75,895,0.390659100829,0.569828429592,0.031371570408
1024,2715649,2652,5,0.75,1036,0.390648567119,0.569813064770,0.031386935230
256,793601,3100,5,0.75,1211,0.390645161290,0.569808096914,0.031391903086
256,902401,3525,5,0.75,1377,0.390638297872,0.569798085703,0.031401914297
512,2591233,5061,5,0.75,1977,0.390634262004,0.569792198850,0.031407801150
256,1393921,5445,5,0.75,2127,0.390633608815,0.569791246088,0.031408753912
512,2726401,5325,5,0.75,2080,0.390610328638,0.569757288844,0.031442711156
1024,7741441,7560,5,0.75,2953,0.390608465608,0.569754571366,0.031445428634
512,1439233,2811,5,0.75,1098,0.390608324440,0.569754365452,0.031445634548
256,1667329,6513,5,0.75,2544,0.390603408567,0.569747194997,0.031452805003
512,1251841,2445,5,0.75,955,0.390593047035,0.569732081318,0.031467918682
256,620033,2422,5,0.75,946,0.390586292320,0.569722228666,0.031477771334
512,3675649,7179,5,0.75,2804,0.390583646747,0.569718369745,0.031481630255
256,772097,3016,5,0.75,1178,0.390583554377,0.569718235010,0.031481764990
256,1108993,4332,5,0.75,1692,0.390581717452,0.569715555609,0.031484444391
512,3867137,7553,5,0.75,2950,0.390573282140,0.569703251581,0.031496748419
256,684289,2673,5,0.75,1044,0.390572390572,0.569701951112,0.031498048888
512,2910209,5684,5,0.75,2220,0.390570021112,0.569698494937,0.031501505063
256,1739009,6793,5,0.75,2653,0.390549094656,0.569667970909,0.031532029091
1024,5369857,5244,5,0.75,2048,0.390541571320,0.569656997119,0.031543002881
256,595201,2325,5,0.75,908,0.390537634409,0.569651254609,0.031548745391
512,3474433,6786,5,0.75,2650,0.390509873268,0.569610761281,0.031589238719
512,3305473,6456,5,0.75,2521,0.390489467162,0.569580996252,0.031619003748
256,1431809,5593,5,0.75,2184,0.390488110138,0.569579016851,0.031620983149
256,694273,2712,5,0.75,1059,0.390486725664,0.569576997411,0.031623002589
256,940801,3675,5,0.75,1435,0.390476190476,0.569561630434,0.031638369566
256,999169,3903,5,0.75,1524,0.390468870100,0.569550952688,0.031649047312
256,1541377,6021,5,0.75,2351,0.390466699884,0.569547787138,0.031652212862
1024,4350977,4249,5,0.75,1659,0.390444810544,0.569515858615,0.031684141385
256,1778177,6946,5,0.75,2712,0.390440541319,0.569509631381,0.031690368619
1024,6491137,6339,5,0.75,2475,0.390440132513,0.569509035083,0.031690964917
1024,3598337,3514,5,0.75,1372,0.390438247012,0.569506284828,0.031693715172
512,1904129,3719,5,0.75,1452,0.390427534283,0.569490658884,0.031709341116
256,1748737,6831,5,0.75,2667,0.390425999122,0.569488419646,0.031711580354
512,2331649,4554,5,0.75,1778,0.390425999122,0.569488419646,0.031711580354
256,529153,2067,5,0.75,807,0.390420899855,0.569480981685,0.031719018315
1024,7760897,7579,5,0.75,2959,0.390420899855,0.569480981685,0.031719018315
256,865537,3381,5,0.75,1320,0.390417036380,0.569475346291,0.031724653709
256,1623553,6342,5,0.75,2476,0.390413118890,0.569469632109,0.031730367891
256,1372417,5361,5,0.75,2093,0.390412236523,0.569468345059,0.031731654941
256,1574401,6150,5,0.75,2401,0.390406504065,0.569459983504,0.031740016496
1024,5610497,5479,5,0.75,2139,0.390399707976,0.569450070501,0.031749929499
512,2108929,4119,5,0.75,1608,0.390386016023,0.569430098961,0.031769901039
256,1883393,7357,5,0.75,2872,0.390376512165,0.569416236316,0.031783763684
256,622337,2431,5,0.75,949,0.390374331551,0.569413055599,0.031786944401
256,1547009,6043,5,0.75,2359,0.390369022009,0.569405310924,0.031794689076
256,605953,2367,5,0.75,924,0.390367553866,0.569403169441,0.031796830559
256,1861889,7273,5,0.75,2839,0.390347861955,0.569374446161,0.031825553839
1024,6658049,6502,5,0.75,2538,0.390341433405,0.569365069263,0.031834930737
256,1410049,5508,5,0.75,2150,0.390341321714,0.569364906347,0.031835093653
512,2147329,4194,5,0.75,1637,0.390319504053,0.569333082378,0.031866917622
1024,2749441,2685,5,0.75,1048,0.390316573557,0.569328807857,0.031871192143
256,712961,2785,5,0.75,1087,0.390305206463,0.569312227434,0.031887772566
1024,4326401,4225,5,0.75,1649,0.390295857988,0.569298591436,0.031901408564
256,1904129,7438,5,0.75,2903,0.390293089540,0.569294553285,0.031905446715
256,1302017,5086,5,0.75,1985,0.390287062525,0.569285762079,0.031914237921
512,1969153,3846,5,0.75,1501,0.390275611024,0.569269058538,0.031930941462
1024,7643137,7464,5,0.75,2913,0.390273311897,0.569265704953,0.031934295047
1024,7979009,7792,5,0.75,3041,0.390272073922,0.569263899202,0.031936100798
1024,6019073,5878,5,0.75,2294,0.390268798911,0.569259122161,0.031940877839
512,3781121,7385,5,0.75,2882,0.390250507786,0.569232442114,0.031967557886
256,1964033,7672,5,0.75,2994,0.390250260688,0.569232081689,0.031967918311
1024,4012033,3918,5,0.75,1529,0.390250127616,0.569231887586,0.031968112414
256,1700353,6642,5,0.75,2592,0.390243902439,0.569222807334,0.031977192666
256,2045441,7990,5,0.75,3118,0.390237797247,0.569213902096,0.031986097904
256,926977,3621,5,0.75,1413,0.390223695112,0.569193332251,0.032006667749
1024,8022017,7834,5,0.75,3057,0.390222108757,0.569191018340,0.032008981660
512,2754049,5379,5,0.75,2099,0.390221230712,0.569189737595,0.032010262405
512,1695233,3311,5,0.75,1292,0.390214436726,0.569179827660,0.032020172340
512,3159553,6171,5,0.75,2408,0.390212283260,0.569176686543,0.032023313457
256,1222913,4777,5,0.75,1864,0.390203056311,0.569163227807,0.032036772193
512,2557441,4995,5,0.75,1949,0.390190190190,0.569144460852,0.032055539148
512,3944449,7704,5,0.75,3006,0.390186915888,0.569139684845,0.032060315155
256,1828609,7143,5,0.75,2787,0.390172196556,0.569118214735,0.032081785265
512,3030017,5918,5,0.75,2309,0.390165596485,0.569108587651,0.032091412349
256,1980929,7738,5,0.75,3019,0.390152494185,0.569089476197,0.032110523803
256,581377,2271,5,0.75,886,0.390136503743,0.569066152004,0.032133847996
512,2155009,4209,5,0.75,1642,0.390116417201,0.569036853103,0.032163146897
512,1770497,3458,5,0.75,1349,0.390109890110,0.569027332469,0.032172667531
1024,2236417,2184,5,0.75,852,0.390109890110,0.569027332469,0.032172667531
256,1807361,7060,5,0.75,2754,0.390084985836,0.568991006262,0.032208993738
512,1807361,3530,5,0.75,1377,0.390084985836,0.568991006262,0.032208993738
1024,4811777,4699,5,0.75,1833,0.390082996382,0.568988104379,0.032211895621
512,3900929,7619,5,0.75,2972,0.390077437984,0.568979996713,0.032220003287
512,3826177,7473,5,0.75,2915,0.390070921986,0.568970492260,0.032229507740
256,1361153,5317,5,0.75,2074,0.390069588114,0.568968546630,0.032231453370
256,1489153,5817,5,0.75,2269,0.390063606670,0.568959821896,0.032240178104
1024,7361537,7189,5,0.75,2804,0.390040339407,0.568925883489,0.032274116511
256,1191937,4656,5,0.75,1816,0.390034364261,0.568917167940,0.032282832060
256,1638913,6402,5,0.75,2497,0.390034364261,0.568917167940,0.032282832060
1024,3082241,3010,5,0.75,1174,0.390033222591,0.568915502663,0.032284497337
1024,6285313,6138,5,0.75,2394,0.390029325513,0.568909818254,0.032290181746
1024,4208641,4110,5,0.75,1603,0.390024330900,0.568902532945,0.032297467055
1024,3612673,3528,5,0.75,1376,0.390022675737,0.568900118668,0.032299881332
256,1359361,5310,5,0.75,2071,0.390018832392,0.568894512636,0.032305487364
256,1779457,6951,5,0.75,2711,0.390015825061,0.568890126043,0.032309873957
1024,4221953,4123,5,0.75,1608,0.390007276255,0.568877656469,0.032322343531
256,788993,3082,5,0.75,1202,0.390006489293,0.568876508579,0.032323491421
1024,8113153,7923,5,0.75,3090,0.390003786445,0.568872566114,0.032327433886
1024,7023617,6859,5,0.75,2675,0.389998542062,0.568864916482,0.032335083518
1024,5198849,5077,5,0.75,1980,0.389994090999,0.568858424013,0.032341575987
256,1946369,7603,5,0.75,2965,0.389977640405,0.568834428627,0.032365571373
256,1193473,4662,5,0.75,1818,0.389961389961,0.568810725186,0.032389274814
256,877057,3426,5,0.75,1336,0.389959136019,0.568807437510,0.032392562490
256,2034433,7947,5,0.75,3099,0.389958474896,0.568806473175,0.032393526825
1024,5587969,5457,5,0.75,2128,0.389957852300,0.568805565035,0.032394434965
256,1987841,7765,5,0.75,3028,0.389954925950,0.568801296563,0.032398703437
512,1893377,3698,5,0.75,1442,0.389940508383,0.568780266617,0.032419733383
256,554753,2167,5,0.75,845,0.389940009229,0.568779538535,0.032420461465
256,1704961,6660,5,0.75,2597,0.389939939940,0.568779437468,0.032420562532
256,1373441,5365,5,0.75,2092,0.389934762349,0.568771885260,0.032428114740
256,1714177,6696,5,0.75,2611,0.389934289128,0.568771195004,0.032428804996
1024,7200769,7032,5,0.75,2742,0.389931740614,0.568767477657,0.032432522343
256,1764097,6891,5,0.75,2687,0.389928892759,0.568763323679,0.032436676321
1024,6786049,6627,5,0.75,2584,0.389920024144,0.568750387621,0.032449612379
1024,6906881,6745,5,0.75,2630,0.389918458117,0.568748103362,0.032451896638
256,568577,2221,5,0.75,866,0.389914452949,0.568742261290,0.032457738710
1024,4995073,4878,5,0.75,1902,0.389913899139,0.568741453484,0.032458546516
256,1294081,5055,5,0.75,1971,0.389910979228,0.568737194405,0.032462805595
512,2808833,5486,5,0.75,2139,0.389901567627,0.568723466328,0.032476533672
1024,6082561,5940,5,0.75,2316,0.389898989899,0.568719706368,0.032480293632
256,1742593,6807,5,0.75,2654,0.389892757456,0.568710615518,0.032489384482
512,1143809,2234,5,0.75,871,0.389883616831,0.568697282697,0.032502717303
1024,4979713,4863,5,0.75,1896,0.389882788402,0.568696074323,0.032503925677
256,1032193,4032,5,0.75,1572,0.389880952381,0.568693396241,0.032506603759
256,1376257,5376,5,0.75,2096,0.389880952381,0.568693396241,0.032506603759
512,3115009,6084,5,0.75,2372,0.389875082183,0.568684833774,0.032515166226
1024,6694913,6538,5,0.75,2549,0.389874579382,0.568684100372,0.032515899628
256,1951489,7623,5,0.75,2972,0.389872753509,0.568681437093,0.032518562907
512,3740161,7305,5,0.75,2848,0.389869952088,0.568677350845,0.032522649155
256,1272577,4971,5,0.75,1938,0.389861194931,0.568664577363,0.032535422637
512,1543169,3014,5,0.75,1175,0.389847378898,0.568644424837,0.032555575163
1024,5526529,5397,5,0.75,2104,0.389846210858,0.568642721094,0.032557278906
1024,2337793,2283,5,0.75,890,0.389837932545,0.568630646070,0.032569353930
512,2428417,4743,5,0.75,1849,0.389837655492,0.568630241951,0.032569758049
256,679681,2655,5,0.75,1035,0.389830508475,0.568619817072,0.032580182928
512,2446849,4779,5,0.75,1863,0.389830508475,0.568619817072,0.032580182928
256,1847297,7216,5,0.75,2813,0.389828159645,0.568616390991,0.032583609009
512,1731073,3381,5,0.75,1318,0.389825495416,0.568612504857,0.032587495143
1024,7342081,7170,5,0.75,2795,0.389818688982,0.568602576765,0.032597423235
512,2813441,5495,5,0.75,2142,0.389808917197,0.568588323313,0.032611676687
1024,8033281,7845,5,0.75,3058,0.389802421925,0.568578849092,0.032621150908
512,3965441,7745,5,0.75,3019,0.389799870884,0.568575128059,0.032624871941
256,1324033,5172,5,0.75,2016,0.389791183295,0.568562456050,0.032637543950
256,1514497,5916,5,0.75,2306,0.389790398918,0.568561311932,0.032638688068
256,1758209,6868,5,0.75,2677,0.389778683751,0.568544223797,0.032655776203
256,1106689,4323,5,0.75,1685,0.389775618783,0.568539753133,0.032660246867
256,1331969,5203,5,0.75,2028,0.389775129733,0.568539039788,0.032660960212
512,2512897,4908,5,0.75,1913,0.389771801141,0.568534184592,0.032665815408
512,1451521,2835,5,0.75,1105,0.389770723104,0.568532612131,0.032667387869
512,3904001,7625,5,0.75,2972,0.389770491803,0.568532274748,0.032667725252
256,1701121,6645,5,0.75,2590,0.389766741911,0.568526805030,0.032673194970
1024,5456897,5329,5,0.75,2077,0.389754175267,0.568508474904,0.032691525096
512,1908737,3728,5,0.75,1453,0.389753218884,0.568507079891,0.032692920109
256,1073921,4195,5,0.75,1635,0.389749702026,0.568501950084,0.032698049916
256,1772801,6925,5,0.75,2699,0.389747292419,0.568498435350,0.032701564650
256,1198081,4680,5,0.75,1824,0.389743589744,0.568493034504,0.032706965496
1024,2414593,2358,5,0.75,919,0.389737065310,0.568483517747,0.032716482253
1024,7383041,7210,5,0.75,2810,0.389736477115,0.568482659787,0.032717340213
512,2651137,5178,5,0.75,2018,0.389725762843,0.568467031591,0.032732968409
512,2460673,4806,5,0.75,1873,0.389721181856,0.568460349610,0.032739650390
512,2469889,4824,5,0.75,1880,0.389718076285,0.568455819721,0.032744180279
512,1991681,3890,5,0.75,1516,0.389717223650,0.568454576039,0.032745423961
512,3714049,7254,5,0.75,2827,0.389716018748,0.568452818529,0.032747181471
1024,7664641,7485,5,0.75,2917,0.389712758851,0.568448063533,0.032751936467
256,765953,2992,5,0.75,1166,0.389705882353,0.568438033243,0.032761966757
1024,4632577,4524,5,0.75,1763,0.389699381079,0.568428550267,0.032771449733
256,1774337,6931,5,0.75,2701,0.389698456211,0.568427201225,0.032772798775
512,2007553,3921,5,0.75,1528,0.389696505993,0.568424356572,0.032775643428
1024,5941249,5802,5,0.75,2261,0.389693209238,0.568419547814,0.032780452186
256,2021377,7896,5,0.75,3077,0.389690982776,0.568416300222,0.032783699778
1024,7825409,7642,5,0.75,2978,0.389688563203,0.568412770953,0.032787229047
512,1856513,3626,5,0.75,1413,0.389685603971,0.568408454518,0.032791545482
512,1072129,2094,5,0.75,816,0.389684813754,0.568407301880,0.032792698120
512,2183681,4265,5,0.75,1662,0.389683470106,0.568405341990,0.032794658010
1024,4525057,4419,5,0.75,1722,0.389680923286,0.568401627113,0.032798372887
512,1944577,3798,5,0.75,1480,0.389678778304,0.568398498372,0.032801501628
1024,5053441,4935,5,0.75,1923,0.389665653495,0.568379354086,0.032820645914
1024,3030017,2959,5,0.75,1153,0.389658668469,0.568369165493,0.032830834507
256,894209,3493,5,0.75,1361,0.389636415689,0.568336706843,0.032863293157
1024,8020993,7833,5,0.75,3052,0.389633601430,0.568332601872,0.032867398128
1024,7671809,7492,5,0.75,2919,0.389615589963,0.568306329743,0.032893670257
256,1631489,6373,5,0.75,2483,0.389612427428,0.568301716765,0.032898283235
256,600577,2346,5,0.75,914,0.389599317988,0.568282594897,0.032917405103
256,1142017,4461,5,0.75,1738,0.389598744676,0.568281758645,0.032918241355
256,1745921,6820,5,0.75,2657,0.389589442815,0.568268190640,0.032931809360
1024,7548929,7372,5,0.75,2872,0.389582202930,0.568257630301,0.032942369699
512,3025409,5909,5,0.75,2302,0.389575224234,0.568247450942,0.032952549058
256,1747969,6828,5,0.75,2660,0.389572349151,0.568243257249,0.032956742751
512,3641857,7113,5,0.75,2771,0.389568395895,0.568237490898,0.032962509102
1024,2707457,2644,5,0.75,1030,0.389561270802,0.568227097999,0.032972902001
256,1867009,7293,5,0.75,2841,0.389551624846,0.568213028084,0.032986971916
256,1528577,5971,5,0.75,2326,0.389549489198,0.568209912957,0.032990087043
512,3005953,5871,5,0.75,2287,0.389541815704,0.568198720143,0.033001279857
512,2377729,4644,5,0.75,1809,0.389534883721,0.568188608920,0.033011391080
256,1565441,6115,5,0.75,2382,0.389533932952,0.568187222096,0.033012777904
256,665089,2598,5,0.75,1012,0.389530408006,0.568182080493,0.033017919507
1024,4592641,4485,5,0.75,1747,0.389520624303,0.568167809656,0.033032190344
256,1415681,5530,5,0.75,2154,0.389511754069,0.568154871236,0.033045128764
512,2752513,5376,5,0.75,2094,0.389508928571,0.568150749871,0.033049250129
1024,6556673,6403,5,0.75,2494,0.389504919569,0.568144902206,0.033055097794
512,2780161,5430,5,0.75,2115,0.389502762431,0.568141755732,0.033058244268
256,1507073,5887,5,0.75,2293,0.389502293188,0.568141071279,0.033058928721
256,1759489,6873,5,0.75,2677,0.389495125855,0.568130616767,0.033069383233
512,2115073,4131,5,0.75,1609,0.389494069233,0.568129075542,0.033070924458
512,3993601,7800,5,0.75,3038,0.389487179487,0.568119025929,0.033080974071
256,1051649,4108,5,0.75,1600,0.389483933788,0.568114291643,0.033085708357
256,1299457,5076,5,0.75,1977,0.389479905437,0.568108415757,0.033091584243
512,3219457,6288,5,0.75,2449,0.389472010178,0.568096899468,0.033103100532
256,1062913,4152,5,0.75,1617,0.389450867052,0.568066059397,0.033133940603
512,4072961,7955,5,0.75,3098,0.389440603394,0.568051088482,0.033148911518
1024,5506049,5377,5,0.75,2094,0.389436488748,0.568045086722,0.033154913278
256,702721,2745,5,0.75,1069,0.389435336976,0.568043406709,0.033156593291
256,561409,2193,5,0.75,854,0.389420884633,0.568022326038,0.033177673962
256,1529089,5973,5,0.75,2326,0.389419052402,0.568019653485,0.033180346515
1024,6829057,6669,5,0.75,2597,0.389413705203,0.568011853881,0.033188146119
1024,3573761,3490,5,0.75,1359,0.389398280802,0.567989355334,0.033210644666
1024,7975937,7789,5,0.75,3033,0.389395301066,0.567985008991,0.033214991009
1024,5772289,5637,5,0.75,2195,0.389391520312,0.567979494257,0.033220505743
1024,6156289,6012,5,0.75,2341,0.389387890885,0.567974200253,0.033225799747
1024,7326721,7155,5,0.75,2786,0.389378057303,0.567959856661,0.033240143339
1024,6737921,6580,5,0.75,2562,0.389361702128,0.567936000456,0.033263999544
1024,2790401,2725,5,0.75,1061,0.389357798165,0.567930306006,0.033269693994
1024,5117953,4998,5,0.75,1946,0.389355742297,0.567927307248,0.033272692752
1024,7874561,7690,5,0.75,2994,0.389336801040,0.567899678897,0.033300321103
512,2861569,5589,5,0.75,2176,0.389336196099,0.567898796510,0.033301203490
512,1563649,3054,5,0.75,1189,0.389325474787,0.567883158046,0.033316841954
512,3548161,6930,5,0.75,2698,0.389321789322,0.567877782303,0.033322217697
256,1532161,5985,5,0.75,2330,0.389306599833,0.567855626406,0.033344373594
512,3686401,7200,5,0.75,2803,0.389305555556,0.567854103188,0.033345896812
512,2892289,5649,5,0.75,2199,0.389272437600,0.567805796230,0.033394203770
256,1527041,5965,5,0.75,2322,0.389270746018,0.567803328833,0.033396671167
1024,4790273,4678,5,0.75,1821,0.389268918341,0.567800662922,0.033399337078
1024,8128513,7938,5,0.75,3090,0.389266817838,0.567797599058,0.033402400942
256,929281,3630,5,0.75,1413,0.389256198347,0.567782109113,0.033417890887
256,1591553,6217,5,0.75,2420,0.389255267814,0.567780751807,0.033419248193
256,1129217,4411,5,0.75,1717,0.389254137384,0.567779102923,0.033420897077
256,1651457,6451,5,0.75,2511,0.389241977988,0.567761366822,0.033438633178
256,1802753,7042,5,0.75,2741,0.389236012496,0.567752665356,0.033447334644
1024,7340033,7168,5,0.75,2790,0.389229910714,0.567743765093,0.033456234907
256,836609,3268,5,0.75,1272,0.389228886169,0.567742270657,0.033457729343
1024,6835201,6675,5,0.75,2598,0.389213483146,0.567719803293,0.033480196707
512,1670657,3263,5,0.75,1270,0.389212381244,0.567718196022,0.033481803978
1024,5591041,5460,5,0.75,2125,0.389194139194,0.567691587557,0.033508412443
1024,7475201,7300,5,0.75,2841,0.389178082192,0.567668166277,0.033531833723
1024,5372929,5247,5,0.75,2042,0.389174766533,0.567663329946,0.033536670054
512,1201153,2346,5,0.75,913,0.389173060529,0.567660841511,0.033539158489
256,1210369,4728,5,0.75,1840,0.389170896785,0.567657685402,0.033542314598
512,3072001,6000,5,0.75,2335,0.389166666667,0.567651515210,0.033548484790
512,4081153,7971,5,0.75,3102,0.389160707565,0.567642823065,0.033557176935
512,1256449,2454,5,0.75,955,0.389160554197,0.567642599358,0.033557400642
512,2314241,4520,5,0.75,1759,0.389159292035,0.567640758326,0.033559241674
256,995329,3888,5,0.75,1513,0.389146090535,0.567621502176,0.033578497824
256,782849,3058,5,0.75,1190,0.389143230870,0.567617330973,0.033582669027
1024,5431297,5304,5,0.75,2064,0.389140271493,0.567613014327,0.033586985673
1024,7504897,7329,5,0.75,2852,0.389139036704,0.567611213222,0.033588786778
1024,4049921,3955,5,0.75,1539,0.389127686473,0.567594657396,0.033605342604
256,715777,2796,5,0.75,1088,0.389127324750,0.567594129774,0.033605870226
256,1384193,5407,5,0.75,2104,0.389125208064,0.567591042305,0.033608957695
256,1692161,6610,5,0.75,2572,0.389107413011,0.567565085846,0.033634914154
256,925697,3616,5,0.75,1407,0.389103982301,0.567560081698,0.033639918302
256,1450753,5667,5,0.75,2205,0.389094759132,0.567546628475,0.033653371525
256,1473793,5757,5,0.75,2240,0.389091540733,0.567541934011,0.033658065989
512,1689601,3300,5,0.75,1284,0.389090909091,0.567541012676,0.033658987324
256,1740289,6798,5,0.75,2645,0.389085025007,0.567532429955,0.033667570045
512,3466241,6770,5,0.75,2634,0.389069423929,0.567509673701,0.033690326299
256,632321,2470,5,0.75,961,0.389068825911,0.567508801411,0.033691198589
256,1156097,4516,5,0.75,1757,0.389061116032,0.567497555524,0.033702444476
256,1800961,7035,5,0.75,2737,0.389054726368,0.567488235347,0.033711764653
512,2787329,5444,5,0.75,2118,0.389052167524,0.567484502931,0.033715497069
256,1748993,6832,5,0.75,2658,0.389051522248,0.567483561710,0.033716438290
512,3795457,7413,5,0.75,2884,0.389046270066,0.567475900702,0.033724099298
512,1409537,2753,5,0.75,1071,0.389030148928,0.567452385871,0.033747614129
256,844289,3298,5,0.75,1283,0.389023650697,0.567442907334,0.033757092666
256,979201,3825,5,0.75,1488,0.389019607843,0.567437010292,0.033762989708
512,2262529,4419,5,0.75,1719,0.389002036660,0.567411380376,0.033788619624
1024,3072001,3000,5,0.75,1167,0.389000000000,0.567408409636,0.033791590364
1024,3127297,3054,5,0.75,1188,0.388998035363,0.567405543951,0.033794456049
256,1047041,4090,5,0.75,1591,0.388997555012,0.567404843295,0.033795156705
256,683777,2671,5,0.75,1039,0.388992886559,0.567398033734,0.033801966266
1024,7065601,6900,5,0.75,2684,0.388985507246,0.567387270021,0.033812729979
256,1622273,6337,5,0.75,2465,0.388985324286,0.567387003149,0.033812996851
512,1318913,2576,5,0.75,1002,0.388975155280,0.567372170296,0.033827829704
512,3018241,5895,5,0.75,2293,0.388973706531,0.567370057103,0.033829942897
512,2349569,4589,5,0.75,1785,0.388973632600,0.567369949264,0.033830050736
512,3435521,6710,5,0.75,2610,0.388971684054,0.567367107050,0.033832892950
512,3721217,7268,5,0.75,2827,0.388965327463,0.567357835114,0.033842164886
512,2236417,4368,5,0.75,1699,0.388965201465,0.567357651329,0.033842348671
256,1201153,4692,5,0.75,1825,0.388959931799,0.567349964818,0.033850035182
1024,8040449,7852,5,0.75,3054,0.388945491594,0.567328901853,0.033871098147
256,1532929,5988,5,0.75,2329,0.388944555778,0.567327536840,0.033872463160
256,1569793,6132,5,0.75,2385,0.388943248532,0.567325630047,0.033874369953
1024,3148801,3075,5,0.75,1196,0.388943089431,0.567325397977,0.033874602023
1024,5647361,5515,5,0.75,2145,0.388939256573,0.567319807242,0.033880192758
1024,3425281,3345,5,0.75,1301,0.388938714499,0.567319016555,0.033880983445
1024,6679553,6523,5,0.75,2537,0.388931473249,0.567308454224,0.033891545776
256,1413889,5523,5,0.75,2148,0.388919065725,0.567290356196,0.033909643804
512,3445249,6729,5,0.75,2617,0.388913657304,0.567282467292,0.033917532708
1024,7848961,7665,5,0.75,2981,0.388910632746,0.567278055571,0.033921944429
512,1366529,2669,5,0.75,1038,0.388909704009,0.567276700884,0.033923299116
1024,7791617,7609,5,0.75,2959,0.388881587594,0.567235689340,0.033964310660
1024,3404801,3325,5,0.75,1293,0.388872180451,0.567221967767,0.033978032233
1024,8150017,7959,5,0.75,3095,0.388867948235,0.567215794515,0.033984205485
1024,5993473,5853,5,0.75,2276,0.388860413463,0.567204804045,0.033995195955
256,1487873,5812,5,0.75,2260,0.388850653820,0.567190568303,0.034009431697
256,1032961,4035,5,0.75,1569,0.388847583643,0.567186090040,0.034013909960
256,1005313,3927,5,0.75,1527,0.388846447670,0.567184433072,0.034015566928
1024,7729153,7548,5,0.75,2935,0.388844727080,0.567181923362,0.034018076638
512,2761217,5393,5,0.75,2097,0.388837381791,0.567171209278,0.034028790722
512,3274753,6396,5,0.75,2487,0.388836772983,0.567170321250,0.034029678750
256,1880321,7345,5,0.75,2856,0.388835942818,0.567169110344,0.034030889656
512,2669057,5213,5,0.75,2027,0.388835603299,0.567168615111,0.034031384889
256,1038337,4056,5,0.75,1577,0.388806706114,0.567126464710,0.034073535290
512,1692161,3305,5,0.75,1285,0.388804841150,0.567123744410,0.034076255590
512,2021377,3948,5,0.75,1535,0.388804457953,0.567123185467,0.034076814533
256,1993729,7788,5,0.75,3028,0.388803287108,0.567121477633,0.034078522367
512,1507841,2945,5,0.75,1145,0.388794567063,0.567108758283,0.034091241717
512,3167233,6186,5,0.75,2405,0.388781118655,0.567089141986,0.034110858014
512,1514497,2958,5,0.75,1150,0.388776200135,0.567081967669,0.034118032331
512,3657217,7143,5,0.75,2777,0.388772224556,0.567076168755,0.034123831245
1024,6108161,5965,5,0.75,2319,0.388767812238,0.567069732801,0.034130267199
1024,7272449,7102,5,0.75,2761,0.388763728527,0.567063776164,0.034136223836
512,3279361,6405,5,0.75,2490,0.388758782201,0.567056561288,0.034143438712
512,3550721,6935,5,0.75,2696,0.388752703677,0.567047694949,0.034152305051
512,3021313,5901,5,0.75,2294,0.388747669886,0.567040352494,0.034159647506
512,2146817,4193,5,0.75,1630,0.388743143334,0.567033749913,0.034166250087
256,1732609,6768,5,0.75,2631,0.388741134752,0.567030820127,0.034169179873
512,3428353,6696,5,0.75,2603,0.388739545998,0.567028502718,0.034171497282
1024,7146497,6979,5,0.75,2713,0.388737641496,0.567025724748,0.034174275252
1024,3956737,3864,5,0.75,1502,0.388716356108,0.566994677168,0.034205322832
1024,4789249,4677,5,0.75,1818,0.388710711995,0.566986444477,0.034213555523
1024,3735553,3648,5,0.75,1418,0.388706140351,0.566979776124,0.034220223876
512,3082241,6020,5,0.75,2340,0.388704318937,0.566977119349,0.034222880651
512,3960833,7736,5,0.75,3007,0.388702171665,0.566973987266,0.034226012734
256,530177,2071,5,0.75,805,0.388701110575,0.566972439524,0.034227560476
1024,6578177,6424,5,0.75,2497,0.388698630137,0.566968821475,0.034231178525
256,1362689,5323,5,0.75,2069,0.388690588014,0.566957090966,0.034242909034
256,1783553,6967,5,0.75,2708,0.388689536386,0.566955557025,0.034244442975
512,3810817,7443,5,0.75,2893,0.388687357248,0.566952378463,0.034247621537
1024,5340161,5215,5,0.75,2027,0.388686481304,0.566951100781,0.034248899219
256,1253377,4896,5,0.75,1903,0.388684640523,0.566948415756,0.034251584244
256,550657,2151,5,0.75,836,0.388656438866,0.566907279875,0.034292720125
1024,3517441,3435,5,0.75,1335,0.388646288210,0.566892473789,0.034307526211
256,1942529,7588,5,0.75,2949,0.388639957828,0.566883240083,0.034316759917
256,1198849,4683,5,0.75,1820,0.388639760837,0.566882952745,0.034317047255
256,1595393,6232,5,0.75,2422,0.388639281130,0.566882253028,0.034317746972
256,1535489,5998,5,0.75,2331,0.388629543181,0.566868048930,0.034331951070
1024,7198721,7030,5,0.75,2732,0.388620199147,0.566854419409,0.034345580591
1024,7717889,7537,5,0.75,2929,0.388616160276,0.566848528177,0.034351471823
512,2760193,5391,5,0.75,2095,0.388610647375,0.566840486876,0.034359513124
1024,6885377,6724,5,0.75,2613,0.388607971446,0.566836583676,0.034363416324
512,4021249,7854,5,0.75,3052,0.388591800357,0.566812995984,0.034387004016
256,1189121,4645,5,0.75,1805,0.388589881593,0.566810197212,0.034389802788
256,1139713,4452,5,0.75,1730,0.388589398023,0.566809491861,0.034390508139
1024,7265281,7095,5,0.75,2757,0.388583509514,0.566800902684,0.034399097316
1024,4907009,4792,5,0.75,1862,0.388564273790,0.566772844813,0.034427155187
1024,3850241,3760,5,0.75,1461,0.388563829787,0.566772197176,0.034427802824
256,1278209,4993,5,0.75,1940,0.388543961546,0.566743216696,0.034456783304
256,1371137,5356,5,0.75,2081,0.388536221060,0.566731926164,0.034468073836
1024,6894593,6733,5,0.75,2616,0.388534085846,0.566728811669,0.034471188331
256,1000193,3907,5,0.75,1518,0.388533401587,0.566727813586,0.034472186414
1024,2553857,2494,5,0.75,969,0.388532477947,0.566726466334,0.034473533666
1024,3500033,3418,5,0.75,1328,0.388531304857,0.566724755225,0.034475244775
256,1338881,5230,5,0.75,2032,0.388527724665,0.566719533038,0.034480466962
512,1627649,3179,5,0.75,1235,0.388486945580,0.566660051301,0.034539948699
256,1093889,4273,5,0.75,1660,0.388485841329,0.566658440603,0.034541559397
512,2862593,5591,5,0.75,2172,0.388481488106,0.566652090846,0.034547909154
1024,3993601,3900,5,0.75,1515,0.388461538462,0.566622991628,0.034577008372
1024,6724609,6567,5,0.75,2551,0.388457438709,0.566617011591,0.034582988409
512,1312769,2564,5,0.75,996,0.388455538222,0.566614239477,0.034585760523
256,1577729,6163,5,0.75,2394,0.388447184813,0.566602054915,0.034597945085
256,1178369,4603,5,0.75,1788,0.388442320226,0.566594959267,0.034605040733
1024,8159233,7968,5,0.75,3095,0.388428714859,0.566575114024,0.034624885976
512,3280897,6408,5,0.75,2489,0.388420724095,0.566563458428,0.034636541572
256,994561,3885,5,0.75,1509,0.388416988417,0.566558009443,0.034641990557
256,1908737,7456,5,0.75,2896,0.388412017167,0.566550758212,0.034649241788
512,1376257,2688,5,0.75,1044,0.388392857143,0.566522810759,0.034677189241
1024,2752513,2688,5,0.75,1044,0.388392857143,0.566522810759,0.034677189241
1024,3844097,3754,5,0.75,1458,0.388385721897,0.566512403051,0.034687596949
512,2204161,4305,5,0.75,1672,0.388385598142,0.566512222538,0.034687777462
512,1295873,2531,5,0.75,983,0.388384037930,0.566509946760,0.034690053240
512,3286529,6419,5,0.75,2493,0.388378252064,0.566501507303,0.034698492697
512,1330177,2598,5,0.75,1009,0.388375673595,0.566497746262,0.034702253738
1024,3926017,3834,5,0.75,1489,0.388367240480,0.566485445438,0.034714554562
256,1944577,7596,5,0.75,2950,0.388362295945,0.566478233174,0.034721766826
256,742913,2902,5,0.75,1127,0.388352860096,0.566464469730,0.034735530270
512,3973633,7761,5,0.75,3014,0.388352016493,0.566463239221,0.034736760779
256,724481,2830,5,0.75,1099,0.388339222615,0.566444577643,0.034755422357
256,1013249,3958,5,0.75,1537,0.388327438100,0.566427388356,0.034772611644
1024,6629377,6474,5,0.75,2514,0.388322520853,0.566420215894,0.034779784106
512,1769473,3456,5,0.75,1342,0.388310185185,0.566402222677,0.034797777323
512,1251329,2444,5,0.75,949,0.388297872340,0.566384262750,0.034815737250
512,3245057,6338,5,0.75,2461,0.388292836857,0.566376917825,0.034823082175
1024,6086657,5944,5,0.75,2308,0.388290713324,0.566373820370,0.034826179630
256,1857281,7255,5,0.75,2817,0.388283942109,0.566363943648,0.034836056352
256,838657,3276,5,0.75,1272,0.388278388278,0.566355842645,0.034844157355
256,1258753,4917,5,0.75,1909,0.388244864755,0.566306944113,0.034893055887
512,1324033,2586,5,0.75,1004,0.388244392885,0.566306255827,0.034893744173
512,1802753,3521,5,0.75,1367,0.388241976711,0.566302731516,0.034897268484
512,2437121,4760,5,0.75,1848,0.388235294118,0.566292984061,0.034907015939
512,3957761,7730,5,0.75,3001,0.388227684347,0.566281884195,0.034918115805
512,1539073,3006,5,0.75,1167,0.388223552894,0.566275857920,0.034924142080
256,1593857,6226,5,0.75,2417,0.388210729200,0.566257152851,0.034942847149
512,2715649,5304,5,0.75,2059,0.388197586727,0.566237982800,0.034962017200
256,1977089,7723,5,0.75,2998,0.388191117441,0.566228546484,0.034971453516
256,732673,2862,5,0.75,1111,0.388190076869,0.566227028671,0.034972971329
1024,2930689,2862,5,0.75,1111,0.388190076869,0.566227028671,0.034972971329
1024,6085633,5943,5,0.75,2307,0.388187783948,0.566223684138,0.034976315862
512,2262017,4418,5,0.75,1715,0.388184698959,0.566219184271,0.034980815729
1024,7001089,6837,5,0.75,2654,0.388181951148,0.566215176222,0.034984823778
256,1286657,5026,5,0.75,1951,0.388181456427,0.566214454605,0.034985545395
512,1394177,2723,5,0.75,1057,0.388174807198,0.566204755817,0.034995244183
1024,5246977,5124,5,0.75,1989,0.388173302108,0.566202560442,0.034997439558
1024,4033537,3939,5,0.75,1529,0.388169586189,0.566197140280,0.035002859720
256,1315073,5137,5,0.75,1994,0.388164298229,0.566189427083,0.035010572917
1024,4458497,4354,5,0.75,1690,0.388148828663,0.566166862658,0.035033137342
512,2487809,4859,5,0.75,1886,0.388145708994,0.566162312203,0.035037687797
512,2634241,5145,5,0.75,1997,0.388143828960,0.566159569924,0.035040430076
256,1563137,6106,5,0.75,2370,0.388142810350,0.566158084146,0.035041915854
256,1787393,6982,5,0.75,2710,0.388140933830,0.566155346990,0.035044653010
512,3582977,6998,5,0.75,2716,0.388110888825,0.566111522341,0.035088477659
1024,7815169,7632,5,0.75,2962,0.388102725367,0.566099614848,0.035100385152
256,610817,2386,5,0.75,926,0.388097233864,0.566091604758,0.035108395242
512,1686017,3293,5,0.75,1278,0.388095961130,0.566089748305,0.035110251695
512,3266561,6380,5,0.75,2476,0.388087774295,0.566077806714,0.035122193286
1024,3435521,3355,5,0.75,1302,0.388077496274,0.566062814850,0.035137185150
512,4043777,7898,5,0.75,3065,0.388072929856,0.566056154119,0.035143845881
1024,6435841,6285,5,0.75,2439,0.388066825776,0.566047250503,0.035152749497
256,1754113,6852,5,0.75,2659,0.388061879743,0.566040036055,0.035159963945
1024,3686401,3600,5,0.75,1397,0.388055555556,0.566030811384,0.035169188616
512,3068929,5994,5,0.75,2326,0.388054721388,0.566029594639,0.035170405361
512,2931713,5726,5,0.75,2222,0.388054488299,0.566029254647,0.035170745353
256,1225729,4788,5,0.75,1858,0.388053467001,0.566027764948,0.035172235052
256,1580801,6175,5,0.75,2396,0.388016194332,0.565973397786,0.035226602214
1024,6510593,6358,5,0.75,2467,0.388015099088,0.565971800227,0.035228199773
1024,8183809,7992,5,0.75,3101,0.388013013013,0.565968757408,0.035231242592
1024,4270081,4170,5,0.75,1618,0.388009592326,0.565963767880,0.035236232120
1024,4320257,4219,5,0.75,1637,0.388006636644,0.565959456623,0.035240543377
256,1109761,4335,5,0.75,1682,0.388004613610,0.565956505758,0.035243494242
1024,4882433,4768,5,0.75,1850,0.388003355705,0.565954670935,0.035245329065
256,1053697,4116,5,0.75,1597,0.387998056365,0.565946941142,0.035253058858
512,2073089,4049,5,0.75,1571,0.387997036305,0.565945453248,0.035254546752
256,1211393,4732,5,0.75,1836,0.387996618766,0.565944844211,0.035255155789
512,1714177,3348,5,0.75,1299,0.387992831541,0.565939320038,0.035260679962
512,3709441,7245,5,0.75,2811,0.387991718427,0.565937696412,0.035262303588
1024,5864449,5727,5,0.75,2222,0.387986729527,0.565930419436,0.035269580564
256,1320961,5160,5,0.75,2002,0.387984496124,0.565927161720,0.035272838280
1024,3391489,3312,5,0.75,1285,0.387983091787,0.565925113308,0.035274886692
256,1188353,4642,5,0.75,1801,0.387979319259,0.565919610572,0.035280389428
256,1043201,4075,5,0.75,1581,0.387975460123,0.565913981506,0.035286018494
1024,4104193,4008,5,0.75,1555,0.387974051896,0.565911927420,0.035288072580
256,1199617,4686,5,0.75,1818,0.387964148528,0.565897482035,0.035302517965
256,1921537,7506,5,0.75,2912,0.387956301625,0.565886036282,0.035313963718
256,1453057,5676,5,0.75,2202,0.387949260042,0.565875765193,0.035324234807
1024,7607297,7429,5,0.75,2882,0.387939157356,0.565861029077,0.035338970923
1024,5738497,5604,5,0.75,2174,0.387937187723,0.565858156104,0.035341843896
1024,7145473,6978,5,0.75,2707,0.387933505302,0.565852784802,0.035347215198
512,2288641,4470,5,0.75,1734,0.387919463087,0.565832302358,0.035367697642
256,1377281,5380,5,0.75,2087,0.387918215613,0.565830482751,0.035369517249
256,1285633,5022,5,0.75,1948,0.387893269614,0.565794095681,0.035405904319
1024,4817921,4705,5,0.75,1825,0.387885228480,0.565782366615,0.035417633385
512,1317377,2573,5,0.75,998,0.387874076953,0.565766100624,0.035433899376
512,3022849,5904,5,0.75,2290,0.387872628726,0.565763988193,0.035436011807
512,3267073,6381,5,0.75,2475,0.387870239774,0.565760503587,0.035439496413
1024,6853633,6693,5,0.75,2596,0.387867921709,0.565757122380,0.035442877620
1024,8012801,7825,5,0.75,3035,0.387859424920,0.565744728679,0.035455271321
256,1859329,7263,5,0.75,2817,0.387856257745,0.565740108931,0.035459891069
256,1310209,5118,5,0.75,1985,0.387846815162,0.565726335665,0.035473664335
1024,4902913,4788,5,0.75,1857,0.387844611529,0.565723121371,0.035476878629
512,3563009,6959,5,0.75,2699,0.387843080902,0.565720888749,0.035479111251
512,3056129,5969,5,0.75,2315,0.387837158653,0.565712250357,0.035487749643
256,850177,3321,5,0.75,1288,0.387834989461,0.565709086301,0.035490913699
512,3414017,6668,5,0.75,2586,0.387822435513,0.565690774693,0.035509225307
256,1479937,5781,5,0.75,2242,0.387822176094,0.565690396296,0.035509603704
1024,3326977,3249,5,0.75,1260,0.387811634349,0.565675019754,0.035524980246
512,3402241,6645,5,0.75,2577,0.387810383747,0.565673195584,0.035526804416
1024,7068673,6903,5,0.75,2677,0.387802404752,0.565661557154,0.035538442846
256,1258241,4915,5,0.75,1906,0.387792472024,0.565647068946,0.035552931054
256,1460993,5707,5,0.75,2213,0.387769405993,0.565613424061,0.035586575939
256,1301249,5083,5,0.75,1971,0.387763132009,0.565604272618,0.035595727382
1024,6961153,6798,5,0.75,2636,0.387761106208,0.565601317717,0.035598682283
512,4057601,7925,5,0.75,3073,0.387760252366,0.565600072275,0.035599927725
256,1655809,6468,5,0.75,2508,0.387755102041,0.565592559839,0.035607440161
1024,4264961,4165,5,0.75,1615,0.387755102041,0.565592559839,0.035607440161
1024,6700033,6543,5,0.75,2537,0.387742625707,0.565574361441,0.035625638559
256,718337,2806,5,0.75,1088,0.387740555952,0.565571342426,0.035628657574
256,964609,3768,5,0.75,1461,0.387738853503,0.565568859178,0.035631140822
512,3231233,6311,5,0.75,2447,0.387735699572,0.565564258749,0.035635741251
512,3472897,6783,5,0.75,2630,0.387734040985,0.565561839478,0.035638160522
512,2384897,4658,5,0.75,1806,0.387720051524,0.565541433983,0.035658566017
512,1751041,3420,5,0.75,1326,0.387719298246,0.565540335226,0.035659664774
256,850433,3322,5,0.75,1288,0.387718242023,0.565538794584,0.035661205416
256,946177,3696,5,0.75,1433,0.387716450216,0.565536180995,0.035663819005
1024,6251521,6105,5,0.75,2367,0.387714987715,0.565534047741,0.035665952259
256,1233409,4818,5,0.75,1868,0.387712743877,0.565530774804,0.035669225196
512,3232769,6314,5,0.75,2448,0.387709851124,0.565526555339,0.035673444661
512,4039681,7890,5,0.75,3059,0.387705956907,0.565520875104,0.035679124896
256,1561601,6100,5,0.75,2365,0.387704918033,0.565519359766,0.035680640234
256,1224193,4782,5,0.75,1854,0.387703889586,0.565517859639,0.035682140361
1024,7075841,6910,5,0.75,2679,0.387698986975,0.565510708527,0.035689291473
512,3243521,6335,5,0.75,2456,0.387687450671,0.565493881288,0.035706118712
256,1920257,7501,5,0.75,2908,0.387681642448,0.565485409219,0.035714590781
1024,5483521,5355,5,0.75,2076,0.387675070028,0.565475822468,0.035724177532
512,2434049,4754,5,0.75,1843,0.387673538073,0.565473587908,0.035726412092
1024,6955009,6792,5,0.75,2633,0.387661955241,0.565456692802,0.035743307198
512,3939841,7695,5,0.75,2983,0.387654320988,0.565445557224,0.035754442776
256,1351169,5278,5,0.75,2046,0.387646835923,0.565434639258,0.035765360742
512,2535937,4953,5,0.75,1920,0.387643852211,0.565430287116,0.035769712884
1024,7441409,7267,5,0.75,2817,0.387642768680,0.565428706642,0.035771293358
256,2030081,7930,5,0.75,3074,0.387641866330,0.565427390444,0.035772609556
512,2030081,3965,5,0.75,1537,0.387641866330,0.565427390444,0.035772609556
256,1238273,4837,5,0.75,1875,0.387636965061,0.565420241289,0.035779758711
512,2699777,5273,5,0.75,2044,0.387635122321,0.565417553407,0.035782446593
256,1837313,7177,5,0.75,2782,0.387627142260,0.565405913423,0.035794086577
1024,7166977,6999,5,0.75,2713,0.387626803829,0.565405419776,0.035794580224
512,2134529,4169,5,0.75,1616,0.387622931159,0.565399770969,0.035800229031
256,1202689,4698,5,0.75,1821,0.387611749681,0.565383461292,0.035816538708
1024,4810753,4698,5,0.75,1821,0.387611749681,0.565383461292,0.035816538708
1024,7603201,7425,5,0.75,2878,0.387609427609,0.565380074241,0.035819925759
256,1399553,5467,5,0.75,2119,0.387598317176,0.565363868191,0.035836131809
1024,5843969,5707,5,0.75,2212,0.387594182583,0.565357837335,0.035842162665
256,1151233,4497,5,0.75,1743,0.387591727819,0.565354256734,0.035845743266
1024,5524481,5395,5,0.75,2091,0.387581093605,0.565338745315,0.035861254685
512,3718657,7263,5,0.75,2815,0.387580889440,0.565338447512,0.035861552488
256,1647361,6435,5,0.75,2494,0.387567987568,0.565319628411,0.035880371589
256,1194241,4665,5,0.75,1808,0.387566988210,0.565318170714,0.035881829286
1024,6320129,6172,5,0.75,2392,0.387556707712,0.565303175236,0.035896824764
1024,7289857,7119,5,0.75,2759,0.387554431802,0.565299855517,0.035900144483
1024,3305473,3228,5,0.75,1251,0.387546468401,0.565288239835,0.035911760165
1024,3091457,3019,5,0.75,1170,0.387545544882,0.565286892759,0.035913107241
512,2729473,5331,5,0.75,2066,0.387544550741,0.565285442671,0.035914557329
512,1438721,2810,5,0.75,1089,0.387544483986,0.565285345300,0.035914654700
1024,7115777,6949,5,0.75,2693,0.387537775219,0.565275559669,0.035924440331
1024,4206593,4108,5,0.75,1592,0.387536514119,0.565273720185,0.035926279815
256,1765121,6895,5,0.75,2672,0.387527193619,0.565260124992,0.035939875008
1024,2922497,2854,5,0.75,1106,0.387526278907,0.565258790763,0.035941209237
256,1492993,5832,5,0.75,2260,0.387517146776,0.565245470332,0.035954529668
512,2797057,5463,5,0.75,2117,0.387516016841,0.565243822170,0.035956177830
512,3877889,7574,5,0.75,2935,0.387509902297,0.565234903292,0.035965096708
256,2046721,7995,5,0.75,3098,0.387492182614,0.565209056770,0.035990943230
1024,4027393,3933,5,0.75,1524,0.387490465294,0.565206551829,0.035993448171
1024,4304897,4204,5,0.75,1629,0.387488106565,0.565203111309,0.035996888691
512,2414081,4715,5,0.75,1827,0.387486744433,0.565201124456,0.035998875544
512,3993089,7799,5,0.75,3022,0.387485575074,0.565199418790,0.036000581210
512,1881601,3675,5,0.75,1424,0.387482993197,0.565195652779,0.036004347221
512,2543617,4968,5,0.75,1925,0.387479871176,0.565191098894,0.036008901106
512,4003841,7820,5,0.75,3030,0.387468030691,0.565173827966,0.036026172034
1024,5195777,5074,5,0.75,1966,0.387465510445,0.565170151853,0.036029848147
1024,7164929,6997,5,0.75,2711,0.387451765042,0.565150102348,0.036049897652
512,2292737,4478,5,0.75,1735,0.387449754355,0.565147169492,0.036052830508
1024,5677057,5544,5,0.75,2148,0.387445887446,0.565141529089,0.036058470911
256,1422593,5557,5,0.75,2153,0.387439265791,0.565131870522,0.036068129478
1024,7318529,7147,5,0.75,2769,0.387435287533,0.565126067702,0.036073932298
512,2908673,5681,5,0.75,2201,0.387431790178,0.565120966342,0.036079033658
1024,2574337,2514,5,0.75,974,0.387430389817,0.565118923729,0.036081076271
512,4079617,7968,5,0.75,3087,0.387424698795,0.565110622615,0.036089377385
512,1921537,3753,5,0.75,1454,0.387423394618,0.565108720298,0.036091279702
256,1652737,6456,5,0.75,2501,0.387391573730,0.565062305286,0.036137694714
256,1831169,7153,5,0.75,2771,0.387389906333,0.565059873166,0.036140126834
256,1619713,6327,5,0.75,2451,0.387387387387,0.565056198947,0.036143801053
1024,4105217,4009,5,0.75,1553,0.387378398603,0.565043087606,0.036156912394
256,1378561,5385,5,0.75,2086,0.387372330548,0.565034236538,0.036165763462
256,1321729,5163,5,0.75,2000,0.387371683130,0.565033292192,0.036166707808
256,1179649,4608,5,0.75,1785,0.387369791667,0.565030533241,0.036169466759
1024,4263937,4164,5,0.75,1613,0.387367915466,0.565027796551,0.036172203449
512,1604609,3134,5,0.75,1214,0.387364390555,0.565022654999,0.036177345001
256,1397761,5460,5,0.75,2115,0.387362637363,0.565020097734,0.036179902266
1024,5168129,5047,5,0.75,1955,0.387358827026,0.565014539849,0.036185460151
256,1502209,5868,5,0.75,2273,0.387355146558,0.565009171395,0.036190828605
256,1303297,5091,5,0.75,1972,0.387350225889,0.565001993943,0.036198006057
512,2411009,4709,5,0.75,1824,0.387343385007,0.564992015604,0.036207984396
512,2351617,4593,5,0.75,1779,0.387328543436,0.564970367191,0.036229632809
256,1292801,5050,5,0.75,1956,0.387326732673,0.564967725953,0.036232274047
1024,5784577,5649,5,0.75,2188,0.387325190299,0.564965476194,0.036234523806
256,1700609,6643,5,0.75,2573,0.387325003763,0.564965204107,0.036234795893
256,1602817,6261,5,0.75,2425,0.387318319757,0.564955454592,0.036244545408
256,1844737,7206,5,0.75,2791,0.387316125451,0.564952253904,0.036247746096
256,766721,2995,5,0.75,1160,0.387312186978,0.564946509116,0.036253490884
256,1957121,7645,5,0.75,2961,0.387311968607,0.564946190592,0.036253809408
1024,5065729,4947,5,0.75,1916,0.387305437639,0.564936664304,0.036263335696
1024,5287937,5164,5,0.75,2000,0.387296669249,0.564923874436,0.036276125564
1024,4642817,4534,5,0.75,1756,0.387295985884,0.564922877658,0.036277122342
1024,7781377,7599,5,0.75,2943,0.387287801026,0.564910938951,0.036289061049
256,1815809,7093,5,0.75,2747,0.387283236994,0.564904281701,0.036295718299
512,3154433,6161,5,0.75,2386,0.387274793053,0.564891965086,0.036308034914
1024,3183617,3109,5,0.75,1204,0.387262785462,0.564874450411,0.036325549589
512,1712129,3344,5,0.75,1295,0.387260765550,0.564871504101,0.036328495899
1024,7459841,7285,5,0.75,2821,0.387234042553,0.564832525044,0.036367474956
256,1928449,7533,5,0.75,2917,0.387229523430,0.564825933300,0.036374066700
256,1301761,5085,5,0.75,1969,0.387217305801,0.564808112258,0.036391887742
256,1409537,5506,5,0.75,2132,0.387213948420,0.564803215069,0.036396784931
256,1704449,6658,5,0.75,2578,0.387203364374,0.564787776825,0.036412223175
512,2123777,4148,5,0.75,1606,0.387174541948,0.564745735471,0.036454264529
1024,3798017,3709,5,0.75,1436,0.387166352116,0.564733789509,0.036466210491
256,1988353,7767,5,0.75,3007,0.387150766062,0.564711055168,0.036488944832
1024,7308289,7137,5,0.75,2763,0.387137452711,0.564691635870,0.036508364130
1024,8083457,7894,5,0.75,3056,0.387129465417,0.564679985335,0.036520014665
256,1559297,6091,5,0.75,2358,0.387128550320,0.564678650545,0.036521349455
1024,4359169,4257,5,0.75,1648,0.387127084802,0.564676512890,0.036523487110
256,997889,3898,5,0.75,1509,0.387121600821,0.564668513773,0.036531486227
512,3553793,6941,5,0.75,2687,0.387120011526,0.564666195573,0.036533804427
1024,6105089,5962,5,0.75,2308,0.387118416639,0.564663869218,0.036536130782
512,2231297,4358,5,0.75,1687,0.387104176228,0.564643097678,0.036556902322
1024,8166401,7975,5,0.75,3087,0.387084639498,0.564614600751,0.036585399249
512,1070081,2090,5,0.75,809,0.387081339713,0.564609787574,0.036590212426
1024,7939073,7753,5,0.75,3001,0.387075970592,0.564601955995,0.036598044005
1024,5767169,5632,5,0.75,2180,0.387073863636,0.564598882719,0.036601117281
256,1251329,4888,5,0.75,1892,0.387070376432,0.564593796166,0.036606203834
1024,4687873,4578,5,0.75,1772,0.387068588903,0.564591188817,0.036608811183
1024,3373057,3294,5,0.75,1275,0.387067395264,0.564589447735,0.036610552265
256,1084673,4237,5,0.75,1640,0.387066320510,0.564587880062,0.036612119938
512,2357249,4604,5,0.75,1782,0.387054735013,0.564570981069,0.036629018931
1024,3526657,3444,5,0.75,1333,0.387049941928,0.564563989715,0.036636010285
256,1715713,6702,5,0.75,2594,0.387048642196,0.564562093883,0.036637906117
1024,5865473,5728,5,0.75,2217,0.387046089385,0.564558370267,0.036641629733
512,1833473,3581,5,0.75,1386,0.387042725496,0.564553463585,0.036646536415
512,3136513,6126,5,0.75,2371,0.387038850800,0.564547811824,0.036652188176
1024,5071873,4953,5,0.75,1917,0.387038158692,0.564546802292,0.036653197708
512,3759617,7343,5,0.75,2842,0.387035271687,0.564542591211,0.036657408789
512,4033537,7878,5,0.75,3049,0.387027164255,0.564530765439,0.036669234561
256,686593,2682,5,0.75,1038,0.387024608501,0.564527037531,0.036672962469
1024,5492737,5364,5,0.75,2076,0.387024608501,0.564527037531,0.036672962469
1024,6249473,6103,5,0.75,2362,0.387022775684,0.564524364123,0.036675635877
1024,2651137,2589,5,0.75,1002,0.387022016222,0.564523256347,0.036676743653
1024,3960833,3868,5,0.75,1497,0.387021716649,0.564522819380,0.036677180620
512,2263553,4421,5,0.75,1711,0.387016512101,0.564515227852,0.036684772148
256,1860097,7266,5,0.75,2812,0.387007982384,0.564502786120,0.036697213880
256,1831681,7155,5,0.75,2769,0.387002096436,0.564494200680,0.036705799320
256,1082881,4230,5,0.75,1637,0.386997635934,0.564487694442,0.036712305558
512,2856449,5579,5,0.75,2159,0.386986915218,0.564472056847,0.036727943153
1024,4765697,4654,5,0.75,1801,0.386978942845,0.564460428078,0.036739571922
1024,6147073,6003,5,0.75,2323,0.386973180077,0.564452022311,0.036747977689
256,1468673,5737,5,0.75,2220,0.386961826739,0.564435461953,0.036764538047
1024,5398529,5272,5,0.75,2040,0.386949924127,0.564418100406,0.036781899594
1024,4488193,4383,5,0.75,1696,0.386949577915,0.564417595408,0.036782404592
512,3240449,6329,5,0.75,2449,0.386948965081,0.564416701509,0.036783298491
512,4087297,7983,5,0.75,3089,0.386947262934,0.564414218700,0.036785781300
256,878593,3432,5,0.75,1328,0.386946386946,0.564412940955,0.036787059045
1024,5475329,5347,5,0.75,2069,0.386945951001,0.564412305070,0.036787694930
256,1661953,6492,5,0.75,2512,0.386937769563,0.564400371351,0.036799628649
512,1661953,3246,5,0.75,1256,0.386937769563,0.564400371351,0.036799628649
512,4091393,7991,5,0.75,3092,0.386935302215,0.564396772395,0.036803227605
256,783361,3060,5,0.75,1184,0.386928104575,0.564386273677,0.036813726323
256,877313,3427,5,0.75,1326,0.386927341698,0.564385160920,0.036814839080
1024,5324801,5200,5,0.75,2012,0.386923076923,0.564378940176,0.036821059824
256,1092353,4267,5,0.75,1651,0.386922896649,0.564378677222,0.036821322778
256,1189633,4647,5,0.75,1798,0.386916290080,0.564369040659,0.036830959341
256,1892353,7392,5,0.75,2860,0.386904761905,0.564352225278,0.036847774722
512,2514433,4911,5,0.75,1900,0.386886581144,0.564325706212,0.036874293788
512,1233409,2409,5,0.75,932,0.386882523869,0.564319788135,0.036880211865
512,3168257,6188,5,0.75,2394,0.386877828054,0.564312938663,0.036887061337
256,1724417,6736,5,0.75,2606,0.386876484561,0.564310978998,0.036889021002
1024,7625729,7447,5,0.75,2881,0.386867194844,0.564297428706,0.036902571294
256,1095169,4278,5,0.75,1655,0.386863020103,0.564291339289,0.036908660711
512,3606529,7044,5,0.75,2725,0.386854060193,0.564278270065,0.036921729935
512,3511297,6858,5,0.75,2653,0.386847477399,0.564268668181,0.036931331819
512,3830273,7481,5,0.75,2894,0.386846678252,0.564267502518,0.036932497482
256,1572353,6142,5,0.75,2376,0.386844676001,0.564264581969,0.036935418031
1024,2768897,2704,5,0.75,1046,0.386834319527,0.564249475669,0.036950524331
1024,4759553,4648,5,0.75,1798,0.386833046472,0.564247618748,0.036952381252
256,1376513,5377,5,0.75,2080,0.386832806398,0.564247268568,0.036952731432
512,3123713,6101,5,0.75,2360,0.386821832486,0.564231261655,0.036968738345
1024,5821441,5685,5,0.75,2199,0.386807387863,0.564210192243,0.036989807757
256,1881601,7350,5,0.75,2843,0.386802721088,0.564203385130,0.036996614870
256,794881,3105,5,0.75,1201,0.386795491143,0.564192839290,0.037007160710
512,2387969,4664,5,0.75,1804,0.386792452830,0.564188407505,0.037011592495
1024,3116033,3043,5,0.75,1177,0.386789352613,0.564183885424,0.037016114576
512,3959297,7733,5,0.75,2991,0.386783913100,0.564175951169,0.037024048831
1024,3161089,3087,5,0.75,1194,0.386783284742,0.564175034626,0.037024965374
1024,6507521,6355,5,0.75,2458,0.386782061369,0.564173250173,0.037026749827
512,3353089,6549,5,0.75,2533,0.386776607116,0.564165294416,0.037034705584
512,3174401,6200,5,0.75,2398,0.386774193548,0.564161773906,0.037038226094
1024,3870721,3780,5,0.75,1462,0.386772486772,0.564159284346,0.037040715654
1024,7569409,7392,5,0.75,2859,0.386769480519,0.564154899325,0.037045100675
1024,4688897,4579,5,0.75,1771,0.386765669360,0.564149340240,0.037050659760
1024,2721793,2658,5,0.75,1028,0.386756960120,0.564136636652,0.037063363348
256,1627649,6358,5,0.75,2459,0.386756841774,0.564136464028,0.037063535972
512,1715713,3351,5,0.75,1296,0.386750223814,0.564126810850,0.037073189150
256,973057,3801,5,0.75,1470,0.386740331492,0.564112381578,0.037087618422
256,1725697,6741,5,0.75,2607,0.386737872719,0.564108795130,0.037091204870
512,2755073,5381,5,0.75,2081,0.386731090875,0.564098902906,0.037101097094
1024,5478401,5350,5,0.75,2069,0.386728971963,0.564095812189,0.037104187811
512,2761729,5394,5,0.75,2086,0.386725991843,0.564091465286,0.037108534714
256,1355777,5296,5,0.75,2048,0.386706948640,0.564063688235,0.037136311765
512,1470977,2873,5,0.75,1111,0.386703793944,0.564059086688,0.037140913312
256,623617,2436,5,0.75,942,0.386699507389,0.564052834177,0.037147165823
512,4023809,7859,5,0.75,3039,0.386690418628,0.564039577006,0.037160422994
256,1065217,4161,5,0.75,1609,0.386685892814,0.564032975502,0.037167024498
256,1295617,5061,5,0.75,1957,0.386682473819,0.564027988442,0.037172011558
256,1745153,6817,5,0.75,2636,0.386680357929,0.564024902133,0.037175097867
1024,8055809,7867,5,0.75,3042,0.386678530571,0.564022236688,0.037177763312
256,1985537,7756,5,0.75,2999,0.386668385766,0.564007439136,0.037192560864
256,1075201,4200,5,0.75,1624,0.386666666667,0.564004931600,0.037195068400
256,1248001,4875,5,0.75,1885,0.386666666667,0.564004931600,0.037195068400
256,1747201,6825,5,0.75,2639,0.386666666667,0.564004931600,0.037195068400
512,1843201,3600,5,0.75,1392,0.386666666667,0.564004931600,0.037195068400
1024,5203969,5082,5,0.75,1965,0.386658795750,0.563993450818,0.037206549182
256,1856513,7252,5,0.75,2804,0.386651958081,0.563983477165,0.037216522835
512,2768897,5408,5,0.75,2091,0.386649408284,0.563979757946,0.037220242054
256,590593,2307,5,0.75,892,0.386649328132,0.563979641034,0.037220358966
512,3412481,6665,5,0.75,2577,0.386646661665,0.563975751637,0.037224248363
256,1261313,4927,5,0.75,1905,0.386645017252,0.563973353040,0.037226646960
1024,8051713,7863,5,0.75,3040,0.386620882615,0.563938149451,0.037261850549
512,2930689,5724,5,0.75,2213,0.386617749825,0.563933579860,0.037266420140
1024,5323777,5199,5,0.75,2010,0.386612810156,0.563926374693,0.037273625307
1024,6317057,6169,5,0.75,2385,0.386610471713,0.563922963762,0.037277036238
256,1372673,5362,5,0.75,2073,0.386609474077,0.563921508576,0.037278491424
1024,5337089,5212,5,0.75,2015,0.386607828089,0.563919107683,0.037280892317
512,1146881,2240,5,0.75,866,0.386607142857,0.563918108181,0.037281891819
1024,4709377,4599,5,0.75,1778,0.386605783866,0.563916125911,0.037283874089
512,2790401,5450,5,0.75,2107,0.386605504587,0.563915718546,0.037284281454
256,1497857,5851,5,0.75,2262,0.386600581097,0.563908536979,0.037291463021
1024,3345409,3267,5,0.75,1263,0.386593204775,0.563897777628,0.037302222372
256,1374721,5370,5,0.75,2076,0.386592178771,0.563896281065,0.037303718935
1024,6942721,6780,5,0.75,2621,0.386578171091,0.563875848995,0.037324151005
512,3369473,6581,5,0.75,2544,0.386567390974,0.563860124755,0.037339875245
256,575489,2248,5,0.75,869,0.386565836299,0.563857857054,0.037342142946
256,1566209,6118,5,0.75,2365,0.386564236679,0.563855523794,0.037344476206
256,1417217,5536,5,0.75,2140,0.386560693642,0.563850355802,0.037349644198
1024,5804033,5668,5,0.75,2191,0.386556104446,0.563843661848,0.037356338152
512,3425281,6690,5,0.75,2586,0.386547085202,0.563830506077,0.037369493923
256,1784833,6972,5,0.75,2695,0.386546184739,0.563829192631,0.037370807369
256,1865729,7288,5,0.75,2817,0.386525795829,0.563799452685,0.037400547315
512,1427969,2789,5,0.75,1078,0.386518465400,0.563788760276,0.037411239724
256,1678337,6556,5,0.75,2534,0.386516168395,0.563785409789,0.037414590211
1024,5481473,5353,5,0.75,2069,0.386512236129,0.563779674054,0.037420325946
256,1684993,6582,5,0.75,2544,0.386508659982,0.563774457766,0.037425542234
256,1722113,6727,5,0.75,2600,0.386502155493,0.563764970100,0.037435029900
512,2350081,4590,5,0.75,1774,0.386492374728,0.563750703549,0.037449296451
512,2061313,4026,5,0.75,1556,0.386487829111,0.563744073160,0.037455926840
256,716033,2797,5,0.75,1081,0.386485520200,0.563740705306,0.037459294694
256,1496321,5845,5,0.75,2259,0.386484174508,0.563738742435,0.037461257565
512,2575361,5030,5,0.75,1944,0.386481113320,0.563734277284,0.037465722716
512,4088321,7985,5,0.75,3086,0.386474639950,0.563724835009,0.037475164991
512,3202049,6254,5,0.75,2417,0.386472657499,0.563721943340,0.037478056660
512,2534401,4950,5,0.75,1913,0.386464646465,0.563710258177,0.037489741823
1024,7201793,7033,5,0.75,2718,0.386463813451,0.563709043116,0.037490956884
256,544513,2127,5,0.75,822,0.386459802539,0.563703192665,0.037496807335
1024,5352449,5227,5,0.75,2020,0.386454945475,0.563696107990,0.037503892010
256,1670657,6526,5,0.75,2522,0.386454183267,0.563694996207,0.037505003793
256,1873409,7318,5,0.75,2828,0.386444383711,0.563680702248,0.037519297752
1024,7944193,7758,5,0.75,2998,0.386439804073,0.563674022235,0.037525977765
256,1536257,6001,5,0.75,2319,0.386435594068,0.563667881380,0.037532118620
256,1214977,4746,5,0.75,1834,0.386430678466,0.563660711319,0.037539288681
512,3908609,7634,5,0.75,2950,0.386429132827,0.563658456798,0.037541543202
512,2323969,4539,5,0.75,1754,0.386428728795,0.563657867463,0.037542132537
1024,4918273,4803,5,0.75,1856,0.386425150947,0.563652648695,0.037547351305
256,1504513,5877,5,0.75,2271,0.386421643696,0.563647532901,0.037552467099
1024,7555073,7378,5,0.75,2851,0.386419083763,0.563643798896,0.037556201104
1024,5517313,5388,5,0.75,2082,0.386414253898,0.563636753894,0.037563246106
1024,7806977,7624,5,0.75,2946,0.386411332634,0.563632492841,0.037567507159
512,1286657,2513,5,0.75,971,0.386390768006,0.563602496587,0.037597503413
512,1804801,3525,5,0.75,1362,0.386382978723,0.563591134879,0.037608865121
256,1103873,4312,5,0.75,1666,0.386363636364,0.563562921466,0.037637078534
1024,3919873,3828,5,0.75,1479,0.386363636364,0.563562921466,0.037637078534
1024,4550657,4444,5,0.75,1717,0.386363636364,0.563562921466,0.037637078534
256,1579009,6168,5,0.75,2383,0.386348897536,0.563541422919,0.037658577081
256,1545217,6036,5,0.75,2332,0.386348575215,0.563540952771,0.037659047229
512,3187201,6225,5,0.75,2405,0.386345381526,0.563536294349,0.037663705651
256,1427969,5578,5,0.75,2155,0.386339189674,0.563527262706,0.037672737294
256,790529,3088,5,0.75,1193,0.386334196891,0.563519980067,0.037680019933
1024,7188481,7020,5,0.75,2712,0.386324786325,0.563506253500,0.037693746500
256,1130497,4416,5,0.75,1706,0.386322463768,0.563502865741,0.037697134259
1024,4715521,4605,5,0.75,1779,0.386319218241,0.563498131707,0.037701868293
1024,2107393,2058,5,0.75,795,0.386297376093,0.563466272020,0.037733727980
1024,4421633,4318,5,0.75,1668,0.386289949050,0.563455438687,0.037744561313
512,1179649,2304,5,0.75,890,0.386284722222,0.563447814660,0.037752185340
1024,5951489,5812,5,0.75,2245,0.386269786648,0.563426029133,0.037773970867
256,1547521,6045,5,0.75,2335,0.386269644334,0.563425821548,0.037774178452
512,2757121,5385,5,0.75,2080,0.386258124420,0.563409018216,0.037790981784
256,1572097,6141,5,0.75,2372,0.386256310047,0.563406371711,0.037793628289
512,3292673,6431,5,0.75,2484,0.386254081791,0.563403121503,0.037796878497
1024,4780033,4668,5,0.75,1803,0.386246786632,0.563392480540,0.037807519460
512,4068353,7946,5,0.75,3069,0.386232066449,0.563371009188,0.037828990812
1024,8163329,7972,5,0.75,3079,0.386226793778,0.563363318294,0.037836681706
1024,2123777,2074,5,0.75,801,0.386210221794,0.563339145843,0.037860854157
256,1053953,4117,5,0.75,1590,0.386203546272,0.563329408704,0.037870591296
1024,3324929,3247,5,0.75,1254,0.386202648599,0.563328099328,0.037871900672
256,1931009,7543,5,0.75,2913,0.386185867692,0.563303622136,0.037896377864
1024,4682753,4573,5,0.75,1766,0.386179750711,0.563294699703,0.037905300297
1024,3274753,3198,5,0.75,1235,0.386178861789,0.563293403091,0.037906596909
512,3052033,5961,5,0.75,2302,0.386176815970,0.563290418993,0.037909581007
512,1592321,3110,5,0.75,1201,0.386173633441,0.563285776848,0.037914223152
512,1569793,3066,5,0.75,1184,0.386170906719,0.563281799560,0.037918200440
1024,4457473,4353,5,0.75,1681,0.386170457156,0.563281143813,0.037918856187
512,3782657,7388,5,0.75,2853,0.386166756903,0.563275746500,0.037924253500
512,2597377,5073,5,0.75,1959,0.386162034299,0.563268857953,0.037931142047
512,3076097,6008,5,0.75,2320,0.386151797603,0.563253926365,0.037946073635
512,2232833,4361,5,0.75,1684,0.386149965604,0.563251254150,0.037948745850
1024,3291137,3214,5,0.75,1241,0.386123210952,0.563212228920,0.037987771080
256,1294849,5058,5,0.75,1953,0.386120996441,0.563208998760,0.037991001240
256,667649,2608,5,0.75,1007,0.386119631902,0.563207008398,0.037992991602
512,2337793,4566,5,0.75,1763,0.386114761279,0.563199903944,0.038000096056
1024,3582977,3499,5,0.75,1351,0.386110317233,0.563193421711,0.038006578289
512,3735553,7296,5,0.75,2817,0.386101973684,0.563181251531,0.038018748469
1024,7659521,7480,5,0.75,2888,0.386096256684,0.563172912524,0.038027087476
1024,6980609,6817,5,0.75,2632,0.386093589556,0.563169022160,0.038030977840
512,2186753,4271,5,0.75,1649,0.386092250059,0.563167068325,0.038032931675
256,1347329,5263,5,0.75,2032,0.386091582747,0.563166094963,0.038033905037
256,1255169,4903,5,0.75,1893,0.386090148888,0.563164003488,0.038035996512
256,1993217,7786,5,0.75,3006,0.386077575135,0.563145662991,0.038054337009
1024,7177217,7009,5,0.75,2706,0.386075046369,0.563141974448,0.038058025552
512,2323457,4538,5,0.75,1752,0.386073159982,0.563139222902,0.038060777098
256,1459457,5701,5,0.75,2201,0.386072618839,0.563138433572,0.038061566428
1024,6381569,6232,5,0.75,2406,0.386071887035,0.563137366138,0.038062633862
512,2592769,5064,5,0.75,1955,0.386058451817,0.563117769079,0.038082230921
512,3606017,7043,5,0.75,2719,0.386057077950,0.563115765111,0.038084234889
512,2107393,4116,5,0.75,1589,0.386054421769,0.563111890717,0.038088109283
1024,7121921,6955,5,0.75,2685,0.386053199137,0.563110107345,0.038089892655
256,1217537,4756,5,0.75,1836,0.386038687973,0.563088940876,0.038111059124
1024,5220353,5098,5,0.75,1968,0.386033738721,0.563081721732,0.038118278268
256,838913,3277,5,0.75,1265,0.386023802258,0.563067228074,0.038132771926
512,1850369,3614,5,0.75,1395,0.385998893193,0.563030894879,0.038169105121
256,1312513,5127,5,0.75,1979,0.385995708992,0.563026250296,0.038173749704
256,617473,2412,5,0.75,931,0.385986733002,0.563013157617,0.038186842383
256,1439233,5622,5,0.75,2170,0.385983635717,0.563008639814,0.038191360186
1024,2936833,2868,5,0.75,1107,0.385983263598,0.563008097029,0.038191902971
512,1555969,3039,5,0.75,1173,0.385982230997,0.563006590843,0.038193409157
256,860929,3363,5,0.75,1298,0.385964912281,0.562981329184,0.038218670816
256,1384961,5410,5,0.75,2088,0.385951940850,0.562962408622,0.038237591378
512,3133441,6120,5,0.75,2362,0.385947712418,0.562956240889,0.038243759111
256,724993,2832,5,0.75,1093,0.385946327684,0.562954221069,0.038245778931
512,4019713,7851,5,0.75,3030,0.385938097058,0.562942215603,0.038257784397
1024,7705601,7525,5,0.75,2904,0.385913621262,0.562906514389,0.038293485611
1024,3168257,3094,5,0.75,1194,0.385908209438,0.562898620520,0.038301379480
512,3320833,6486,5,0.75,2503,0.385908109775,0.562898475149,0.038301524851
512,3821057,7463,5,0.75,2880,0.385903792041,0.562892177158,0.038307822842
256,842497,3291,5,0.75,1270,0.385900941963,0.562888019939,0.038311980061
256,613633,2397,5,0.75,925,0.385899040467,0.562885246354,0.038314753646
256,1259777,4921,5,0.75,1899,0.385897175371,0.562882525862,0.038317474138
1024,5415937,5289,5,0.75,2041,0.385895254301,0.562879723726,0.038320276274
512,3156481,6165,5,0.75,2379,0.385888077859,0.562869255926,0.038330744074
1024,5222401,5100,5,0.75,1968,0.385882352941,0.562860905370,0.038339094630
512,4046849,7904,5,0.75,3050,0.385880566802,0.562858300047,0.038341699953
512,2907137,5678,5,0.75,2191,0.385875308207,0.562850629685,0.038349370315
256,2010881,7855,5,0.75,3031,0.385868873329,0.562841243557,0.038358756443
256,1437697,5616,5,0.75,2167,0.385861823362,0.562830960239,0.038369039761
1024,4171777,4074,5,0.75,1572,0.385861561119,0.562830577723,0.038369422277
512,1939969,3789,5,0.75,1462,0.385853787279,0.562819238540,0.038380761460
512,4039169,7889,5,0.75,3044,0.385853720370,0.562819140944,0.038380859056
512,2749441,5370,5,0.75,2072,0.385847299814,0.562809775706,0.038390224294
256,784897,3066,5,0.75,1183,0.385844748858,0.562806054797,0.038393945203
256,1797377,7021,5,0.75,2709,0.385842472582,0.562802734545,0.038397265455
256,1735681,6780,5,0.75,2616,0.385840707965,0.562800160614,0.038399839386
512,1417217,2768,5,0.75,1068,0.385838150289,0.562796429903,0.038403570097
256,1160449,4533,5,0.75,1749,0.385837193911,0.562795034899,0.038404965101
256,1731073,6762,5,0.75,2609,0.385832593907,0.562788325179,0.038411674821
512,3394561,6630,5,0.75,2558,0.385822021116,0.562772903352,0.038427096648
1024,3466241,3385,5,0.75,1306,0.385819793205,0.562769653647,0.038430346353
1024,6555649,6402,5,0.75,2470,0.385816932209,0.562765480502,0.038434519498
256,1017857,3976,5,0.75,1534,0.385814889336,0.562762500699,0.038437499301
1024,6048769,5907,5,0.75,2279,0.385813441679,0.562760389099,0.038439610901
1024,6725633,6568,5,0.75,2534,0.385809987820,0.562755351184,0.038444648816
1024,7057409,6892,5,0.75,2659,0.385809634359,0.562754835614,0.038445164386
512,2654209,5184,5,0.75,2000,0.385802469136,0.562744384180,0.038455615820
512,1571329,3069,5,0.75,1184,0.385793418051,0.562731181966,0.038468818034
1024,4366337,4264,5,0.75,1645,0.385787992495,0.562723268068,0.038476731932
256,1278721,4995,5,0.75,1927,0.385785785786,0.562720049288,0.038479950712
1024,7790593,7608,5,0.75,2935,0.385778128286,0.562708879802,0.038491120198
512,4045313,7901,5,0.75,3048,0.385773952664,0.562702789101,0.038497210899
512,3612673,7056,5,0.75,2722,0.385770975057,0.562698445863,0.038501554137
512,2864129,5594,5,0.75,2158,0.385770468359,0.562697706777,0.038502293223
256,1093633,4272,5,0.75,1648,0.385767790262,0.562693800415,0.038506199585
1024,5234689,5112,5,0.75,1972,0.385758998435,0.562680976362,0.038519023638
512,3242497,6333,5,0.75,2443,0.385757145113,0.562678273044,0.038521726956
256,966913,3777,5,0.75,1457,0.385755890919,0.562676443635,0.038523556365
256,1455361,5685,5,0.75,2193,0.385751978892,0.562670737421,0.038529262579
512,3500033,6836,5,0.75,2637,0.385751901697,0.562670624822,0.038529375178
256,955649,3733,5,0.75,1440,0.385748727565,0.562665994927,0.038534005073
512,3360769,6564,5,0.75,2532,0.385740402194,0.562653851263,0.038546148737
1024,5471233,5343,5,0.75,2061,0.385738349242,0.562650856758,0.038549143242
256,703489,2748,5,0.75,1060,0.385735080058,0.562646088218,0.038553911782
512,3998209,7809,5,0.75,3012,0.385708797541,0.562607751659,0.038592248341
512,2076161,4055,5,0.75,1564,0.385696670777,0.562590063155,0.038609936845
512,3549697,6933,5,0.75,2674,0.385691619789,0.562582695616,0.038617304384
1024,5567489,5437,5,0.75,2097,0.385690638220,0.562581263865,0.038618736135
1024,6865921,6705,5,0.75,2586,0.385682326622,0.562569140291,0.038630859709
1024,5785601,5650,5,0.75,2179,0.385663716814,0.562541995403,0.038658004597
512,2856961,5580,5,0.75,2152,0.385663082437,0.562541070080,0.038658929920
256,1942273,7587,5,0.75,2926,0.385659681033,0.562536108678,0.038663891322
256,1470977,5746,5,0.75,2216,0.385659589279,0.562535974843,0.038664025157
512,4012033,7836,5,0.75,3022,0.385655946912,0.562530661964,0.038669338036
256,1345537,5256,5,0.75,2027,0.385654490107,0.562528537019,0.038671462981
1024,6707201,6550,5,0.75,2526,0.385648854962,0.562520317408,0.038679682592
256,1208833,4722,5,0.75,1821,0.385641677255,0.562509847766,0.038690152234
512,3621889,7074,5,0.75,2728,0.385637545943,0.562503821695,0.038696178305
512,2721793,5316,5,0.75,2050,0.385628291949,0.562490323510,0.038709676490
1024,6455297,6304,5,0.75,2431,0.385628172589,0.562490149407,0.038709850593
256,1659649,6483,5,0.75,2500,0.385623939534,0.562483974932,0.038716025068
512,3867649,7554,5,0.75,2913,0.385623510723,0.562483349454,0.038716650546
1024,7591937,7414,5,0.75,2859,0.385621796601,0.562480849178,0.038719150822
1024,7833601,7650,5,0.75,2950,0.385620915033,0.562479563293,0.038720436707
1024,5308417,5184,5,0.75,1999,0.385609567901,0.562463011988,0.038736988012
1024,2931713,2863,5,0.75,1104,0.385609500524,0.562462913709,0.038737086291
512,2148353,4196,5,0.75,1618,0.385605338418,0.562456842721,0.038743157279
1024,3115009,3042,5,0.75,1173,0.385601577909,0.562451357518,0.038748642482
256,600833,2347,5,0.75,905,0.385598636557,0.562447067164,0.038752932836
256,767489,2998,5,0.75,1156,0.385590393596,0.562435043705,0.038764956295
256,1154561,4510,5,0.75,1739,0.385587583149,0.562430944292,0.038769055708
1024,5409793,5283,5,0.75,2037,0.385576377058,0.562414598715,0.038785401285
1024,7521281,7345,5,0.75,2832,0.385568413887,0.562402983366,0.038797016634
512,3489793,6816,5,0.75,2628,0.385563380282,0.562395641181,0.038804358819
256,1414913,5527,5,0.75,2131,0.385561787588,0.562393318025,0.038806681975
256,1794049,7008,5,0.75,2702,0.385559360731,0.562389778130,0.038810221870
256,779521,3045,5,0.75,1174,0.385550082102,0.562376244011,0.038823755989
256,1877761,7335,5,0.75,2828,0.385548738923,0.562374284806,0.038825715194
512,1847297,3608,5,0.75,1391,0.385532150776,0.562350088780,0.038849911220
512,2001409,3909,5,0.75,1507,0.385520593502,0.562333230954,0.038866769046
256,1798913,7027,5,0.75,2709,0.385513021204,0.562322185746,0.038877814254
256,1501441,5865,5,0.75,2261,0.385507246377,0.562313762390,0.038886237610
256,932353,3642,5,0.75,1404,0.385502471170,0.562306797113,0.038893202887
1024,7552001,7375,5,0.75,2843,0.385491525424,0.562290831282,0.038909168718
256,1146881,4480,5,0.75,1727,0.385491071429,0.562290169070,0.038909830930
512,3936769,7689,5,0.75,2964,0.385485758876,0.562282420003,0.038917579997
1024,2369537,2314,5,0.75,892,0.385479688850,0.562273566061,0.038926433939
1024,2592769,2532,5,0.75,976,0.385466034755,0.562253649741,0.038946350259
512,1345537,2628,5,0.75,1013,0.385464231355,0.562251019240,0.038948980760
512,4085761,7980,5,0.75,3076,0.385463659148,0.562250184600,0.038949815400
512,3922433,7661,5,0.75,2953,0.385458817387,0.562243122246,0.038956877754
1024,6739969,6582,5,0.75,2537,0.385445153449,0.562223191569,0.038976808431
256,2022401,7900,5,0.75,3045,0.385443037975,0.562220105868,0.038979894132
512,1532929,2994,5,0.75,1154,0.385437541750,0.562212088891,0.038987911109
512,2509313,4901,5,0.75,1889,0.385431544583,0.562203341222,0.038996658778
1024,4691969,4582,5,0.75,1766,0.385421213444,0.562188271877,0.039011728123
512,3588097,7008,5,0.75,2701,0.385416666667,0.562181639796,0.039018360204
512,3313153,6471,5,0.75,2494,0.385411837429,0.562174595707,0.039025404293
256,1635329,6388,5,0.75,2462,0.385410144020,0.562172125645,0.039027874355
256,1915649,7483,5,0.75,2884,0.385406922357,0.562167426420,0.039032573580
256,1022977,3996,5,0.75,1540,0.385385385385,0.562136011873,0.039063988127
256,1264129,4938,5,0.75,1903,0.385378695828,0.562126254261,0.039073745739
1024,4663297,4554,5,0.75,1755,0.385375494071,0.562121584071,0.039078415929
512,1351169,2639,5,0.75,1017,0.385373247442,0.562118307063,0.039081692937
512,3591169,7014,5,0.75,2703,0.385372112917,0.562116652206,0.039083347794
256,524801,2050,5,0.75,790,0.385365853659,0.562107522243,0.039092477757
1024,4658177,4549,5,0.75,1753,0.385359419653,0.562098137387,0.039101862613
512,4005889,7824,5,0.75,3015,0.385352760736,0.562088424468,0.039111575532
1024,6890497,6729,5,0.75,2593,0.385347005499,0.562080029686,0.039119970314
256,1383169,5403,5,0.75,2082,0.385341476957,0.562071965571,0.039128034429
256,904193,3532,5,0.75,1361,0.385334088335,0.562061188280,0.039138811720
1024,3853313,3763,5,0.75,1450,0.385330853043,0.562056469174,0.039143530826
1024,5849089,5712,5,0.75,2201,0.385329131653,0.562053958297,0.039146041703
1024,7438337,7264,5,0.75,2799,0.385324889868,0.562047771088,0.039152228912
512,2839553,5546,5,0.75,2137,0.385322755139,0.562044657300,0.039155342700
1024,7026689,6862,5,0.75,2644,0.385310405130,0.562026643164,0.039173356836
256,1672961,6535,5,0.75,2518,0.385309869931,0.562025862506,0.039174137494
256,2009857,7851,5,0.75,3025,0.385301235511,0.562013268052,0.039186731948
512,1510913,2951,5,0.75,1137,0.385293120976,0.562001431919,0.039198568081
512,3521537,6878,5,0.75,2650,0.385286420471,0.561991658339,0.039208341661
256,1843201,7200,5,0.75,2774,0.385277777778,0.561979051817,0.039220948183
256,1728257,6751,5,0.75,2601,0.385276255370,0.561976831182,0.039223168818
256,806657,3151,5,0.75,1214,0.385274516027,0.561974294118,0.039225705882
256,729601,2850,5,0.75,1098,0.385263157895,0.561957726767,0.039242273233
256,944897,3691,5,0.75,1422,0.385261446762,0.561955230852,0.039244769148
512,3208193,6266,5,0.75,2414,0.385253750399,0.561944004679,0.039255995321
512,2081281,4065,5,0.75,1566,0.385239852399,0.561923732591,0.039276267409
256,572161,2235,5,0.75,861,0.385234899329,0.561916507878,0.039283492122
512,3002369,5864,5,0.75,2259,0.385231923602,0.561912167383,0.039287832617
256,1507841,5890,5,0.75,2269,0.385229202037,0.561908197618,0.039291802382
512,3822593,7466,5,0.75,2876,0.385212965443,0.561884514379,0.039315485621
1024,3237889,3162,5,0.75,1218,0.385199240987,0.561864495427,0.039335504573
256,1165057,4551,5,0.75,1753,0.385190068117,0.561851115573,0.039348884427
1024,5189633,5068,5,0.75,1952,0.385161799526,0.561809882061,0.039390117939
256,652033,2547,5,0.75,981,0.385159010601,0.561805814041,0.039394185959
512,2608129,5094,5,0.75,1962,0.385159010601,0.561805814041,0.039394185959
256,1772033,6922,5,0.75,2666,0.385148800925,0.561790921866,0.039409078134
1024,6673409,6517,5,0.75,2510,0.385146539819,0.561787623742,0.039412376258
1024,6240257,6094,5,0.75,2347,0.385132917624,0.561767753952,0.039432246048
256,2034689,7948,5,0.75,3061,0.385128334172,0.561761068376,0.039438931624
256,1383937,5406,5,0.75,2082,0.385127635960,0.561760049941,0.039439950059
512,3855361,7530,5,0.75,2900,0.385126162019,0.561757900000,0.039442100000
1024,3908609,3817,5,0.75,1470,0.385119203563,0.561747750164,0.039452249836
256,1021697,3991,5,0.75,1537,0.385116512152,0.561743824383,0.039456175617
256,1175297,4591,5,0.75,1768,0.385101285123,0.561721613729,0.039478386271
512,3689473,7206,5,0.75,2775,0.385095753539,0.561713545175,0.039486454825
512,1338881,2615,5,0.75,1007,0.385086042065,0.561699379694,0.039500620306
1024,5778433,5643,5,0.75,2173,0.385078858763,0.561688901890,0.039511098110
1024,2810881,2745,5,0.75,1057,0.385063752277,0.561666867064,0.039533132936
256,534529,2088,5,0.75,804,0.385057471264,0.561657705369,0.039542294631
512,3118081,6090,5,0.75,2345,0.385057471264,0.561657705369,0.039542294631
512,3438593,6716,5,0.75,2586,0.385050625372,0.561647719722,0.039552280278
512,3534337,6903,5,0.75,2658,0.385049978270,0.561646775837,0.039553224163
256,1245953,4867,5,0.75,1874,0.385042120403,0.561635314089,0.039564685911
1024,7941121,7755,5,0.75,2986,0.385041908446,0.561635004922,0.039564995078
1024,2587649,2527,5,0.75,973,0.385041551247,0.561634483899,0.039565516101
1024,4667393,4558,5,0.75,1755,0.385037297060,0.561628278600,0.039571721400
1024,7103489,6937,5,0.75,2671,0.385036759406,0.561627494360,0.039572505640
256,1693441,6615,5,0.75,2547,0.385034013605,0.561623489243,0.039576510757
1024,6973441,6810,5,0.75,2622,0.385022026432,0.561606004351,0.039593995649
256,1025281,4005,5,0.75,1542,0.385018726592,0.561601191094,0.039598808906
256,1677569,6553,5,0.75,2523,0.385014497177,0.561595021928,0.039604978072
1024,7899137,7714,5,0.75,2970,0.385014259787,0.561594675664,0.039605324336
1024,5819393,5683,5,0.75,2188,0.385007918353,0.561585425835,0.039614574165
1024,6433793,6283,5,0.75,2419,0.385007162184,0.561584322861,0.039615677139
512,3857921,7535,5,0.75,2901,0.385003317850,0.561578715388,0.039621284612
1024,6402049,6252,5,0.75,2407,0.384996801024,0.561569209727,0.039630790273
1024,3944449,3852,5,0.75,1483,0.384994807892,0.561566302478,0.039633697522
1024,7968769,7782,5,0.75,2996,0.384991004883,0.561560755282,0.039639244718
512,1678337,3278,5,0.75,1262,0.384990848078,0.561560526561,0.039639473439
1024,6753281,6595,5,0.75,2539,0.384988627748,0.561557287914,0.039642712086
1024,3383297,3304,5,0.75,1272,0.384987893462,0.561556216860,0.039643783140
1024,5511169,5382,5,0.75,2072,0.384986993683,0.561554904411,0.039645095589
512,1704961,3330,5,0.75,1282,0.384984984985,0.561551974458,0.039648025542
512,3532289,6899,5,0.75,2656,0.384983330918,0.561549561780,0.039650438220
1024,5782529,5647,5,0.75,2174,0.384983176908,0.561549337136,0.039650662864
1024,6000641,5860,5,0.75,2256,0.384982935154,0.561548984505,0.039651015495
512,1655809,3234,5,0.75,1245,0.384972170686,0.561533283093,0.039666716907
1024,5764097,5629,5,0.75,2167,0.384970687511,0.561531119684,0.039668880316
256,1641217,6411,5,0.75,2468,0.384963344252,0.561520408561,0.039679591439
256,1272833,4972,5,0.75,1914,0.384955752212,0.561509334558,0.039690665442
256,1044737,4081,5,0.75,1571,0.384954667974,0.561507753051,0.039692246949
256,643073,2512,5,0.75,967,0.384952229299,0.561504195919,0.039695804081
512,3544577,6923,5,0.75,2665,0.384948721652,0.561499079548,0.039700920452
512,2057729,4019,5,0.75,1547,0.384921622294,0.561459551518,0.039740448482
512,1568257,3063,5,0.75,1179,0.384916748286,0.561452442127,0.039747557873
512,2613761,5105,5,0.75,1965,0.384916748286,0.561452442127,0.039747557873
512,1968641,3845,5,0.75,1480,0.384915474642,0.561450584347,0.039749415653
512,2455553,4796,5,0.75,1846,0.384904086739,0.561433973571,0.039766026429
512,3974657,7763,5,0.75,2988,0.384902743785,0.561432014692,0.039767985308
256,854017,3336,5,0.75,1284,0.384892086331,0.561416469374,0.039783530626
256,1785857,6976,5,0.75,2685,0.384891055046,0.561414965107,0.039785034893
1024,8037377,7849,5,0.75,3021,0.384889794878,0.561413126985,0.039786873015
512,1847809,3609,5,0.75,1389,0.384871155445,0.561385938883,0.039814061117
1024,2775041,2710,5,0.75,1043,0.384870848708,0.561385491468,0.039814508532
512,2950657,5763,5,0.75,2218,0.384868991845,0.561382782984,0.039817217016
256,629249,2458,5,0.75,946,0.384865744508,0.561378046310,0.039821953690
256,2012161,7860,5,0.75,3025,0.384860050891,0.561369741409,0.039830258591
1024,6234113,6088,5,0.75,2343,0.384855453351,0.561363035284,0.039836964716
256,858113,3352,5,0.75,1290,0.384844868735,0.561347596210,0.039852403790
1024,2903041,2835,5,0.75,1091,0.384832451499,0.561329484014,0.039870515986
1024,5641217,5509,5,0.75,2120,0.384824832093,0.561318370093,0.039881629907
512,3791873,7406,5,0.75,2850,0.384823116392,0.561315867515,0.039884132485
512,1860097,3633,5,0.75,1398,0.384805945500,0.561290821477,0.039909178523
1024,6684673,6528,5,0.75,2512,0.384803921569,0.561287869303,0.039912130697
512,1535489,2999,5,0.75,1154,0.384794931644,0.561274756298,0.039925243702
256,1097729,4288,5,0.75,1650,0.384794776119,0.561274529445,0.039925470555
256,1968641,7690,5,0.75,2959,0.384785435631,0.561260905096,0.039939094904
256,928769,3628,5,0.75,1396,0.384785005513,0.561260277711,0.039939722289
1024,5625857,5494,5,0.75,2114,0.384783400073,0.561257935963,0.039942064037
1024,4816897,4704,5,0.75,1810,0.384778911565,0.561251388875,0.039948611125
256,1721857,6726,5,0.75,2588,0.384775498067,0.561246409833,0.039953590167
256,776449,3033,5,0.75,1167,0.384767556874,0.561234826544,0.039965173456
512,2352641,4595,5,0.75,1768,0.384766050054,0.561232628646,0.039967371354
256,721921,2820,5,0.75,1085,0.384751773050,0.561211803729,0.039988196271
512,2618881,5115,5,0.75,1968,0.384750733138,0.561210286879,0.039989713121
512,3107329,6069,5,0.75,2335,0.384742132147,0.561197741186,0.040002258814
512,3436033,6711,5,0.75,2582,0.384741469230,0.561196774233,0.040003225767
1024,7582721,7405,5,0.75,2849,0.384740040513,0.561194690259,0.040005309741
256,959489,3748,5,0.75,1442,0.384738527215,0.561192482911,0.040007517089
512,3595777,7023,5,0.75,2702,0.384735867863,0.561188603892,0.040011396108
256,690689,2698,5,0.75,1038,0.384729429207,0.561179212253,0.040020787747
512,3706369,7239,5,0.75,2785,0.384721646636,0.561167860335,0.040032139665
256,1788673,6987,5,0.75,2688,0.384714469729,0.561157391859,0.040042608141
256,1996289,7798,5,0.75,3000,0.384714029238,0.561156749344,0.040043250656
256,817153,3192,5,0.75,1228,0.384711779449,0.561153467725,0.040046532275
512,2524673,4931,5,0.75,1897,0.384708983979,0.561149390160,0.040050609840
512,1707521,3335,5,0.75,1283,0.384707646177,0.561147438797,0.040052561203
256,755969,2953,5,0.75,1136,0.384693532001,0.561126851389,0.040073148611
256,1769473,6912,5,0.75,2659,0.384693287037,0.561126494075,0.040073505925
512,1545217,3018,5,0.75,1161,0.384691848907,0.561124396370,0.040075603630
256,835841,3265,5,0.75,1256,0.384686064319,0.561115958777,0.040084041223
512,3662849,7154,5,0.75,2752,0.384679899357,0.561106966358,0.040093033642
512,3240961,6330,5,0.75,2435,0.384676145340,0.561101490622,0.040098509378
256,1486081,5805,5,0.75,2233,0.384668389320,0.561090177432,0.040109822568
512,3853313,7526,5,0.75,2895,0.384666489503,0.561087406296,0.040112593704
1024,4727809,4617,5,0.75,1776,0.384665367122,0.561085769153,0.040114230847
512,1589249,3104,5,0.75,1194,0.384664948454,0.561085158470,0.040114841530
512,3404801,6650,5,0.75,2558,0.384661654135,0.561080353267,0.040119646733
256,1401601,5475,5,0.75,2106,0.384657534247,0.561074343860,0.040125656140
1024,7047169,6882,5,0.75,2647,0.384626562046,0.561029166772,0.040170833228
1024,5133313,5013,5,0.75,1928,0.384600039896,0.560990480677,0.040209519323
256,993793,3882,5,0.75,1493,0.384595569294,0.560983959708,0.040216040292
256,794113,3102,5,0.75,1193,0.384590586718,0.560976691956,0.040223308044
256,1568257,6126,5,0.75,2356,0.384590270976,0.560976231404,0.040223768596
512,1561601,3050,5,0.75,1173,0.384590163934,0.560976075269,0.040223924731
512,3027457,5913,5,0.75,2274,0.384576357179,0.560955936274,0.040244063726
1024,7913473,7728,5,0.75,2972,0.384575569358,0.560954787132,0.040245212868
512,3617281,7065,5,0.75,2717,0.384571832979,0.560949337125,0.040250662875
512,1572353,3071,5,0.75,1181,0.384565288180,0.560939790661,0.040260209339
256,1923841,7515,5,0.75,2890,0.384564204923,0.560938210588,0.040261789412
1024,7375873,7203,5,0.75,2770,0.384561988061,0.560934976997,0.040265023003
1024,4377601,4275,5,0.75,1644,0.384561403509,0.560934124350,0.040265875650
512,2102273,4106,5,0.75,1579,0.384559181685,0.560930883524,0.040269116476
1024,5410817,5284,5,0.75,2032,0.384557153671,0.560927925396,0.040272074604
512,2452481,4790,5,0.75,1842,0.384551148225,0.560919165651,0.040280834349
1024,6071297,5929,5,0.75,2280,0.384550514421,0.560918241162,0.040281758838
1024,4492289,4387,5,0.75,1687,0.384545247322,0.560910558395,0.040289441605
256,1398017,5461,5,0.75,2100,0.384544955136,0.560910132204,0.040289867796
256,1079809,4218,5,0.75,1622,0.384542437174,0.560906459420,0.040293540580
256,833537,3256,5,0.75,1252,0.384520884521,0.560875022000,0.040324978000
512,2320897,4533,5,0.75,1743,0.384513567174,0.560864348673,0.040335651327
1024,4924417,4809,5,0.75,1849,0.384487419422,0.560826208687,0.040373791313
512,2045441,3995,5,0.75,1536,0.384480600751,0.560816262745,0.040383737255
512,1952257,3813,5,0.75,1466,0.384474167322,0.560806878731,0.040393121269
512,2195969,4289,5,0.75,1649,0.384471904873,0.560803578647,0.040396421353
1024,7329793,7158,5,0.75,2752,0.384464934339,0.560793411193,0.040406588807
1024,2516993,2458,5,0.75,945,0.384458909683,0.560784623428,0.040415376572
1024,7431169,7257,5,0.75,2790,0.384456386937,0.560780943666,0.040419056334
512,1923073,3756,5,0.75,1444,0.384451544196,0.560773879883,0.040426120117
256,1767937,6906,5,0.75,2655,0.384448305821,0.560769156281,0.040430843719
256,1510913,5902,5,0.75,2269,0.384445950525,0.560765720767,0.040434279233
1024,6043649,5902,5,0.75,2269,0.384445950525,0.560765720767,0.040434279233
512,3356161,6555,5,0.75,2520,0.384439359268,0.560756106539,0.040443893461
512,1202689,2349,5,0.75,903,0.384418901660,0.560726266388,0.040473733612
256,1366529,5338,5,0.75,2052,0.384413638067,0.560718588735,0.040481411265
256,860417,3361,5,0.75,1292,0.384409401964,0.560712409813,0.040487590187
1024,4384769,4282,5,0.75,1646,0.384399813171,0.560698423280,0.040501576720
1024,4371457,4269,5,0.75,1641,0.384399156711,0.560697465745,0.040502534255
512,1784833,3486,5,0.75,1340,0.384394721744,0.560690996754,0.040509003246
1024,8122369,7932,5,0.75,3049,0.384392334846,0.560687515145,0.040512484855
512,1574401,3075,5,0.75,1182,0.384390243902,0.560684465224,0.040515534776
1024,7621633,7443,5,0.75,2861,0.384388015585,0.560681214926,0.040518785074
512,2209793,4316,5,0.75,1659,0.384383688601,0.560674903442,0.040525096558
512,3724289,7274,5,0.75,2796,0.384382733022,0.560673509603,0.040526490397
256,1262081,4930,5,0.75,1895,0.384381338742,0.560671475860,0.040528524140
1024,4694017,4584,5,0.75,1762,0.384380453752,0.560670184984,0.040529815016
512,1166849,2279,5,0.75,876,0.384379113646,0.560668230261,0.040531769739
1024,7616513,7438,5,0.75,2859,0.384377520839,0.560665906938,0.040534093062
512,3604481,7040,5,0.75,2706,0.384375000000,0.560662229958,0.040537770042
512,3019777,5898,5,0.75,2267,0.384367582231,0.560651410153,0.040548589847
1024,6756353,6598,5,0.75,2536,0.384358896635,0.560638741052,0.040561258948
512,2297857,4488,5,0.75,1725,0.384358288770,0.560637854400,0.040562145600
512,3672577,7173,5,0.75,2757,0.384358009201,0.560637446611,0.040562553389
512,3351553,6546,5,0.75,2516,0.384356859151,0.560635769109,0.040564230891
1024,3245057,3169,5,0.75,1218,0.384348374882,0.560623393670,0.040576606330
512,2211329,4319,5,0.75,1660,0.384348228757,0.560623180528,0.040576819472
256,1533953,5992,5,0.75,2303,0.384345794393,0.560619629683,0.040580370317
1024,6383617,6234,5,0.75,2396,0.384343920436,0.560616896267,0.040583103733
256,928513,3627,5,0.75,1394,0.384339674662,0.560610703239,0.040589296761
256,1264897,4941,5,0.75,1899,0.384335154827,0.560604110456,0.040595889544
512,3928577,7673,5,0.75,2949,0.384334680047,0.560603417926,0.040596582074
1024,5019649,4902,5,0.75,1884,0.384332925337,0.560600858447,0.040599141553
256,833281,3255,5,0.75,1251,0.384331797235,0.560599212961,0.040600787039
256,1012481,3955,5,0.75,1520,0.384323640961,0.560587315946,0.040612684054
1024,3970049,3877,5,0.75,1490,0.384317771473,0.560578754515,0.040621245485
512,1188353,2321,5,0.75,892,0.384317104696,0.560577781932,0.040622218068
256,1027841,4015,5,0.75,1543,0.384308841843,0.560565729458,0.040634270542
512,3066881,5990,5,0.75,2302,0.384307178631,0.560563303441,0.040636696559
256,1846529,7213,5,0.75,2772,0.384306113961,0.560561750478,0.040638249522
1024,7633921,7455,5,0.75,2865,0.384305835010,0.560561343591,0.040638656409
512,2903041,5670,5,0.75,2179,0.384303350970,0.560557720287,0.040642279713
512,3860993,7541,5,0.75,2898,0.384299164567,0.560551613860,0.040648386140
1024,5097473,4978,5,0.75,1913,0.384290879871,0.560539529526,0.040660470474
512,1772033,3461,5,0.75,1330,0.384281999422,0.560526576205,0.040673423795
1024,6587393,6433,5,0.75,2472,0.384268614954,0.560507053173,0.040692946827
1024,7922689,7737,5,0.75,2973,0.384257464133,0.560490788213,0.040709211787
1024,7259137,7089,5,0.75,2724,0.384257300042,0.560490548864,0.040709451136
512,2587649,5054,5,0.75,1942,0.384250098932,0.560480045083,0.040719954917
1024,7382017,7209,5,0.75,2770,0.384241919822,0.560468114761,0.040731885239
512,3151361,6155,5,0.75,2365,0.384240454915,0.560465977997,0.040734022003
256,1094657,4276,5,0.75,1643,0.384237605239,0.560461821364,0.040738178636
256,1295873,5062,5,0.75,1945,0.384235480047,0.560458721490,0.040741278510
256,1603073,6262,5,0.75,2406,0.384222293197,0.560439486709,0.040760513291
256,638977,2496,5,0.75,959,0.384214743590,0.560428474599,0.040771525401
256,1021441,3990,5,0.75,1533,0.384210526316,0.560422323142,0.040777676858
512,2177537,4253,5,0.75,1634,0.384199388667,0.560406077395,0.040793922605
1024,3174401,3100,5,0.75,1191,0.384193548387,0.560397558567,0.040802441433
256,1913089,7473,5,0.75,2871,0.384183059012,0.560382258415,0.040817741585
512,1262081,2465,5,0.75,947,0.384178498986,0.560375607007,0.040824392993
512,2698753,5271,5,0.75,2025,0.384177575413,0.560374259853,0.040825740147
256,805633,3147,5,0.75,1209,0.384175405148,0.560371094232,0.040828905768
256,1274113,4977,5,0.75,1912,0.384167168977,0.560359080678,0.040840919322
1024,6258689,6112,5,0.75,2348,0.384162303665,0.560351983971,0.040848016029
1024,2780161,2715,5,0.75,1043,0.384162062615,0.560351632367,0.040848367633
1024,2620417,2559,5,0.75,983,0.384134427511,0.560311322880,0.040888677120
1024,3662849,3577,5,0.75,1374,0.384120771596,0.560291403906,0.040908596094
256,1389569,5428,5,0.75,2085,0.384119380987,0.560289375518,0.040910624482
256,1067009,4168,5,0.75,1601,0.384117082534,0.560286022916,0.040913977084
512,2803201,5475,5,0.75,2103,0.384109589041,0.560275092657,0.040924907343
512,2100737,4103,5,0.75,1576,0.384109188399,0.560274508267,0.040925491733
512,3361793,6566,5,0.75,2522,0.384099908620,0.560260972472,0.040939027528
1024,3348481,3270,5,0.75,1256,0.384097859327,0.560257983304,0.040942016696
1024,4700161,4590,5,0.75,1763,0.384095860566,0.560255067845,0.040944932155
1024,6537217,6384,5,0.75,2452,0.384085213033,0.560239536996,0.040960463004
256,1067777,4171,5,0.75,1602,0.384080556222,0.560232744416,0.040967255584
512,1748993,3416,5,0.75,1312,0.384074941452,0.560224554525,0.040975445475
512,4049921,7910,5,0.75,3038,0.384070796460,0.560218508502,0.040981491498
1024,2314241,2260,5,0.75,868,0.384070796460,0.560218508502,0.040981491498
1024,7502849,7327,5,0.75,2814,0.384058960011,0.560201243461,0.040998756539
512,1618433,3161,5,0.75,1214,0.384055678583,0.560196457060,0.041003542940
256,1997057,7801,5,0.75,2996,0.384053326497,0.560193026228,0.041006973772
256,1780481,6955,5,0.75,2671,0.384040258807,0.560173965259,0.041026034741
1024,3898369,3807,5,0.75,1462,0.384029419490,0.560158154670,0.041041845330
1024,5911553,5773,5,0.75,2217,0.384029100987,0.560157690090,0.041042309910
1024,4781057,4669,5,0.75,1793,0.384022274577,0.560147732860,0.041052267140
256,560641,2190,5,0.75,841,0.384018264840,0.560141884124,0.041058115876
1024,7799809,7617,5,0.75,2925,0.384009452540,0.560129030209,0.041070969791
1024,3893249,3802,5,0.75,1460,0.384008416623,0.560127519185,0.041072480815
256,847361,3310,5,0.75,1271,0.383987915408,0.560097615427,0.041102384573
512,2500097,4883,5,0.75,1875,0.383985254966,0.560093734818,0.041106265182
512,1061377,2073,5,0.75,796,0.383984563435,0.560092726127,0.041107273873
256,1582081,6180,5,0.75,2373,0.383980582524,0.560086919438,0.041113080562
256,1888769,7378,5,0.75,2833,0.383979398211,0.560085191958,0.041114808042
256,1203457,4701,5,0.75,1805,0.383960859392,0.560058150617,0.041141849383
1024,6736897,6579,5,0.75,2526,0.383948928409,0.560040747686,0.041159252314
1024,7891969,7707,5,0.75,2959,0.383936680939,0.560022883118,0.041177116882
256,656129,2563,5,0.75,984,0.383925087788,0.560005972959,0.041194027041
512,1082881,2115,5,0.75,812,0.383924349882,0.560004896625,0.041195103375
256,1022209,3993,5,0.75,1533,0.383921863261,0.560001269556,0.041198730444
512,1528321,2985,5,0.75,1146,0.383919597990,0.559997965356,0.041202034644
256,1436417,5611,5,0.75,2154,0.383888789877,0.559953027612,0.041246972388
512,2707457,5288,5,0.75,2030,0.383888048411,0.559951946086,0.041248053914
256,1762561,6885,5,0.75,2643,0.383877995643,0.559937282781,0.041262717219
256,1725953,6742,5,0.75,2588,0.383862355384,0.559914469377,0.041285530623
1024,6567937,6414,5,0.75,2462,0.383847832866,0.559893286346,0.041306713654
256,1819393,7107,5,0.75,2728,0.383846911496,0.559891942405,0.041308057595
1024,6034433,5893,5,0.75,2262,0.383845240115,0.559889504474,0.041310495526
1024,3865601,3775,5,0.75,1449,0.383841059603,0.559883406638,0.041316593362
1024,3548161,3465,5,0.75,1330,0.383838383838,0.559879503679,0.041320496321
1024,3521537,3439,5,0.75,1320,0.383832509450,0.559870935100,0.041329064900
256,1120513,4377,5,0.75,1680,0.383824537354,0.559859306734,0.041340693266
512,3238913,6326,5,0.75,2428,0.383812835915,0.559842238624,0.041357761376
1024,3238913,3163,5,0.75,1214,0.383812835915,0.559842238624,0.041357761376
256,1935617,7561,5,0.75,2902,0.383811665124,0.559840530868,0.041359469132
1024,3591169,3507,5,0.75,1346,0.383803820930,0.559829089064,0.041370910936
256,992513,3877,5,0.75,1488,0.383801908692,0.559826299811,0.041373700189
512,2577409,5034,5,0.75,1932,0.383790226460,0.559809259716,0.041390740284
256,918529,3588,5,0.75,1377,0.383779264214,0.559793269817,0.041406730183
256,911873,3562,5,0.75,1367,0.383773161145,0.559784367677,0.041415632323
1024,3167233,3093,5,0.75,1187,0.383769802780,0.559779469054,0.041420530946
512,2125313,4151,5,0.75,1593,0.383762948687,0.559769471444,0.041430528556
256,1903873,7437,5,0.75,2854,0.383756891220,0.559760635819,0.041439364181
512,3919873,7656,5,0.75,2938,0.383751306165,0.559752489272,0.041447510728
512,2369537,4628,5,0.75,1776,0.383751080380,0.559752159935,0.041447840065
512,3598337,7028,5,0.75,2697,0.383750711440,0.559751621786,0.041448378214
512,2664449,5204,5,0.75,1997,0.383743274404,0.559740773877,0.041459226123
256,1618433,6322,5,0.75,2426,0.383739322999,0.559735010225,0.041464989775
1024,7226369,7057,5,0.75,2708,0.383732464220,0.559725005781,0.041474994219
512,2936833,5736,5,0.75,2201,0.383716875872,0.559702268095,0.041497731905
512,3211777,6273,5,0.75,2407,0.383707954727,0.559689255414,0.041510744586
512,1111553,2171,5,0.75,833,0.383694150161,0.559669119613,0.041530880387
256,1174273,4587,5,0.75,1760,0.383693045564,0.559667508410,0.041532491590
1024,5158913,5038,5,0.75,1933,0.383684001588,0.559654316565,0.041545683435
256,1794817,7011,5,0.75,2690,0.383682784196,0.559652540837,0.041547459163
512,3061249,5979,5,0.75,2294,0.383676200033,0.559642936957,0.041557063043
1024,5241857,5119,5,0.75,1964,0.383668685290,0.559631975701,0.041568024299
512,3573761,6980,5,0.75,2678,0.383667621777,0.559630424424,0.041569575576
256,971521,3795,5,0.75,1456,0.383662714097,0.559623265920,0.041576734080
512,2431489,4749,5,0.75,1822,0.383659717835,0.559618895471,0.041581104529
1024,6952961,6790,5,0.75,2605,0.383652430044,0.559608265255,0.041591734745
256,1454081,5680,5,0.75,2179,0.383626760563,0.559570822892,0.041629177108
256,1113089,4348,5,0.75,1668,0.383624655014,0.559567751667,0.041632248333
256,1841153,7192,5,0.75,2759,0.383620689655,0.559561967662,0.041638032338
1024,4983809,4867,5,0.75,1867,0.383603862749,0.559537423375,0.041662576625
256,1049089,4098,5,0.75,1572,0.383601756955,0.559534351792,0.041665648208
256,1607681,6280,5,0.75,2409,0.383598726115,0.559529930908,0.041670069092
512,1704449,3329,5,0.75,1277,0.383598678282,0.559529861137,0.041670138863
1024,5237761,5115,5,0.75,1962,0.383577712610,0.559499279907,0.041700720093
512,3373057,6588,5,0.75,2527,0.383576199150,0.559497072324,0.041702927676
1024,7392257,7219,5,0.75,2769,0.383571131736,0.559489680824,0.041710319176
512,3091457,6038,5,0.75,2316,0.383570718781,0.559489078474,0.041710921526
1024,7229441,7060,5,0.75,2708,0.383569405099,0.559487162294,0.041712837706
256,747521,2920,5,0.75,1120,0.383561643836,0.559475841455,0.041724158545
1024,5913601,5775,5,0.75,2215,0.383549783550,0.559458541646,0.041741458354
512,2620417,5118,5,0.75,1963,0.383548261039,0.559456320861,0.041743679139
512,4028929,7869,5,0.75,3018,0.383530308807,0.559430135134,0.041769864866
256,795649,3108,5,0.75,1192,0.383526383526,0.559424409589,0.041775590411
512,1397761,2730,5,0.75,1047,0.383516483516,0.559409969104,0.041790030896
1024,3652609,3567,5,0.75,1368,0.383515559294,0.559408621001,0.041791378999
1024,7919617,7734,5,0.75,2966,0.383501422291,0.559388000297,0.041811999703
1024,3076097,3004,5,0.75,1152,0.383488681758,0.559369416528,0.041830583472
256,626177,2446,5,0.75,938,0.383483237939,0.559361475993,0.041838524007
512,3893249,7604,5,0.75,2916,0.383482377696,0.559360221213,0.041839778787
512,2429953,4746,5,0.75,1820,0.383480825959,0.559357957797,0.041842042203
256,2011393,7857,5,0.75,3013,0.383479699631,0.559356314898,0.041843685102
1024,6857729,6697,5,0.75,2568,0.383455278483,0.559320693395,0.041879306605
256,1964801,7675,5,0.75,2943,0.383452768730,0.559317032585,0.041882967415
512,2639873,5156,5,0.75,1977,0.383436772692,0.559293700229,0.041906299771
256,1684481,6580,5,0.75,2523,0.383434650456,0.559290604665,0.041909395335
1024,6254593,6108,5,0.75,2342,0.383431565160,0.559286104349,0.041913895651
256,1495553,5842,5,0.75,2240,0.383430332078,0.559284305734,0.041915694266
256,1528321,5970,5,0.75,2289,0.383417085427,0.559264983726,0.041935016274
1024,6986753,6823,5,0.75,2616,0.383409057599,0.559253274068,0.041946725932
512,1067009,2084,5,0.75,799,0.383397312860,0.559236142798,0.041963857202
1024,5066753,4948,5,0.75,1897,0.383387227162,0.559221431463,0.041978568537
256,1312769,5128,5,0.75,1966,0.383385335413,0.559218672094,0.041981327906
512,3038209,5934,5,0.75,2275,0.383383889451,0.559216562965,0.041983437035
256,775937,3031,5,0.75,1162,0.383371824480,0.559198964596,0.042001035404
256,1458433,5697,5,0.75,2184,0.383359662981,0.559181225425,0.042018774575
1024,5855233,5718,5,0.75,2192,0.383350821966,0.559168329625,0.042031670375
256,1912577,7471,5,0.75,2864,0.383348949271,0.559165598049,0.042034401951
512,2277377,4448,5,0.75,1705,0.383318345324,0.559120958109,0.042079041891
1024,4958209,4842,5,0.75,1856,0.383312680710,0.559112695515,0.042087304485
256,1699073,6637,5,0.75,2544,0.383305710411,0.559102528403,0.042097471597
256,824833,3222,5,0.75,1235,0.383302296710,0.559097549065,0.042102450935
1024,4058113,3963,5,0.75,1519,0.383295483220,0.559087610680,0.042112389320
512,1684481,3290,5,0.75,1261,0.383282674772,0.559068927849,0.042131072151
1024,7702529,7522,5,0.75,2883,0.383275724541,0.559058790011,0.042141209989
256,777473,3037,5,0.75,1164,0.383272966743,0.559054767394,0.042145232606
1024,5741569,5607,5,0.75,2149,0.383270911361,0.559051769344,0.042148230656
512,2874881,5615,5,0.75,2152,0.383259127337,0.559034580774,0.042165419226
1024,3604481,3520,5,0.75,1349,0.383238636364,0.559004691954,0.042195308046
1024,4630529,4522,5,0.75,1733,0.383237505529,0.559003042480,0.042196957520
256,1922561,7510,5,0.75,2878,0.383222370173,0.558980965545,0.042219034455
256,1876481,7330,5,0.75,2809,0.383219645293,0.558976990944,0.042223009056
1024,6602753,6448,5,0.75,2471,0.383219602978,0.558976929221,0.042223070779
1024,4344833,4243,5,0.75,1626,0.383219420222,0.558976662647,0.042223337353
256,957953,3742,5,0.75,1434,0.383217530732,0.558973906574,0.042226093426
512,3647489,7124,5,0.75,2730,0.383211678832,0.558965370797,0.042234629203
1024,4764673,4653,5,0.75,1783,0.383193638513,0.558939056584,0.042260943416
512,1985537,3878,5,0.75,1486,0.383187209902,0.558929679597,0.042270320403
1024,2993153,2923,5,0.75,1120,0.383167978105,0.558901627455,0.042298372545
1024,7822337,7639,5,0.75,2927,0.383165335777,0.558897773267,0.042302226733
512,1113089,2174,5,0.75,833,0.383164673413,0.558896807121,0.042303192879
512,3198977,6248,5,0.75,2394,0.383162612036,0.558893800327,0.042306199673
1024,5850113,5713,5,0.75,2189,0.383161211273,0.558891757127,0.042308242873
512,2624513,5126,5,0.75,1964,0.383144752243,0.558867749437,0.042332250563
256,1457921,5695,5,0.75,2182,0.383143107989,0.558865351073,0.042334648927
512,1171969,2289,5,0.75,877,0.383136740935,0.558856063874,0.042343936126
256,1196033,4672,5,0.75,1790,0.383133561644,0.558851426454,0.042348573546
1024,5634049,5502,5,0.75,2108,0.383133406034,0.558851199476,0.042348800524
512,1377793,2691,5,0.75,1031,0.383128948346,0.558844697344,0.042355302656
256,1947137,7606,5,0.75,2914,0.383118590586,0.558829589169,0.042370410831
256,1052417,4111,5,0.75,1575,0.383118462661,0.558829402573,0.042370597427
256,1939969,7578,5,0.75,2903,0.383082607548,0.558777103106,0.042422896894
512,1403393,2741,5,0.75,1050,0.383071871580,0.558761443263,0.042438556737
1024,3822593,3733,5,0.75,1430,0.383069916957,0.558758592185,0.042441407815
1024,5806081,5670,5,0.75,2172,0.383068783069,0.558756938258,0.042443061742
256,1539073,6012,5,0.75,2303,0.383067198935,0.558754627588,0.042445372412
1024,5910529,5772,5,0.75,2211,0.383056133056,0.558738486526,0.042461513474
1024,5389313,5263,5,0.75,2016,0.383051491545,0.558731716262,0.042468283738
256,1193729,4663,5,0.75,1786,0.383015226249,0.558678818490,0.042521181510
512,2772481,5415,5,0.75,2074,0.383010156971,0.558671424271,0.042528575729
256,1307393,5107,5,0.75,1956,0.383003720384,0.558662035649,0.042537964351
256,1252609,4893,5,0.75,1874,0.382996116902,0.558650944956,0.042549055044
1024,4323329,4222,5,0.75,1617,0.382993841781,0.558647626389,0.042552373611
256,737281,2880,5,0.75,1103,0.382986111111,0.558636350175,0.042563649825
512,2767361,5405,5,0.75,2070,0.382978723404,0.558625574219,0.042574425781
1024,6208513,6063,5,0.75,2322,0.382978723404,0.558625574219,0.042574425781
256,1103617,4311,5,0.75,1651,0.382973787984,0.558618375250,0.042581624750
512,1509377,2948,5,0.75,1129,0.382971506106,0.558615046826,0.042584953174
1024,5026817,4909,5,0.75,1880,0.382970055001,0.558612930196,0.042587069804
256,1851649,7233,5,0.75,2770,0.382966957003,0.558608411352,0.042591588648
512,1651201,3225,5,0.75,1235,0.382945736434,0.558577458321,0.042622541679
512,3430913,6701,5,0.75,2566,0.382927921206,0.558551472433,0.042648527567
512,3183617,6218,5,0.75,2381,0.382920553233,0.558540725261,0.042659274739
512,1810433,3536,5,0.75,1354,0.382918552036,0.558537806249,0.042662193751
512,3865601,7550,5,0.75,2891,0.382913907285,0.558531031260,0.042668968740
1024,7862273,7678,5,0.75,2940,0.382912216723,0.558528565350,0.042671434650
512,2564609,5009,5,0.75,1918,0.382910760631,0.558526441445,0.042673558555
256,748801,2925,5,0.75,1120,0.382905982906,0.558519472496,0.042680527504
512,3701249,7229,5,0.75,2768,0.382902199474,0.558513953856,0.042686046144
256,700673,2737,5,0.75,1048,0.382900986482,0.558512184544,0.042687815456
512,3967489,7749,5,0.75,2967,0.382888114595,0.558493409180,0.042706590820
1024,7846913,7663,5,0.75,2934,0.382878768106,0.558479776079,0.042720223921
256,1994497,7791,5,0.75,2983,0.382877679374,0.558478188017,0.042721811983
512,1584641,3095,5,0.75,1185,0.382875605816,0.558475163456,0.042724836544
1024,6111233,5968,5,0.75,2285,0.382875335121,0.558474768611,0.042725231389
1024,5306369,5182,5,0.75,1984,0.382863759166,0.558457883537,0.042742116463
256,1652993,6457,5,0.75,2472,0.382840328326,0.558423706529,0.042776293471
256,775681,3030,5,0.75,1160,0.382838283828,0.558420724357,0.042779275643
256,1637633,6397,5,0.75,2449,0.382835704236,0.558416961678,0.042783038322
1024,6716417,6559,5,0.75,2511,0.382832748895,0.558412650917,0.042787349083
512,1710593,3341,5,0.75,1279,0.382819515115,0.558393347684,0.042806652316
1024,4635649,4527,5,0.75,1733,0.382814225757,0.558385632449,0.042814367551
512,1231873,2406,5,0.75,921,0.382793017456,0.558354697313,0.042845302687
512,2308609,4509,5,0.75,1726,0.382789975604,0.558350260366,0.042849739634
1024,7674881,7495,5,0.75,2869,0.382788525684,0.558348145463,0.042851854537
1024,6337537,6189,5,0.75,2369,0.382775892713,0.558329718589,0.042870281411
256,1303553,5092,5,0.75,1949,0.382757266300,0.558302549481,0.042897450519
512,1502209,2934,5,0.75,1123,0.382753919564,0.558297667819,0.042902332181
512,1139713,2226,5,0.75,852,0.382749326146,0.558290967706,0.042909032294
512,2890753,5646,5,0.75,2161,0.382748848742,0.558290271350,0.042909728650
512,3161089,6174,5,0.75,2363,0.382734045999,0.558268679573,0.042931320427
256,1423361,5560,5,0.75,2128,0.382733812950,0.558268339639,0.042931660361
1024,6822913,6663,5,0.75,2550,0.382710490770,0.558234321128,0.042965678872
256,979969,3828,5,0.75,1465,0.382706374086,0.558228316395,0.042971683605
256,1408769,5503,5,0.75,2106,0.382700345266,0.558219522557,0.042980477443
1024,2178049,2127,5,0.75,814,0.382698636577,0.558217030206,0.042982969794
1024,7990273,7803,5,0.75,2986,0.382673330770,0.558180118310,0.043019881690
512,1778177,3473,5,0.75,1329,0.382666282753,0.558169837835,0.043030162165
256,685057,2676,5,0.75,1024,0.382660687593,0.558161676549,0.043038323451
512,4027393,7866,5,0.75,3010,0.382659547419,0.558160013453,0.043039986547
512,1103873,2156,5,0.75,825,0.382653061224,0.558150552472,0.043049447528
512,2979841,5820,5,0.75,2227,0.382646048110,0.558140322909,0.043059677091
1024,4319233,4218,5,0.75,1614,0.382645803698,0.558139966402,0.043060033598
256,979457,3826,5,0.75,1464,0.382645060115,0.558138881786,0.043061118214
512,1156097,2258,5,0.75,864,0.382639503986,0.558130777431,0.043069222569
256,1592321,6220,5,0.75,2380,0.382636655949,0.558126623188,0.043073376812
1024,2652161,2590,5,0.75,991,0.382625482625,0.558110325405,0.043089674595
1024,6765569,6607,5,0.75,2528,0.382624489178,0.558108876330,0.043091123670
512,2922497,5708,5,0.75,2184,0.382620882971,0.558103616196,0.043096383804
1024,4771841,4660,5,0.75,1783,0.382618025751,0.558099448559,0.043100551441
256,727297,2841,5,0.75,1087,0.382611756424,0.558090303909,0.043109696091
512,3390977,6623,5,0.75,2534,0.382606069757,0.558082009146,0.043117990854
512,2795521,5460,5,0.75,2089,0.382600732601,0.558074224192,0.043125775808
1024,6685697,6529,5,0.75,2498,0.382600704549,0.558074183274,0.043125816726
512,3765761,7355,5,0.75,2814,0.382596872876,0.558068594267,0.043131405733
1024,4836353,4723,5,0.75,1807,0.382595807749,0.558067040639,0.043132959361
512,3682817,7193,5,0.75,2752,0.382594188795,0.558064679177,0.043135320823
512,2681857,5238,5,0.75,2004,0.382588774341,0.558056781475,0.043143218525
256,1990657,7776,5,0.75,2975,0.382587448560,0.558054847645,0.043145152355
512,3326977,6498,5,0.75,2486,0.382579255155,0.558042896472,0.043157103528
512,1310209,2559,5,0.75,979,0.382571316921,0.558031317497,0.043168682503
512,2208257,4313,5,0.75,1650,0.382564340366,0.558021141261,0.043178858739
1024,2572289,2512,5,0.75,961,0.382563694268,0.558020198840,0.043179801160
512,3873281,7565,5,0.75,2894,0.382551222736,0.558002007448,0.043197992552
256,1106177,4321,5,0.75,1653,0.382550335570,0.558000713398,0.043199286602
256,1451521,5670,5,0.75,2169,0.382539682540,0.557985174531,0.043214825469
512,1623553,3171,5,0.75,1213,0.382529170609,0.557969841477,0.043230158523
1024,5072897,4954,5,0.75,1895,0.382519176423,0.557955263623,0.043244736377
512,2553857,4988,5,0.75,1908,0.382518043304,0.557953610818,0.043246389182
256,1893377,7396,5,0.75,2829,0.382504056247,0.557933208828,0.043266791172
256,654593,2557,5,0.75,978,0.382479468127,0.557897343774,0.043302656226
1024,6077441,5935,5,0.75,2270,0.382476832350,0.557893499143,0.043306500857
256,1448449,5658,5,0.75,2164,0.382467302934,0.557879599217,0.043320400783
256,1489409,5818,5,0.75,2225,0.382433826057,0.557830768725,0.043369231275
512,3298817,6443,5,0.75,2464,0.382430544777,0.557825982541,0.043374017459
256,1025537,4006,5,0.75,1532,0.382426360459,0.557819879154,0.043380120846
256,1429249,5583,5,0.75,2135,0.382410890202,0.557797313720,0.043402686280
256,1516289,5923,5,0.75,2265,0.382407563735,0.557792461623,0.043407538377
512,1168897,2283,5,0.75,873,0.382391590013,0.557769161819,0.043430838181
1024,7908353,7723,5,0.75,2953,0.382364366179,0.557729452224,0.043470547776
256,583169,2278,5,0.75,871,0.382352941176,0.557712787333,0.043487212667
512,3081217,6018,5,0.75,2301,0.382352941176,0.557712787333,0.043487212667
256,1624321,6345,5,0.75,2426,0.382348305753,0.557706025949,0.043493974051
1024,6144001,6000,5,0.75,2294,0.382333333333,0.557684186677,0.043515813323
1024,8144897,7954,5,0.75,3041,0.382323359316,0.557669638242,0.043530361758
1024,6230017,6084,5,0.75,2326,0.382314266930,0.557656375783,0.043543624217
1024,7352321,7180,5,0.75,2745,0.382311977716,0.557653036660,0.043546963340
512,1603073,3131,5,0.75,1197,0.382305972533,0.557644277299,0.043555722701
256,1206017,4711,5,0.75,1801,0.382296752282,0.557630828332,0.043569171668
1024,2231297,2179,5,0.75,833,0.382285452042,0.557614345425,0.043585654575
1024,7693313,7513,5,0.75,2872,0.382270730733,0.557592872431,0.043607127569
256,1564417,6111,5,0.75,2336,0.382261495664,0.557579401850,0.043620598150
512,3844097,7508,5,0.75,2870,0.382258923815,0.557575650465,0.043624349535
256,1416449,5533,5,0.75,2115,0.382251942888,0.557565467852,0.043634532148
256,966401,3775,5,0.75,1443,0.382251655629,0.557565048846,0.043634951154
512,3558913,6951,5,0.75,2657,0.382247158682,0.557558489449,0.043641510551
512,3391489,6624,5,0.75,2532,0.382246376812,0.557557348987,0.043642651013
512,4041217,7893,5,0.75,3017,0.382237425567,0.557544292402,0.043655707598
1024,3469313,3388,5,0.75,1295,0.382231404959,0.557535510541,0.043664489459
256,2005249,7833,5,0.75,2994,0.382229031023,0.557532047839,0.043667952161
512,3092993,6041,5,0.75,2309,0.382221486509,0.557521043159,0.043678956841
512,2464769,4814,5,0.75,1840,0.382218529290,0.557516729660,0.043683270340
1024,2464769,2407,5,0.75,920,0.382218529290,0.557516729660,0.043683270340
512,1616897,3158,5,0.75,1207,0.382203926536,0.557495429595,0.043704570405
512,3457537,6753,5,0.75,2581,0.382200503480,0.557490436611,0.043709563389
1024,5050369,4932,5,0.75,1885,0.382197891322,0.557486626430,0.043713373570
1024,5114881,4995,5,0.75,1909,0.382182182182,0.557463712553,0.043736287447
512,1907713,3726,5,0.75,1424,0.382179280730,0.557459480398,0.043740519602
512,1292801,2525,5,0.75,965,0.382178217822,0.557457930005,0.043742069995
256,1824001,7125,5,0.75,2723,0.382175438596,0.557453876134,0.043746123866
256,1897729,7413,5,0.75,2833,0.382166464319,0.557440785953,0.043759214047
512,2572289,5024,5,0.75,1920,0.382165605096,0.557439532660,0.043760467340
256,648449,2533,5,0.75,968,0.382155546782,0.557424861268,0.043775138732
256,1920001,7500,5,0.75,2866,0.382133333333,0.557392459989,0.043807540011
1024,7114753,6948,5,0.75,2655,0.382124352332,0.557379359999,0.043820640001
1024,2875393,2808,5,0.75,1073,0.382122507123,0.557376668515,0.043823331485
1024,7305217,7134,5,0.75,2726,0.382113821138,0.557363998848,0.043836001152
1024,4933633,4818,5,0.75,1841,0.382108758821,0.557356614783,0.043843385217
1024,2288641,2235,5,0.75,854,0.382102908277,0.557348080984,0.043851919016
512,2659841,5195,5,0.75,1985,0.382098171319,0.557341171498,0.043858828502
256,577537,2256,5,0.75,862,0.382092198582,0.557332459464,0.043867540536
1024,6209537,6064,5,0.75,2317,0.382091029024,0.557330753508,0.043869246492
256,785921,3070,5,0.75,1173,0.382084690554,0.557321508004,0.043878491996
512,3931649,7679,5,0.75,2934,0.382081000130,0.557316125028,0.043883874972
256,2041601,7975,5,0.75,3047,0.382068965517,0.557298570939,0.043901429061
256,1969921,7695,5,0.75,2940,0.382066276803,0.557294649091,0.043905350909
1024,2101249,2052,5,0.75,784,0.382066276803,0.557294649091,0.043905350909
1024,2795521,2730,5,0.75,1043,0.382051282051,0.557272777244,0.043927222756
512,2126849,4154,5,0.75,1587,0.382041405874,0.557258371522,0.043941628478
1024,6076417,5934,5,0.75,2267,0.382035726323,0.557250087139,0.043949912861
512,2653697,5183,5,0.75,1980,0.382018136215,0.557224429619,0.043975570381
1024,4396033,4293,5,0.75,1640,0.382017237363,0.557223118524,0.043976881476
1024,4452353,4348,5,0.75,1661,0.382014719411,0.557219445755,0.043980554245
256,1770497,6916,5,0.75,2642,0.382012724118,0.557216535353,0.043983464647
512,1371137,2678,5,0.75,1023,0.382001493652,0.557200154220,0.043999845780
1024,6200321,6055,5,0.75,2313,0.381998348472,0.557195566556,0.044004433444
512,2245121,4385,5,0.75,1675,0.381984036488,0.557174690617,0.044025309383
512,3767809,7359,5,0.75,2811,0.381981247452,0.557170622436,0.044029377564
1024,3635201,3550,5,0.75,1356,0.381971830986,0.557156887263,0.044043112737
512,2993153,5846,5,0.75,2233,0.381970578173,0.557155059869,0.044044940131
1024,7243777,7074,5,0.75,2702,0.381962114787,0.557142714890,0.044057285110
1024,6648833,6493,5,0.75,2480,0.381949792084,0.557124740584,0.044075259416
512,1593857,3113,5,0.75,1189,0.381946675233,0.557120194241,0.044079805759
1024,4740097,4629,5,0.75,1768,0.381939943832,0.557110375595,0.044089624405
256,1172993,4582,5,0.75,1750,0.381929288520,0.557094833400,0.044105166600
1024,4544513,4438,5,0.75,1695,0.381928796755,0.557094116095,0.044105883905
1024,6946817,6784,5,0.75,2591,0.381928066038,0.557093050246,0.044106949754
512,3798017,7418,5,0.75,2833,0.381908870315,0.557065050724,0.044134949276
512,1964033,3836,5,0.75,1465,0.381908237748,0.557064128039,0.044135871961
1024,6263809,6117,5,0.75,2336,0.381886545692,0.557032487282,0.044167512718
256,1460737,5706,5,0.75,2179,0.381878724150,0.557021078519,0.044178921481
256,1991681,7780,5,0.75,2971,0.381876606684,0.557017989912,0.044182010088
1024,3038209,2967,5,0.75,1133,0.381867205932,0.557004277661,0.044195722339
1024,4867073,4753,5,0.75,1815,0.381864085841,0.556999726591,0.044200273409
1024,3714049,3627,5,0.75,1385,0.381858285084,0.556991265414,0.044208734586
1024,3791873,3703,5,0.75,1414,0.381852551985,0.556982902923,0.044217097077
1024,2864129,2797,5,0.75,1068,0.381837683232,0.556961214863,0.044238785137
256,1006337,3931,5,0.75,1501,0.381836682778,0.556959755567,0.044240244433
256,985601,3850,5,0.75,1470,0.381818181818,0.556932769449,0.044267230551
512,2516993,4916,5,0.75,1877,0.381814483320,0.556927374695,0.044272625305
512,3394049,6629,5,0.75,2531,0.381807210741,0.556916766668,0.044283233332
256,945409,3693,5,0.75,1410,0.381803411860,0.556911225494,0.044288774506
256,1868033,7297,5,0.75,2786,0.381800740030,0.556907328273,0.044292671727
512,2306561,4505,5,0.75,1720,0.381798002220,0.556903334812,0.044296665188
256,1060097,4141,5,0.75,1581,0.381791837720,0.556894343067,0.044305656933
512,1225729,2394,5,0.75,914,0.381787802840,0.556888457656,0.044311542344
256,986369,3853,5,0.75,1471,0.381780430833,0.556877704599,0.044322295401
256,812033,3172,5,0.75,1211,0.381778058008,0.556874243517,0.044325756483
256,576001,2250,5,0.75,859,0.381777777778,0.556873834764,0.044326165236
512,1892353,3696,5,0.75,1411,0.381764069264,0.556853839068,0.044346160932
512,2593793,5066,5,0.75,1934,0.381760757994,0.556849009139,0.044350990861
512,4050433,7911,5,0.75,3020,0.381746934648,0.556828845943,0.044371154057
256,1626881,6355,5,0.75,2426,0.381746656176,0.556828439755,0.044371560245
256,1447169,5653,5,0.75,2158,0.381744206616,0.556824866745,0.044375133255
1024,4273153,4173,5,0.75,1593,0.381739755572,0.556818374303,0.044381625697
512,2309633,4511,5,0.75,1722,0.381733540235,0.556809308405,0.044390691595
512,1865729,3644,5,0.75,1391,0.381723380900,0.556794489659,0.044405510341
512,3322369,6489,5,0.75,2477,0.381722915703,0.556793811108,0.044406188892
256,823553,3217,5,0.75,1228,0.381722101337,0.556792623245,0.044407376755
1024,2856961,2790,5,0.75,1065,0.381720430108,0.556790185534,0.044409814466
1024,4085761,3990,5,0.75,1523,0.381704260652,0.556766600225,0.044433399775
256,592897,2316,5,0.75,884,0.381692573402,0.556749552813,0.044450447187
1024,6100993,5958,5,0.75,2274,0.381671701913,0.556719108961,0.044480891039
1024,4300801,4200,5,0.75,1603,0.381666666667,0.556711764382,0.044488235618
1024,5403649,5277,5,0.75,2014,0.381656244078,0.556696561645,0.044503438355
256,784129,3063,5,0.75,1169,0.381651975188,0.556690334899,0.044509665101
1024,6908929,6747,5,0.75,2575,0.381651104194,0.556689064439,0.044510935561
1024,4888577,4774,5,0.75,1822,0.381650607457,0.556688339881,0.044511660119
1024,4005889,3912,5,0.75,1493,0.381646216769,0.556681935477,0.044518064523
512,2638849,5154,5,0.75,1967,0.381645324020,0.556680633284,0.044519366716
256,814337,3181,5,0.75,1214,0.381640993398,0.556674316494,0.044525683506
1024,3767297,3679,5,0.75,1404,0.381625441696,0.556651632261,0.044548367739
1024,7867393,7683,5,0.75,2932,0.381621762332,0.556646265418,0.044553734582
512,3786241,7395,5,0.75,2822,0.381609195402,0.556627934873,0.044572065127
512,3652097,7133,5,0.75,2722,0.381606617132,0.556624174121,0.044575825879
256,1952257,7626,5,0.75,2910,0.381589299764,0.556598914430,0.044601085570
512,1595393,3116,5,0.75,1189,0.381578947368,0.556583814079,0.044616185921
512,3985409,7784,5,0.75,2970,0.381551901336,0.556544363832,0.044655636168
1024,3985409,3892,5,0.75,1485,0.381551901336,0.556544363832,0.044655636168
256,982273,3837,5,0.75,1464,0.381548084441,0.556538796381,0.044661203619
256,1790209,6993,5,0.75,2668,0.381524381524,0.556504222514,0.044695777486
1024,6304769,6157,5,0.75,2349,0.381516972552,0.556493415539,0.044706584461
256,871681,3405,5,0.75,1299,0.381497797357,0.556465445959,0.044734554041
256,1236737,4831,5,0.75,1843,0.381494514593,0.556460657610,0.044739342390
1024,6423553,6273,5,0.75,2393,0.381476167703,0.556433896222,0.044766103778
512,2818561,5505,5,0.75,2100,0.381471389646,0.556426926788,0.044773073212
512,3681793,7191,5,0.75,2743,0.381449033514,0.556394317387,0.044805682613
256,1340929,5238,5,0.75,1998,0.381443298969,0.556385952788,0.044814047212
1024,4953089,4837,5,0.75,1845,0.381434773620,0.556373517428,0.044826482572
512,1224193,2391,5,0.75,912,0.381430363864,0.556367085211,0.044832914789
1024,7724033,7543,5,0.75,2877,0.381413230810,0.556342094365,0.044857905635
512,3635201,7100,5,0.75,2708,0.381408450704,0.556335121943,0.044864878057
256,883969,3453,5,0.75,1317,0.381407471764,0.556333694028,0.044866305972
512,1474049,2879,5,0.75,1098,0.381382424453,0.556297159182,0.044902840818
1024,4156417,4059,5,0.75,1548,0.381374722838,0.556285925349,0.044914074651
1024,3133441,3060,5,0.75,1167,0.381372549020,0.556282754545,0.044917245455
256,986113,3852,5,0.75,1469,0.381360332295,0.556264934822,0.044935065178
1024,4427777,4324,5,0.75,1649,0.381359851989,0.556264234231,0.044935765769
512,3614209,7059,5,0.75,2692,0.381357132738,0.556260267842,0.044939732158
256,1070081,4180,5,0.75,1594,0.381339712919,0.556234858710,0.044965141290
256,1960961,7660,5,0.75,2921,0.381331592689,0.556223014272,0.044976985728
1024,6635521,6480,5,0.75,2471,0.381327160494,0.556216549323,0.044983450677
1024,2639873,2578,5,0.75,983,0.381303335919,0.556181798002,0.045018201998
1024,2277377,2224,5,0.75,848,0.381294964029,0.556169586483,0.045030413517
512,1669121,3260,5,0.75,1243,0.381288343558,0.556159929643,0.045040070357
512,1487873,2906,5,0.75,1108,0.381280110117,0.556147920070,0.045052079930
1024,2833409,2767,5,0.75,1055,0.381279363932,0.556146831660,0.045053168340
256,1009153,3942,5,0.75,1503,0.381278538813,0.556145628113,0.045054371887
256,825857,3226,5,0.75,1230,0.381277123373,0.556143563505,0.045056436495
256,1495297,5841,5,0.75,2227,0.381270330423,0.556133655081,0.045066344919
512,1082369,2114,5,0.75,806,0.381267738884,0.556129874976,0.045070125024
256,1007873,3937,5,0.75,1501,0.381254762510,0.556110947202,0.045089052798
512,3878401,7575,5,0.75,2888,0.381254125413,0.556110017911,0.045089982089
256,778241,3040,5,0.75,1159,0.381250000000,0.556104000447,0.045095999553
512,1894913,3701,5,0.75,1411,0.381248311267,0.556101537204,0.045098462796
1024,5984257,5844,5,0.75,2228,0.381245722108,0.556097760570,0.045102239430
256,1651201,6450,5,0.75,2459,0.381240310078,0.556089866402,0.045110133598
512,2641921,5160,5,0.75,1967,0.381201550388,0.556033330222,0.045166669778
512,2775041,5420,5,0.75,2066,0.381180811808,0.556003080236,0.045196919764
256,2001409,7818,5,0.75,2980,0.381171655155,0.555989724035,0.045210275965
256,1129729,4413,5,0.75,1682,0.381146612282,0.555953195663,0.045246804337
512,3344897,6533,5,0.75,2490,0.381141894995,0.555946314870,0.045253685130
512,1503233,2936,5,0.75,1119,0.381130790191,0.555930117032,0.045269882968
512,1546241,3020,5,0.75,1151,0.381125827815,0.555922878744,0.045277121256
1024,5370881,5245,5,0.75,1999,0.381124880839,0.555921497454,0.045278502546
256,1880833,7347,5,0.75,2800,0.381107935212,0.555896779995,0.045303220005
256,1509377,5896,5,0.75,2247,0.381105834464,0.555893715774,0.045306284226
256,1102337,4306,5,0.75,1641,0.381096144914,0.555879582273,0.045320417727
512,3263489,6374,5,0.75,2429,0.381079385002,0.555855135704,0.045344864296
512,2836481,5540,5,0.75,2111,0.381046931408,0.555807797807,0.045392202193
1024,5229569,5107,5,0.75,1946,0.381045623654,0.555805890273,0.045394109727
512,1355777,2648,5,0.75,1009,0.381042296073,0.555801036552,0.045398963448
256,653057,2551,5,0.75,972,0.381027048216,0.555778795519,0.045421204481
1024,2147329,2097,5,0.75,799,0.381020505484,0.555769252070,0.045430747930
1024,4595713,4488,5,0.75,1710,0.381016042781,0.555762742622,0.045437257378
1024,5404673,5278,5,0.75,2011,0.381015536188,0.555762003689,0.045437996311
256,585217,2286,5,0.75,871,0.381014873141,0.555761036546,0.045438963454
512,2598913,5076,5,0.75,1934,0.381008668243,0.555751985874,0.045448014126
1024,2598913,2538,5,0.75,967,0.381008668243,0.555751985874,0.045448014126
1024,3351553,3273,5,0.75,1247,0.380996028109,0.555733548552,0.045466451448
1024,2507777,2449,5,0.75,933,0.380971825235,0.555698245431,0.045501754569
1024,4464641,4360,5,0.75,1661,0.380963302752,0.555685814253,0.045514185747
256,1288193,5032,5,0.75,1917,0.380961844197,0.555683686756,0.045516313244
256,1091329,4263,5,0.75,1624,0.380952380952,0.555669883350,0.045530116650
256,699649,2733,5,0.75,1041,0.380900109769,0.555593638855,0.045606361145
1024,7462913,7288,5,0.75,2776,0.380900109769,0.555593638855,0.045606361145
512,1162753,2271,5,0.75,865,0.380889476002,0.555578128085,0.045621871915
256,963841,3765,5,0.75,1434,0.380876494024,0.555559192138,0.045640807862
256,818689,3198,5,0.75,1218,0.380863039400,0.555539566773,0.045660433227
512,1641473,3206,5,0.75,1221,0.380848409233,0.555518226723,0.045681773277
1024,2543617,2484,5,0.75,946,0.380837359098,0.555502108627,0.045697891373
1024,7630849,7452,5,0.75,2838,0.380837359098,0.555502108627,0.045697891373
256,763649,2983,5,0.75,1136,0.380824673148,0.555483604475,0.045716395525
1024,3320833,3243,5,0.75,1235,0.380820228184,0.555477120902,0.045722879098
1024,4334593,4233,5,0.75,1612,0.380817387196,0.555472976942,0.045727023058
512,3073537,6003,5,0.75,2286,0.380809595202,0.555461611280,0.045738388720
512,3673601,7175,5,0.75,2732,0.380766550523,0.555398824871,0.045801175129
1024,7925761,7740,5,0.75,2947,0.380749354005,0.555373741455,0.045826258545
256,1544449,6033,5,0.75,2297,0.380739267363,0.555359028741,0.045840971259
512,2131457,4163,5,0.75,1585,0.380735046841,0.555352872547,0.045847127453
512,1785857,3488,5,0.75,1328,0.380733944954,0.555351265298,0.045848734702
512,1073153,2096,5,0.75,798,0.380725190840,0.555338496254,0.045861503746
512,1285633,2511,5,0.75,956,0.380724810832,0.555337941962,0.045862058038
512,3645953,7121,5,0.75,2711,0.380704957169,0.555308982745,0.045891017255
1024,5051393,4933,5,0.75,1878,0.380701398743,0.555303792306,0.045896207694
256,1830401,7150,5,0.75,2722,0.380699300699,0.555300732029,0.045899267971
1024,4021249,3927,5,0.75,1495,0.380697733639,0.555298446262,0.045901553738
1024,4909057,4794,5,0.75,1825,0.380684188569,0.555278688971,0.045921311029
1024,4664321,4555,5,0.75,1734,0.380680570801,0.555273411974,0.045926588026
512,1340929,2619,5,0.75,997,0.380679648721,0.555272066996,0.045927933004
1024,5140481,5020,5,0.75,1911,0.380677290837,0.555268627707,0.045931372293
512,2675201,5225,5,0.75,1989,0.380669856459,0.555257783676,0.045942216324
1024,4435969,4332,5,0.75,1649,0.380655586334,0.555236968794,0.045963031206
1024,5345281,5220,5,0.75,1987,0.380651340996,0.555230776402,0.045969223598
256,1589249,6208,5,0.75,2363,0.380637886598,0.555211151367,0.045988848633
256,1432577,5596,5,0.75,2130,0.380629020729,0.555198219314,0.046001780686
1024,3911681,3820,5,0.75,1454,0.380628272251,0.555197127559,0.046002872441
512,2060801,4025,5,0.75,1532,0.380621118012,0.555186692147,0.046013307853
1024,2808833,2743,5,0.75,1044,0.380605176814,0.555163439782,0.046036560218
256,828673,3237,5,0.75,1232,0.380599320358,0.555154897360,0.046045102640
1024,7017473,6853,5,0.75,2608,0.380563256968,0.555102294092,0.046097705908
1024,7093249,6927,5,0.75,2636,0.380539916270,0.555068248570,0.046131751430
512,3409409,6659,5,0.75,2534,0.380537618261,0.555064896617,0.046135103383
1024,2292737,2239,5,0.75,852,0.380527020992,0.555049439086,0.046150560914
256,1421569,5553,5,0.75,2113,0.380515036917,0.555031958714,0.046168041286
512,2170369,4239,5,0.75,1613,0.380514272234,0.555030843322,0.046169156678
256,619009,2418,5,0.75,920,0.380479735318,0.554980466621,0.046219533379
256,1894913,7402,5,0.75,2816,0.380437719535,0.554919180995,0.046280819005
256,1163521,4545,5,0.75,1729,0.380418041804,0.554890478398,0.046309521602
1024,5154817,5034,5,0.75,1915,0.380413190306,0.554883401841,0.046316598159
512,2643457,5163,5,0.75,1964,0.380398992834,0.554862692933,0.046337307067
256,1055233,4122,5,0.75,1568,0.380397865114,0.554861048003,0.046338951997
512,4058113,7926,5,0.75,3015,0.380393641181,0.554854886833,0.046345113167
512,2756609,5384,5,0.75,2048,0.380386329866,0.554844222305,0.046355777695
1024,6873089,6712,5,0.75,2553,0.380363528010,0.554810962754,0.046389037246
1024,8114177,7924,5,0.75,3014,0.380363452802,0.554810853054,0.046389146946
512,1448449,2829,5,0.75,1076,0.380346412160,0.554785997003,0.046414002997
512,2483713,4851,5,0.75,1845,0.380333951763,0.554767821851,0.046432178149
512,3850241,7520,5,0.75,2860,0.380319148936,0.554746229954,0.046453770046
256,613889,2398,5,0.75,912,0.380316930776,0.554742994471,0.046457005529
1024,2434049,2377,5,0.75,904,0.380311316786,0.554734805717,0.046465194283
256,597761,2335,5,0.75,888,0.380299785867,0.554717986334,0.046482013666
1024,3438593,3358,5,0.75,1277,0.380285884455,0.554697709269,0.046502290731
1024,3053569,2982,5,0.75,1134,0.380281690141,0.554691591302,0.046508408698
512,1661441,3245,5,0.75,1234,0.380277349769,0.554685260290,0.046514739710
512,3348481,6540,5,0.75,2487,0.380275229358,0.554682167388,0.046517832612
256,1527553,5967,5,0.75,2269,0.380258086140,0.554657161718,0.046542838282
256,1613057,6301,5,0.75,2396,0.380257102047,0.554655726286,0.046544273714
512,3557377,6948,5,0.75,2642,0.380253310305,0.554650195525,0.046549804475
512,2182657,4263,5,0.75,1621,0.380248651185,0.554643399576,0.046556600424
512,2073601,4050,5,0.75,1540,0.380246913580,0.554640865048,0.046559134952
512,2969089,5799,5,0.75,2205,0.380237972064,0.554627822653,0.046572177347
512,3455489,6749,5,0.75,2566,0.380204474737,0.554578962332,0.046621037668
512,2482177,4848,5,0.75,1843,0.380156765677,0.554509372301,0.046690627699
512,3652609,7134,5,0.75,2712,0.380151387721,0.554501527834,0.046698472166
256,1072129,4188,5,0.75,1592,0.380133715377,0.554475750363,0.046724249637
256,649217,2536,5,0.75,964,0.380126182965,0.554464763335,0.046735236665
1024,2122753,2073,5,0.75,788,0.380125422094,0.554463653502,0.046736346498
256,2044673,7987,5,0.75,3036,0.380117691248,0.554452377033,0.046747622967
512,3420161,6680,5,0.75,2539,0.380089820359,0.554411723622,0.046788276378
256,1608449,6283,5,0.75,2388,0.380073213433,0.554387500204,0.046812499796
256,2003201,7825,5,0.75,2974,0.380063897764,0.554373912057,0.046826087943
512,1077761,2105,5,0.75,800,0.380047505938,0.554350002392,0.046849997608
512,3324929,6494,5,0.75,2468,0.380043116723,0.554343600136,0.046856399864
512,1754113,3426,5,0.75,1302,0.380035026270,0.554331799130,0.046868200870
256,1966337,7681,5,0.75,2919,0.380028642104,0.554322486972,0.046877513028
512,3793921,7410,5,0.75,2816,0.380026990553,0.554320077966,0.046879922034
512,3469313,6776,5,0.75,2575,0.380017709563,0.554306540403,0.046893459597
1024,7130113,6963,5,0.75,2646,0.380008616975,0.554293277650,0.046906722350
256,678401,2650,5,0.75,1007,0.380000000000,0.554280708642,0.046919291358
1024,6276097,6129,5,0.75,2329,0.379996736825,0.554275948866,0.046924051134
256,1563649,6108,5,0.75,2321,0.379993451212,0.554271156360,0.046928843640
1024,5656577,5524,5,0.75,2099,0.379978276611,0.554249022180,0.046950977820
512,2382337,4653,5,0.75,1768,0.379969911885,0.554236821111,0.046963178889
512,1288193,2516,5,0.75,956,0.379968203498,0.554234329200,0.046965670800
256,1597441,6240,5,0.75,2371,0.379967948718,0.554233957570,0.046966042430
512,1947137,3803,5,0.75,1445,0.379963186958,0.554227011907,0.046972988093
512,3273217,6393,5,0.75,2429,0.379946816831,0.554203133893,0.046996866107
512,2966017,5793,5,0.75,2201,0.379941308476,0.554195099222,0.047004900778
512,3460609,6759,5,0.75,2568,0.379937860630,0.554190070079,0.047009929921
256,1724929,6738,5,0.75,2560,0.379934698724,0.554185458016,0.047014541984
512,2692609,5259,5,0.75,1998,0.379920136908,0.554164217665,0.047035782335
256,1158401,4525,5,0.75,1719,0.379889502762,0.554119533676,0.047080466324
256,742657,2901,5,0.75,1102,0.379869010686,0.554089643248,0.047110356752
512,2277889,4449,5,0.75,1690,0.379860642841,0.554077437629,0.047122562371
1024,3647489,3562,5,0.75,1353,0.379842784952,0.554051389515,0.047148610485
512,1533953,2996,5,0.75,1138,0.379839786382,0.554047015700,0.047152984300
256,906497,3541,5,0.75,1345,0.379836204462,0.554041790992,0.047158209008
512,2833409,5534,5,0.75,2102,0.379833754969,0.554038218080,0.047161781920
1024,6863873,6703,5,0.75,2546,0.379829926898,0.554032634328,0.047167365672
1024,4294657,4194,5,0.75,1593,0.379828326180,0.554030299467,0.047169700533
256,697601,2725,5,0.75,1035,0.379816513761,0.554013069478,0.047186930522
512,1993729,3894,5,0.75,1479,0.379815100154,0.554011007543,0.047188992457
1024,3232769,3157,5,0.75,1199,0.379790940767,0.553975767852,0.047224232148
1024,6120449,5977,5,0.75,2270,0.379789191902,0.553973216900,0.047226783100
1024,6614017,6459,5,0.75,2453,0.379780151726,0.553960030597,0.047239969403
512,1745921,3410,5,0.75,1295,0.379765395894,0.553938507247,0.047261492753
256,1641473,6412,5,0.75,2435,0.379756706176,0.553925832133,0.047274167867
1024,4845569,4732,5,0.75,1797,0.379754860524,0.553923140004,0.047276859996
256,924929,3613,5,0.75,1372,0.379739828397,0.553901213641,0.047298786359
1024,2839553,2773,5,0.75,1053,0.379733141003,0.553891459183,0.047308540817
1024,7062529,6897,5,0.75,2619,0.379730317529,0.553887340771,0.047312659229
256,1517569,5928,5,0.75,2251,0.379723346829,0.553877173074,0.047322826926
1024,2472961,2415,5,0.75,917,0.379710144928,0.553857916339,0.047342083661
256,1694977,6621,5,0.75,2514,0.379700951518,0.553844506525,0.047355493475
256,837377,3271,5,0.75,1242,0.379700397432,0.553843698316,0.047356301684
1024,7413761,7240,5,0.75,2749,0.379696132597,0.553837477485,0.047362522515
1024,5779457,5644,5,0.75,2143,0.379695251595,0.553836192426,0.047363807574
256,811777,3171,5,0.75,1204,0.379690949227,0.553829916849,0.047370083151
256,1401857,5476,5,0.75,2079,0.379656683711,0.553779936021,0.047420063979
1024,2254849,2202,5,0.75,836,0.379654859219,0.553777274756,0.047422725244
1024,6190081,6045,5,0.75,2295,0.379652605459,0.553773987346,0.047426012654
256,630529,2463,5,0.75,935,0.379618351604,0.553724023527,0.047475976473
1024,2360321,2305,5,0.75,875,0.379609544469,0.553711177145,0.047488822855
256,1012993,3957,5,0.75,1502,0.379580490270,0.553668797720,0.047531202280
512,1454081,2840,5,0.75,1078,0.379577464789,0.553664384652,0.047535615348
256,1077761,4210,5,0.75,1598,0.379572446556,0.553657064889,0.047542935111
1024,4068353,3973,5,0.75,1508,0.379562043796,0.553641891075,0.047558108925
512,3970049,7754,5,0.75,2943,0.379546040753,0.553618548502,0.047581451498
1024,2851841,2785,5,0.75,1057,0.379533213645,0.553599838453,0.047600161547
256,1917697,7491,5,0.75,2843,0.379522093178,0.553583617769,0.047616382231
512,3983873,7781,5,0.75,2953,0.379514201259,0.553572106352,0.047627893648
256,1616897,6316,5,0.75,2397,0.379512349588,0.553569405443,0.047630594557
1024,3008513,2938,5,0.75,1115,0.379509870660,0.553565789595,0.047634210405
256,1334273,5212,5,0.75,1978,0.379508825787,0.553564265508,0.047635734492
1024,3208193,3133,5,0.75,1189,0.379508458347,0.553563729547,0.047636270453
512,3727873,7281,5,0.75,2763,0.379480840544,0.553523445296,0.047676554704
512,2444801,4775,5,0.75,1812,0.379476439791,0.553517026211,0.047682973789
1024,3240961,3165,5,0.75,1201,0.379462875197,0.553497240441,0.047702759559
1024,3019777,2949,5,0.75,1119,0.379450661241,0.553479424756,0.047720575244
1024,5810177,5674,5,0.75,2153,0.379450123370,0.553478640199,0.047721359801
512,3365377,6573,5,0.75,2494,0.379431005629,0.553450754423,0.047749245577
1024,7745537,7564,5,0.75,2870,0.379428873612,0.553447644591,0.047752355409
1024,4480001,4375,5,0.75,1660,0.379428571429,0.553447203817,0.047752796183
256,1136897,4441,5,0.75,1685,0.379419049764,0.553433315198,0.047766684802
1024,8134657,7944,5,0.75,3014,0.379405840886,0.553414048288,0.047785951712
256,1689601,6600,5,0.75,2504,0.379393939394,0.553396688373,0.047803311627
256,570881,2230,5,0.75,846,0.379372197309,0.553364974641,0.047835025359
512,2417153,4721,5,0.75,1791,0.379368777801,0.553359986832,0.047840013168
256,1661441,6490,5,0.75,2462,0.379352850539,0.553336754795,0.047863245205
512,3127297,6108,5,0.75,2317,0.379338572364,0.553315928171,0.047884071829
256,1712129,6688,5,0.75,2537,0.379336124402,0.553312357492,0.047887642508
512,1402369,2739,5,0.75,1039,0.379335523914,0.553311481600,0.047888518400
1024,4400129,4297,5,0.75,1630,0.379334419362,0.553309870464,0.047890129536
512,1079809,2109,5,0.75,800,0.379326695116,0.553298603620,0.047901396380
1024,3202049,3127,5,0.75,1186,0.379277262552,0.553226499629,0.047973500371
512,2987521,5835,5,0.75,2213,0.379263067695,0.553205794536,0.047994205464
256,555521,2170,5,0.75,823,0.379262672811,0.553205218545,0.047994781455
256,533249,2083,5,0.75,790,0.379260681709,0.553202314257,0.047997685743
1024,2132993,2083,5,0.75,790,0.379260681709,0.553202314257,0.047997685743
512,3824641,7470,5,0.75,2833,0.379250334672,0.553187221723,0.048012778277
512,1432577,2798,5,0.75,1061,0.379199428163,0.553112967786,0.048087032214
256,1847809,7218,5,0.75,2737,0.379190911610,0.553100545257,0.048099454743
1024,7704577,7524,5,0.75,2853,0.379186602871,0.553094260386,0.048105739614
256,673793,2632,5,0.75,998,0.379179331307,0.553083653840,0.048116346160
1024,2681857,2619,5,0.75,993,0.379152348225,0.553044295413,0.048155704587
512,1389569,2714,5,0.75,1029,0.379145173176,0.553033829648,0.048166170352
1024,3689473,3603,5,0.75,1366,0.379128504024,0.553009515466,0.048190484534
1024,6188033,6043,5,0.75,2291,0.379116332947,0.552991762325,0.048208237675
256,808961,3160,5,0.75,1198,0.379113924051,0.552988248628,0.048211751372
1024,5176321,5055,5,0.75,1916,0.379030662710,0.552866800853,0.048333199147
256,978689,3823,5,0.75,1449,0.379021710698,0.552853743149,0.048346256851
256,614657,2401,5,0.75,910,0.379008746356,0.552834832925,0.048365167075
512,2851841,5570,5,0.75,2111,0.378994614004,0.552814219004,0.048385780996
1024,3782657,3694,5,0.75,1400,0.378992961559,0.552811808693,0.048388191307
256,913921,3570,5,0.75,1353,0.378991596639,0.552809817774,0.048390182226
512,1372673,2681,5,0.75,1016,0.378963073480,0.552768212941,0.048431787059
1024,7139329,6972,5,0.75,2642,0.378944348824,0.552740900531,0.048459099469
256,879617,3436,5,0.75,1302,0.378928987194,0.552718493545,0.048481506455
512,1272833,2486,5,0.75,942,0.378921962993,0.552708247809,0.048491752191
512,2122753,4146,5,0.75,1571,0.378919440425,0.552704568307,0.048495431693
512,3486209,6809,5,0.75,2580,0.378910265825,0.552691185929,0.048508814071
256,1089793,4257,5,0.75,1613,0.378905332394,0.552683989861,0.048516010139
1024,6494209,6342,5,0.75,2403,0.378902554399,0.552679937786,0.048520062214
256,1112833,4347,5,0.75,1647,0.378881987578,0.552649938332,0.048550061668
1024,7456769,7282,5,0.75,2759,0.378879428728,0.552646205909,0.048553794091
256,753409,2943,5,0.75,1115,0.378865103636,0.552625310850,0.048574689150
256,1135873,4437,5,0.75,1681,0.378859589813,0.552617268203,0.048582731797
1024,3824641,3735,5,0.75,1415,0.378848728246,0.552601425159,0.048598574841
256,1662977,6496,5,0.75,2461,0.378848522167,0.552601124566,0.048598875434
512,3399169,6639,5,0.75,2515,0.378822111764,0.552562601467,0.048637398533
1024,5463041,5335,5,0.75,2021,0.378819119025,0.552558236159,0.048641763841
256,1833473,7162,5,0.75,2713,0.378804803128,0.552537354512,0.048662645488
1024,4003841,3910,5,0.75,1481,0.378772378517,0.552490058890,0.048709941110
512,4005377,7823,5,0.75,2963,0.378754953343,0.552464641948,0.048735358052
512,3452929,6744,5,0.75,2554,0.378706998814,0.552394693869,0.048805306131
1024,4191233,4093,5,0.75,1550,0.378695333496,0.552377678446,0.048822321554
1024,2912257,2844,5,0.75,1077,0.378691983122,0.552372791479,0.048827208521
1024,4899841,4785,5,0.75,1812,0.378683385580,0.552360250816,0.048839749184
512,2363393,4616,5,0.75,1748,0.378682842288,0.552359458352,0.048840541648
1024,2363393,2308,5,0.75,874,0.378682842288,0.552359458352,0.048840541648
1024,7090177,6924,5,0.75,2622,0.378682842288,0.552359458352,0.048840541648
1024,2641921,2580,5,0.75,977,0.378682170543,0.552358478522,0.048841521478
512,2626049,5129,5,0.75,1942,0.378631312147,0.552284294765,0.048915705235
512,1993217,3893,5,0.75,1474,0.378628307218,0.552279911676,0.048920088324
256,1937153,7567,5,0.75,2865,0.378617682040,0.552264413436,0.048935586564
1024,7161857,6994,5,0.75,2648,0.378610237346,0.552253554356,0.048946445644
256,1074433,4197,5,0.75,1589,0.378603764594,0.552244112983,0.048955887017
512,3114497,6083,5,0.75,2303,0.378596087457,0.552232914854,0.048967085146
256,882433,3447,5,0.75,1305,0.378590078329,0.552224149739,0.048975850261
1024,2534401,2475,5,0.75,937,0.378585858586,0.552217994681,0.048982005319
256,1555969,6078,5,0.75,2301,0.378578479763,0.552207231683,0.048992768317
1024,2437121,2380,5,0.75,901,0.378571428571,0.552196946579,0.049003053421
1024,7492609,7317,5,0.75,2770,0.378570452371,0.552195522661,0.049004477339
256,994817,3886,5,0.75,1471,0.378538342769,0.552148686521,0.049051313479
512,1597441,3120,5,0.75,1181,0.378525641026,0.552130159334,0.049069840666
512,3194881,6240,5,0.75,2362,0.378525641026,0.552130159334,0.049069840666
512,2360321,4610,5,0.75,1745,0.378524945770,0.552129145211,0.049070854789
512,2507777,4898,5,0.75,1854,0.378521845651,0.552124623274,0.049075376726
256,1109249,4333,5,0.75,1640,0.378490653127,0.552079124815,0.049120875185
512,3008513,5876,5,0.75,2224,0.378488767869,0.552076374915,0.049123625085
1024,3855361,3765,5,0.75,1425,0.378486055777,0.552072418966,0.049127581034
512,1489409,2909,5,0.75,1101,0.378480577518,0.552064428194,0.049135571806
256,1710593,6682,5,0.75,2529,0.378479497157,0.552062852343,0.049137147657
1024,2624513,2563,5,0.75,970,0.378462738978,0.552038408303,0.049161591697
512,1724929,3369,5,0.75,1275,0.378450578807,0.552020671071,0.049179328929
256,1220353,4767,5,0.75,1804,0.378435074470,0.551998055927,0.049201944073
1024,2429953,2373,5,0.75,898,0.378423935946,0.551981808903,0.049218191097
512,1185281,2315,5,0.75,876,0.378401727862,0.551949415449,0.049250584551
1024,2660353,2598,5,0.75,983,0.378367975366,0.551900182929,0.049299817071
512,2540033,4961,5,0.75,1877,0.378351138883,0.551875624673,0.049324375327
1024,6274049,6127,5,0.75,2318,0.378325444753,0.551838146355,0.049361853645
1024,6028289,5887,5,0.75,2227,0.378291149992,0.551788122869,0.049411877131
512,3159041,6170,5,0.75,2334,0.378282009724,0.551774790570,0.049425209430
256,989441,3865,5,0.75,1462,0.378266494179,0.551752159076,0.049447840924
256,746497,2916,5,0.75,1103,0.378257887517,0.551739605112,0.049460394888
256,1138433,4447,5,0.75,1682,0.378232516303,0.551702597810,0.049497402190
1024,7984129,7797,5,0.75,2949,0.378222393228,0.551687831955,0.049512168045
1024,3194881,3120,5,0.75,1180,0.378205128205,0.551662648615,0.049537351385
512,2660353,5196,5,0.75,1965,0.378175519630,0.551619460557,0.049580539443
512,1054721,2060,5,0.75,779,0.378155339806,0.551590025590,0.049609974410
1024,4340737,4239,5,0.75,1603,0.378155225289,0.551589858552,0.049610141448
256,1171201,4575,5,0.75,1730,0.378142076503,0.551570679293,0.049629320707
256,531457,2076,5,0.75,785,0.378131021195,0.551554553651,0.049645446349
512,2976257,5813,5,0.75,2198,0.378118011354,0.551535577062,0.049664422938
1024,2486273,2428,5,0.75,918,0.378088962109,0.551493204861,0.049706795139
1024,5514241,5385,5,0.75,2036,0.378087279480,0.551490750523,0.049709249477
512,3237889,6324,5,0.75,2391,0.378083491461,0.551485225192,0.049714774808
1024,4043777,3949,5,0.75,1493,0.378070397569,0.551466126003,0.049733873997
256,606721,2370,5,0.75,896,0.378059071730,0.551449605755,0.049750394245
512,1053697,2058,5,0.75,778,0.378036929057,0.551417307712,0.049782692288
256,737537,2881,5,0.75,1089,0.377993752169,0.551354328460,0.049845671540
512,1861121,3635,5,0.75,1374,0.377991746905,0.551351403514,0.049848596486
512,2056193,4016,5,0.75,1518,0.377988047809,0.551346007888,0.049853992112
512,1720321,3360,5,0.75,1270,0.377976190476,0.551328712387,0.049871287613
1024,2890753,2823,5,0.75,1067,0.377966702090,0.551314872309,0.049885127691
1024,4169729,4072,5,0.75,1539,0.377946954813,0.551286068271,0.049913931729
1024,4928513,4813,5,0.75,1819,0.377934760025,0.551268280545,0.049931719455
512,2227201,4350,5,0.75,1644,0.377931034483,0.551262846344,0.049937153656
1024,3581953,3498,5,0.75,1322,0.377930245855,0.551261696025,0.049938303975
256,648961,2535,5,0.75,958,0.377909270217,0.551231100258,0.049968899742
256,1123841,4390,5,0.75,1659,0.377904328018,0.551223891402,0.049976108598
256,1206529,4713,5,0.75,1781,0.377890939953,0.551204363123,0.049995636877
256,1236481,4830,5,0.75,1825,0.377846790890,0.551139965823,0.050060034177
1024,6618113,6463,5,0.75,2442,0.377843106916,0.551134592255,0.050065407745
1024,4417537,4314,5,0.75,1630,0.377839592026,0.551129465319,0.050070534681
1024,3260417,3184,5,0.75,1203,0.377826633166,0.551110563092,0.050089436908
256,1891073,7387,5,0.75,2791,0.377825910383,0.551109508817,0.050090491183
1024,3452929,3372,5,0.75,1274,0.377817319098,0.551096977282,0.050103022718
1024,2664449,2602,5,0.75,983,0.377786318217,0.551051758359,0.050148241641
512,2119681,4140,5,0.75,1564,0.377777777778,0.551039300989,0.050160699011
1024,5763073,5628,5,0.75,2126,0.377754086709,0.551004744404,0.050195255596
512,3150337,6153,5,0.75,2324,0.377701934016,0.550928672741,0.050271327259
256,1518337,5931,5,0.75,2240,0.377676614399,0.550891740701,0.050308259299
512,1108993,2166,5,0.75,818,0.377654662973,0.550859721618,0.050340278382
512,1374721,2685,5,0.75,1014,0.377653631285,0.550858216763,0.050341783237
1024,2836481,2770,5,0.75,1046,0.377617328520,0.550805264335,0.050394735665
256,1004033,3922,5,0.75,1481,0.377613462519,0.550799625257,0.050400374743
1024,4228097,4129,5,0.75,1559,0.377573262291,0.550740987860,0.050459012140
1024,6140929,5997,5,0.75,2264,0.377522094381,0.550666352635,0.050533647365
256,921601,3600,5,0.75,1359,0.377500000000,0.550634125032,0.050565874968
1024,7535617,7359,5,0.75,2778,0.377496942519,0.550629665289,0.050570334711
256,695809,2718,5,0.75,1026,0.377483443709,0.550609975472,0.050590024528
256,1610753,6292,5,0.75,2375,0.377463445645,0.550580805628,0.050619194372
512,2162177,4223,5,0.75,1594,0.377456784277,0.550571089133,0.050628910867
256,951553,3717,5,0.75,1403,0.377454936777,0.550568394308,0.050631605692
512,1303553,2546,5,0.75,961,0.377454831108,0.550568240175,0.050631759825
512,1384961,2705,5,0.75,1021,0.377449168207,0.550559980079,0.050640019921
512,2124289,4149,5,0.75,1566,0.377440347072,0.550547113276,0.050652886724
1024,4039681,3945,5,0.75,1489,0.377439797212,0.550546311232,0.050653688768
256,1304321,5095,5,0.75,1923,0.377428851816,0.550530345911,0.050669654089
256,1874177,7321,5,0.75,2763,0.377407457998,0.550499140173,0.050700859827
1024,4476929,4372,5,0.75,1650,0.377401646844,0.550490663829,0.050709336171
1024,3198977,3124,5,0.75,1179,0.377400768246,0.550489382277,0.050710617723
512,3509761,6855,5,0.75,2587,0.377388767323,0.550471877330,0.050728122670
256,689921,2695,5,0.75,1017,0.377365491651,0.550437926656,0.050762073344
1024,2387969,2332,5,0.75,880,0.377358490566,0.550427714639,0.050772285361
1024,3489793,3408,5,0.75,1286,0.377347417840,0.550411563591,0.050788436409
1024,3159041,3085,5,0.75,1164,0.377309562399,0.550356346378,0.050843653622
1024,5102593,4983,5,0.75,1880,0.377282761389,0.550317253529,0.050882746471
256,1980673,7737,5,0.75,2919,0.377278014734,0.550310329900,0.050889670100
256,675841,2640,5,0.75,996,0.377272727273,0.550302617431,0.050897382569
256,1002241,3915,5,0.75,1477,0.377266922095,0.550294149804,0.050905850196
512,1130497,2208,5,0.75,833,0.377264492754,0.550290606287,0.050909393713
256,1370113,5352,5,0.75,2019,0.377242152466,0.550258019996,0.050941980004
1024,7719937,7539,5,0.75,2844,0.377238360525,0.550252488944,0.050947511056
512,3690497,7208,5,0.75,2719,0.377219755827,0.550225351509,0.050974648491
1024,7560193,7383,5,0.75,2785,0.377217933090,0.550222692803,0.050977307197
1024,2380801,2325,5,0.75,877,0.377204301075,0.550202808691,0.050997191309
512,2907649,5679,5,0.75,2142,0.377179080824,0.550166021590,0.051033978410
256,1686017,6586,5,0.75,2484,0.377163680534,0.550143558212,0.051056441788
1024,4151297,4054,5,0.75,1529,0.377158362111,0.550135800583,0.051064199417
256,894721,3495,5,0.75,1318,0.377110157368,0.550065487531,0.051134512469
256,1185281,4630,5,0.75,1746,0.377105831533,0.550059177725,0.051140822275
512,2284033,4461,5,0.75,1682,0.377045505492,0.549971184143,0.051228815857
512,3684353,7196,5,0.75,2713,0.377015008338,0.549926699974,0.051273300026
1024,2743297,2679,5,0.75,1010,0.377006345651,0.549914064290,0.051285935710
256,543233,2122,5,0.75,800,0.377002827521,0.549908932627,0.051291067373
512,2052097,4008,5,0.75,1511,0.376996007984,0.549898985422,0.051301014578
512,1700353,3321,5,0.75,1252,0.376994881060,0.549897341653,0.051302658347
512,1610753,3146,5,0.75,1186,0.376986649714,0.549885335137,0.051314664863
512,2939393,5741,5,0.75,2164,0.376937815712,0.549814104228,0.051385895772
1024,2608129,2547,5,0.75,960,0.376914016490,0.549779389887,0.051420610113
256,733697,2866,5,0.75,1080,0.376831821354,0.549659497313,0.051540502687
512,3747329,7319,5,0.75,2758,0.376827435442,0.549653099875,0.051546900125
256,893441,3490,5,0.75,1315,0.376790830946,0.549599707332,0.051600292668
256,616961,2410,5,0.75,908,0.376763485477,0.549559820318,0.051640179682
1024,5667841,5535,5,0.75,2085,0.376693766938,0.549458126524,0.051741873476
1024,2495489,2437,5,0.75,918,0.376692654904,0.549456504474,0.051743495526
512,2836993,5541,5,0.75,2087,0.376646814654,0.549389640354,0.051810359646
512,1844737,3603,5,0.75,1357,0.376630585623,0.549365968146,0.051834031854
1024,2593793,2533,5,0.75,954,0.376628503750,0.549362931457,0.051837068543
256,1861121,7270,5,0.75,2738,0.376616231087,0.549345030139,0.051854969861
1024,7452673,7278,5,0.75,2741,0.376614454520,0.549342438780,0.051857561220
1024,4141057,4044,5,0.75,1523,0.376607319486,0.549332031380,0.051867968620
1024,5425153,5298,5,0.75,1995,0.376557191393,0.549258912867,0.051941087133
512,1758209,3434,5,0.75,1293,0.376528829354,0.549217543048,0.051982456952
256,859393,3357,5,0.75,1264,0.376526660709,0.549214379790,0.051985620210
1024,3690497,3604,5,0.75,1357,0.376526082131,0.549213535857,0.051986464143
512,2158081,4215,5,0.75,1587,0.376512455516,0.549193659621,0.052006340379
256,741121,2895,5,0.75,1090,0.376511226252,0.549191866575,0.052008133425
1024,5928961,5790,5,0.75,2180,0.376511226252,0.549191866575,0.052008133425
512,2091521,4085,5,0.75,1538,0.376499388005,0.549174598912,0.052025401088
1024,3394561,3315,5,0.75,1248,0.376470588235,0.549132590605,0.052067409395
512,1607681,3140,5,0.75,1182,0.376433121019,0.549077939670,0.052122060330
1024,3588097,3504,5,0.75,1319,0.376426940639,0.549068924762,0.052131075238
1024,6409217,6259,5,0.75,2356,0.376417958140,0.549055822588,0.052144177412
1024,5253121,5130,5,0.75,1931,0.376413255361,0.549048962956,0.052151037043
1024,2307073,2253,5,0.75,848,0.376387039503,0.549010723630,0.052189276370
256,1926913,7527,5,0.75,2833,0.376378371197,0.548998079749,0.052201920251
256,1605889,6273,5,0.75,2361,0.376374940220,0.548993075211,0.052206924789
512,2474497,4833,5,0.75,1819,0.376370784192,0.548987013090,0.052212986910
512,2191873,4281,5,0.75,1611,0.376313945340,0.548904106039,0.052295893961
1024,7434241,7260,5,0.75,2732,0.376308539945,0.548896221549,0.052303778451
1024,3628033,3543,5,0.75,1333,0.376234829241,0.548788704651,0.052411295349
1024,6064129,5922,5,0.75,2228,0.376224248565,0.548773271323,0.052426728677
1024,6782977,6624,5,0.75,2492,0.376207729469,0.548749176017,0.052450823983
512,1708033,3336,5,0.75,1255,0.376199040767,0.548736502387,0.052463497613
1024,2460673,2403,5,0.75,904,0.376196421140,0.548732681311,0.052467318689
256,1079297,4216,5,0.75,1586,0.376185958254,0.548717419795,0.052482580205
512,3650561,7130,5,0.75,2682,0.376157082749,0.548675301018,0.052524698982
1024,4187137,4089,5,0.75,1538,0.376131083394,0.548637377490,0.052562622510
256,1523969,5953,5,0.75,2239,0.376112884260,0.548610831624,0.052589168376
1024,4866049,4752,5,0.75,1787,0.376052188552,0.548522298834,0.052677701166
256,1066753,4167,5,0.75,1567,0.376049916007,0.548518984023,0.052681015977
1024,8025089,7837,5,0.75,2947,0.376036748756,0.548499777831,0.052700222169
1024,3557377,3474,5,0.75,1306,0.375935521013,0.548352123660,0.052847876340
512,1374209,2684,5,0.75,1009,0.375931445604,0.548346179131,0.052853820869
1024,7920641,7735,5,0.75,2907,0.375824175824,0.548189711844,0.053010288156
512,1049089,2049,5,0.75,770,0.375793069790,0.548144339542,0.053055660458
1024,4120577,4024,5,0.75,1512,0.375745526839,0.548074991803,0.053125008197
1024,2512897,2454,5,0.75,922,0.375713121434,0.548027724197,0.053172275803
1024,2384897,2329,5,0.75,875,0.375697724345,0.548005265487,0.053194734513
512,3517441,6870,5,0.75,2581,0.375691411936,0.547996057996,0.053203942004
512,2905601,5675,5,0.75,2132,0.375682819383,0.547983524611,0.053216475389
256,799489,3123,5,0.75,1173,0.375600384246,0.547863281963,0.053336718037
256,920833,3597,5,0.75,1351,0.375590770086,0.547849258428,0.053350741572
512,1517569,2964,5,0.75,1113,0.375506072874,0.547725716243,0.053474283757
512,1093633,2136,5,0.75,802,0.375468164794,0.547670422249,0.053529577751
256,758273,2962,5,0.75,1112,0.375422012154,0.547603102464,0.053596897536
512,2743297,5358,5,0.75,2011,0.375326614408,0.547463952122,0.053736047878
256,890881,3480,5,0.75,1306,0.375287356322,0.547406688964,0.053793311036
256,706049,2758,5,0.75,1035,0.375271936186,0.547384196638,0.053815803362
256,974849,3808,5,0.75,1429,0.375262605042,0.547370585920,0.053829414080
512,2942977,5748,5,0.75,2157,0.375260960334,0.547368186894,0.053831813106
512,1579009,3084,5,0.75,1157,0.375162127108,0.547224025444,0.053975974556
1024,7544833,7368,5,0.75,2764,0.375135722041,0.547185510131,0.054014489869
1024,4989953,4873,5,0.75,1828,0.375128257747,0.547174622462,0.054025377538
1024,3136513,3063,5,0.75,1149,0.375122428991,0.547166120444,0.054033879556
512,1973761,3855,5,0.75,1446,0.375097276265,0.547129431836,0.054070568164
512,1214977,2373,5,0.75,890,0.375052675938,0.547064376307,0.054135623693
256,988417,3861,5,0.75,1448,0.375032375032,0.547034764728,0.054165235272
512,2424833,4736,5,0.75,1776,0.375000000000,0.546987541423,0.054212458577
512,2520577,4923,5,0.75,1846,0.374974608978,0.546950505229,0.054249494771
256,983809,3843,5,0.75,1441,0.374967473328,0.546940096931,0.054259903069
1024,3361793,3283,5,0.75,1231,0.374961925069,0.546932004054,0.054267995946
256,1231873,4812,5,0.75,1804,0.374896093101,0.546835979344,0.054364020656
256,875521,3420,5,0.75,1282,0.374853801170,0.546774290919,0.054425709081
256,1374209,5368,5,0.75,2012,0.374813710879,0.546715813881,0.054484186119
256,1850369,7228,5,0.75,2708,0.374654122856,0.546483033453,0.054716966547
256,706561,2760,5,0.75,1034,0.374637681159,0.546459051045,0.054740948955
256,1239041,4840,5,0.75,1813,0.374586776860,0.546384800330,0.054815199670
512,1196033,2336,5,0.75,875,0.374571917808,0.546363126421,0.054836873579
256,690433,2697,5,0.75,1010,0.374490174268,0.546243892559,0.054956107441
1024,2455553,2398,5,0.75,898,0.374478732277,0.546227202889,0.054972797111
1024,2756609,2692,5,0.75,1008,0.374442793462,0.546174781332,0.055025218668
256,910849,3558,5,0.75,1332,0.374367622260,0.546065134102,0.055134865898
512,2311681,4515,5,0.75,1690,0.374307862680,0.545977966780,0.055222033220
1024,2350081,2295,5,0.75,859,0.374291938998,0.545954739965,0.055245260035
512,2689537,5253,5,0.75,1966,0.374262326290,0.545911545878,0.055288454122
512,1178113,2301,5,0.75,861,0.374185136897,0.545798954849,0.055401045151
256,1059073,4137,5,0.75,1548,0.374184191443,0.545797575778,0.055402424222
512,1094657,2138,5,0.75,800,0.374181478017,0.545793617884,0.055406382116
1024,5309441,5185,5,0.75,1940,0.374156219865,0.545756775499,0.055443224501
1024,5260289,5137,5,0.75,1922,0.374148335604,0.545745275253,0.055454724747
1024,3819521,3730,5,0.75,1395,0.373994638070,0.545521086888,0.055678913112
512,2254849,4404,5,0.75,1647,0.373978201635,0.545497112155,0.055702887845
1024,4638721,4530,5,0.75,1694,0.373951434879,0.545458069269,0.055741930731
1024,3606529,3522,5,0.75,1317,0.373935264055,0.545434481964,0.055765518036
1024,2262017,2209,5,0.75,826,0.373924852875,0.545419295869,0.055780704131
256,1438721,5620,5,0.75,2101,0.373843416370,0.545300509860,0.055899490140
512,1492993,2916,5,0.75,1090,0.373799725652,0.545236781117,0.055963218883
1024,2102273,2053,5,0.75,767,0.373599610326,0.544944886211,0.056255113789
1024,5002241,4885,5,0.75,1825,0.373592630502,0.544934705205,0.056265294795
1024,3621889,3537,5,0.75,1321,0.373480350580,0.544770929955,0.056429070045
256,942593,3682,5,0.75,1375,0.373438348724,0.544709664643,0.056490335357
256,1166849,4558,5,0.75,1702,0.373409390083,0.544667424602,0.056532575398
1024,2482177,2424,5,0.75,905,0.373349834983,0.544580555542,0.056619444458
256,819457,3201,5,0.75,1195,0.373320837238,0.544538258461,0.056661741539
256,1230337,4806,5,0.75,1794,0.373283395755,0.544483645062,0.056716354938
256,1162753,4542,5,0.75,1695,0.373183619551,0.544338108153,0.056861891847
512,2441729,4769,5,0.75,1779,0.373034179073,0.544120129275,0.057079870725
512,2889217,5643,5,0.75,2105,0.373028530923,0.544111890694,0.057088109306
512,1652737,3228,5,0.75,1204,0.372986369269,0.544050392295,0.057149607705
256,560897,2191,5,0.75,817,0.372889091739,0.543908500036,0.057291499964
512,1123841,2195,5,0.75,818,0.372665148064,0.543581848302,0.057618151698
1024,2209793,2158,5,0.75,804,0.372567191844,0.543438966085,0.057761033915
256,1043969,4078,5,0.75,1519,0.372486512997,0.543321285219,0.057878714781
512,2739713,5351,5,0.75,1992,0.372266866006,0.543000900773,0.058199099227
256,570113,2227,5,0.75,829,0.372249663224,0.542975808220,0.058224191780
1024,2492417,2434,5,0.75,906,0.372226787182,0.542942440459,0.058257559541
512,2380801,4650,5,0.75,1730,0.372043010753,0.542674378014,0.058525621986
1024,3867649,3777,5,0.75,1405,0.371988350543,0.542594648804,0.058605351196
1024,2910209,2842,5,0.75,1057,0.371921182266,0.542496674909,0.058703325091
512,1075201,2100,5,0.75,781,0.371904761905,0.542472723621,0.058727276379
1024,2357249,2302,5,0.75,856,0.371850564726,0.542393669804,0.058806330196
512,1415681,2765,5,0.75,1028,0.371790235081,0.542305670966,0.058894329034
256,665857,2601,5,0.75,967,0.371780084583,0.542290865109,0.058909134891
512,1735681,3390,5,0.75,1260,0.371681415929,0.542146943711,0.059053056289
1024,3793921,3705,5,0.75,1377,0.371659919028,0.542115587613,0.059084412387
512,1922561,3755,5,0.75,1395,0.371504660453,0.541889122262,0.059310877738
512,1239041,2420,5,0.75,899,0.371487603306,0.541864242137,0.059335757863
256,923137,3606,5,0.75,1339,0.371325568497,0.541627892746,0.059572107254
512,2833921,5535,5,0.75,2055,0.371273712737,0.541552254200,0.059647745800
512,2486273,4856,5,0.75,1802,0.371087314662,0.541280367734,0.059919632266
1024,2227201,2175,5,0.75,807,0.371034482759,0.541203305353,0.059996694647
512,2012161,3930,5,0.75,1458,0.370992366412,0.541141873041,0.060058126959
1024,4274177,4174,5,0.75,1548,0.370867273598,0.540959408480,0.060240591520
256,566273,2212,5,0.75,820,0.370705244123,0.540723066868,0.060476933132
1024,2391041,2335,5,0.75,865,0.370449678801,0.540350290742,0.060849709258
512,1740289,3399,5,0.75,1258,0.370108855546,0.539853154543,0.061346845457
512,1193473,2331,5,0.75,862,0.369798369798,0.539400269649,0.061799730351
256,771073,3012,5,0.75,1112,0.369189907039,0.538512745518,0.062687254482
512,1095169,2139,5,0.75,789,0.368863955119,0.538037301147,0.063162698853
256,668417,2611,5,0.75,963,0.368824205285,0.537979320710,0.063220679290
512,2342401,4575,5,0.75,1686,0.368524590164,0.537542292074,0.063657707926
512,1062913,2076,5,0.75,765,0.368497109827,0.537502208335,0.063697791665
512,1630721,3185,5,0.75,1173,0.368288854003,0.537198439426,0.064001560574
256,932609,3643,5,0.75,1339,0.367554213560,0.536126868307,0.065073131693
256,544001,2125,5,0.75,781,0.367529411765,0.536090691578,0.065109308422
1024,2577409,2517,5,0.75,924,0.367103694875,0.535469726685,0.065730273315
512,1334273,2606,5,0.75,956,0.366845740599,0.535093465951,0.066106534049
256,695297,2716,5,0.75,996,0.366715758468,0.534903869668,0.066296130332
512,1097729,2144,5,0.75,786,0.366604477612,0.534741551690,0.066458448310
256,557057,2176,5,0.75,788,0.362132352941,0.528218361080,0.072981638920
