n,p,M,trim,theta,count,survival,micro_cost,slack
1024,11591681,11320,5,0.75,4481,0.395848056537,0.577397213926,0.023802786074
256,3193601,12475,5,0.75,4930,0.395190380762,0.576437906045,0.024762093955
512,7146497,13958,5,0.75,5515,0.395113913168,0.576326367855,0.024873632145
1024,14257153,13923,5,0.75,5499,0.394957983193,0.576098923179,0.025101076821
256,3202049,12508,5,0.75,4934,0.394467540774,0.575383547464,0.025816452536
512,5644801,11025,5,0.75,4348,0.394376417234,0.575250631621,0.025949368379
1024,11809793,11533,5,0.75,4547,0.394259949710,0.575080748195,0.026119251805
512,5632001,11000,5,0.75,4335,0.394090909091,0.574834179895,0.026365820105
256,3073537,12006,5,0.75,4730,0.393969681826,0.574657353752,0.026542646248
512,6850049,13379,5,0.75,5270,0.393900889454,0.574557010897,0.026642989103
1024,13009921,12705,5,0.75,5004,0.393860684770,0.574498367001,0.026701632999
256,2849537,11131,5,0.75,4383,0.393765160363,0.574359031906,0.026840968094
256,2956033,11547,5,0.75,4545,0.393608729540,0.574130856677,0.027069143323
512,5287937,10328,5,0.75,4065,0.393590240124,0.574103887396,0.027096112604
1024,13191169,12882,5,0.75,5070,0.393572426642,0.574077904055,0.027122095945
512,6494209,12684,5,0.75,4992,0.393566698202,0.574069548362,0.027130451638
512,6287873,12281,5,0.75,4832,0.393453301848,0.573904144647,0.027295855353
512,6026753,11771,5,0.75,4631,0.393424517883,0.573862159393,0.027337840607
256,2991361,11685,5,0.75,4597,0.393410355156,0.573841501166,0.027358498834
1024,10838017,10584,5,0.75,4163,0.393329554044,0.573723641961,0.027476358039
256,2658049,10383,5,0.75,4083,0.393238948281,0.573591481365,0.027608518635
1024,10684417,10434,5,0.75,4103,0.393233659191,0.573583766522,0.027616233478
512,7093249,13854,5,0.75,5447,0.393171647178,0.573493313725,0.027706686275
256,2624513,10252,5,0.75,4030,0.393094030433,0.573380099346,0.027819900654
1024,13997057,13669,5,0.75,5373,0.393079230375,0.573358511486,0.027841488514
1024,11376641,11110,5,0.75,4367,0.393069306931,0.573344036818,0.027855963182
256,2979073,11637,5,0.75,4574,0.393056629716,0.573325545408,0.027874454592
256,2936833,11472,5,0.75,4508,0.392956764296,0.573179878367,0.028020121633
512,5220353,10196,5,0.75,4006,0.392899176148,0.573095878368,0.028104121632
256,2931457,11451,5,0.75,4498,0.392804121911,0.572957229079,0.028242770921
256,3547393,13857,5,0.75,5443,0.392797863896,0.572948100929,0.028251899071
512,5198849,10154,5,0.75,3988,0.392751624975,0.572880655294,0.028319344706
256,3055873,11937,5,0.75,4688,0.392728491246,0.572846911662,0.028353088338
256,2862593,11182,5,0.75,4391,0.392684671794,0.572782995144,0.028417004856
256,2813441,10990,5,0.75,4315,0.392629663330,0.572702757959,0.028497242041
256,3738881,14605,5,0.75,5734,0.392605272167,0.572667180193,0.028532819807
256,3735553,14592,5,0.75,5728,0.392543859649,0.572577601840,0.028622398160
1024,10759169,10507,5,0.75,4124,0.392500237937,0.572513973752,0.028686026248
1024,14973953,14623,5,0.75,5738,0.392395541271,0.572361259693,0.028838740307
1024,12046337,11764,5,0.75,4616,0.392383543013,0.572343758633,0.028856241367
256,3731969,14578,5,0.75,5719,0.392303470984,0.572226962893,0.028973037107
1024,11344897,11079,5,0.75,4346,0.392273670909,0.572183495508,0.029016504492
1024,10426369,10182,5,0.75,3994,0.392260852485,0.572164798126,0.029035201874
512,7023617,13718,5,0.75,5381,0.392258346698,0.572161143101,0.029038856899
512,5526529,10794,5,0.75,4234,0.392254956457,0.572156197983,0.029043802017
256,3526657,13776,5,0.75,5403,0.392203832753,0.572081627237,0.029118372763
256,2564609,10018,5,0.75,3929,0.392194050709,0.572067358821,0.029132641179
256,2983681,11655,5,0.75,4571,0.392192192192,0.572064647927,0.029135352073
512,5641217,11018,5,0.75,4321,0.392176438555,0.572041669145,0.029158330855
1024,11309057,11044,5,0.75,4331,0.392158638175,0.572015704914,0.029184295086
1024,12528641,12235,5,0.75,4798,0.392153657540,0.572008439994,0.029191560006
256,2810369,10978,5,0.75,4305,0.392147932228,0.572000088863,0.029199911137
512,6724609,13134,5,0.75,5150,0.392112075529,0.571947787082,0.029252212918
1024,14392321,14055,5,0.75,5511,0.392102454642,0.571933753735,0.029266246265
256,2948353,11517,5,0.75,4515,0.392029174264,0.571826864525,0.029373135475
1024,13608961,13290,5,0.75,5210,0.392024078254,0.571819431314,0.029380568686
512,7434241,14520,5,0.75,5692,0.392011019284,0.571800383063,0.029399616937
256,3049729,11913,5,0.75,4670,0.392008729959,0.571797043777,0.029402956223
512,5989889,11699,5,0.75,4586,0.391999316181,0.571783312526,0.029416687474
1024,14258177,13924,5,0.75,5458,0.391985061764,0.571762520557,0.029437479443
1024,14749697,14404,5,0.75,5646,0.391974451541,0.571747044131,0.029452955869
1024,15139841,14785,5,0.75,5795,0.391951301995,0.571713277429,0.029486722571
512,6990337,13653,5,0.75,5351,0.391928513880,0.571680037922,0.029519962078
256,3166721,12370,5,0.75,4848,0.391915925627,0.571661676274,0.029538323726
512,5398529,10544,5,0.75,4132,0.391881638847,0.571611664431,0.029588335569
1024,13689857,13369,5,0.75,5239,0.391876729748,0.571604503855,0.029595496145
256,3553793,13882,5,0.75,5440,0.391874369687,0.571601061392,0.029598938608
1024,15068161,14715,5,0.75,5766,0.391845056065,0.571558303562,0.029641696438
1024,11117569,10857,5,0.75,4254,0.391820945012,0.571523134374,0.029676865626
256,2819329,11013,5,0.75,4315,0.391809679470,0.571506702077,0.029693297923
512,7000577,13673,5,0.75,5357,0.391794046661,0.571483899540,0.029716100460
256,3724033,14547,5,0.75,5699,0.391764625009,0.571440984133,0.029759015867
256,2755073,10762,5,0.75,4216,0.391748745586,0.571417821877,0.029782178123
512,5455361,10655,5,0.75,4174,0.391740966682,0.571406475307,0.029793524693
1024,12866561,12565,5,0.75,4922,0.391723040191,0.571380327127,0.029819672873
256,3091201,12075,5,0.75,4730,0.391718426501,0.571373597445,0.029826402555
256,3797249,14833,5,0.75,5810,0.391694195375,0.571338253114,0.029861746886
512,7062529,13794,5,0.75,5403,0.391692040017,0.571335109237,0.029864890763
1024,15090689,14737,5,0.75,5772,0.391667232137,0.571298923633,0.029901076367
1024,11885569,11607,5,0.75,4546,0.391660205049,0.571288673687,0.029911326313
512,7322113,14301,5,0.75,5601,0.391650933501,0.571275149898,0.029924850102
512,5140481,10040,5,0.75,3932,0.391633466135,0.571249671414,0.029950328586
256,3548161,13860,5,0.75,5428,0.391630591631,0.571245478565,0.029954521435
256,2591233,10122,5,0.75,3964,0.391622209050,0.571233251452,0.029966748548
1024,13565953,13248,5,0.75,5188,0.391606280193,0.571210017090,0.029989982910
256,3019777,11796,5,0.75,4619,0.391573414717,0.571162078407,0.030037921593
512,5911553,11546,5,0.75,4521,0.391564178070,0.571148605525,0.030051394475
512,5807617,11343,5,0.75,4441,0.391518998501,0.571082705095,0.030117294905
256,3404801,13300,5,0.75,5207,0.391503759398,0.571060476830,0.030139523170
512,5962241,11645,5,0.75,4559,0.391498497209,0.571052801224,0.030147198776
256,3238913,12652,5,0.75,4953,0.391479607967,0.571025248744,0.030174751256
512,7636481,14915,5,0.75,5838,0.391418035535,0.570935437135,0.030264562865
1024,11898881,11620,5,0.75,4548,0.391394148021,0.570900594008,0.030299405992
1024,11169793,10908,5,0.75,4269,0.391364136414,0.570856818075,0.030343181925
1024,12441601,12150,5,0.75,4755,0.391358024691,0.570847903312,0.030352096688
256,3552001,13875,5,0.75,5430,0.391351351351,0.570838169355,0.030361830645
1024,11732993,11458,5,0.75,4484,0.391342293594,0.570824957407,0.030375042593
1024,13224961,12915,5,0.75,5054,0.391327913279,0.570803981799,0.030396018201
512,6830081,13340,5,0.75,5220,0.391304347826,0.570769608441,0.030430391559
256,2579201,10075,5,0.75,3942,0.391265508685,0.570712956371,0.030487043629
1024,14064641,13735,5,0.75,5374,0.391263196214,0.570709583324,0.030490416676
1024,11785217,11509,5,0.75,4503,0.391259014684,0.570703484004,0.030496515996
1024,14970881,14620,5,0.75,5720,0.391244870041,0.570682852155,0.030517147845
256,3455489,13498,5,0.75,5281,0.391243147133,0.570680339063,0.030519660937
1024,11867137,11589,5,0.75,4534,0.391233065838,0.570665634150,0.030534365850
1024,11673601,11400,5,0.75,4460,0.391228070175,0.570658347309,0.030541652691
512,5227009,10209,5,0.75,3994,0.391223430307,0.570651579441,0.030548420559
512,5523457,10788,5,0.75,4220,0.391175380052,0.570581491733,0.030618508267
1024,12358657,12069,5,0.75,4721,0.391167453807,0.570569930247,0.030630069753
256,2692609,10518,5,0.75,4114,0.391138999810,0.570528426295,0.030671573705
512,6431233,12561,5,0.75,4913,0.391131279357,0.570517164984,0.030682835016
1024,14012417,13684,5,0.75,5352,0.391113709442,0.570491536918,0.030708463082
1024,12759041,12460,5,0.75,4873,0.391091492777,0.570459130948,0.030740869052
512,7424513,14501,5,0.75,5671,0.391076477484,0.570437229140,0.030762770860
256,3435521,13420,5,0.75,5248,0.391058122206,0.570410455517,0.030789544483
512,5404673,10556,5,0.75,4128,0.391057218643,0.570409137550,0.030790862450
512,6043649,11804,5,0.75,4616,0.391053880041,0.570404267753,0.030795732247
512,5778433,11286,5,0.75,4413,0.391015417331,0.570348164758,0.030851835242
1024,13332481,13020,5,0.75,5091,0.391013824885,0.570345841963,0.030854158037
1024,13437953,13123,5,0.75,5131,0.390992913206,0.570315339489,0.030884660511
1024,10715137,10464,5,0.75,4091,0.390959480122,0.570266572875,0.030933427125
512,6241793,12191,5,0.75,4766,0.390944139119,0.570244195974,0.030955804026
256,3528961,13785,5,0.75,5389,0.390932172651,0.570226741285,0.030973258715
256,3744001,14625,5,0.75,5717,0.390905982906,0.570188540046,0.031011459954
512,6281729,12269,5,0.75,4796,0.390903904149,0.570185507901,0.031014492099
1024,14942209,14592,5,0.75,5704,0.390899122807,0.570178533676,0.031021466324
1024,14770177,14424,5,0.75,5638,0.390876317249,0.570145268727,0.031054731273
256,3505409,13693,5,0.75,5352,0.390856642080,0.570116569867,0.031083430133
1024,12295169,12007,5,0.75,4693,0.390855334388,0.570114662424,0.031085337576
1024,13613057,13294,5,0.75,5196,0.390853016398,0.570111281327,0.031088718673
1024,10464257,10219,5,0.75,3994,0.390840591056,0.570093157306,0.031106842694
256,2580737,10081,5,0.75,3940,0.390834242635,0.570083897287,0.031116102713
256,3709441,14490,5,0.75,5663,0.390821256039,0.570064954604,0.031135045396
1024,14714881,14370,5,0.75,5616,0.390814196242,0.570054656948,0.031145343052
512,5295617,10343,5,0.75,4042,0.390795707242,0.570027688274,0.031172311726
1024,15124481,14770,5,0.75,5772,0.390792146242,0.570022494081,0.031177505919
1024,13004801,12700,5,0.75,4963,0.390787401575,0.570015573350,0.031184426650
256,3315457,12951,5,0.75,5061,0.390780634700,0.570005702961,0.031194297039
256,3029249,11833,5,0.75,4624,0.390771571030,0.569992482389,0.031207517611
512,7319041,14295,5,0.75,5586,0.390766002099,0.569984359359,0.031215640641
512,6929921,13535,5,0.75,5289,0.390764684152,0.569982436958,0.031217563042
512,6877697,13433,5,0.75,5249,0.390754113005,0.569967017530,0.031232982470
256,2889217,11286,5,0.75,4410,0.390749601276,0.569960436570,0.031239563430
512,7083521,13835,5,0.75,5406,0.390748102638,0.569958250607,0.031241749393
512,7188481,14040,5,0.75,5486,0.390740740741,0.569947512297,0.031252487703
1024,14877697,14529,5,0.75,5677,0.390735769840,0.569940261575,0.031259738425
512,5470721,10685,5,0.75,4175,0.390734674778,0.569938664281,0.031261335719
1024,14123009,13792,5,0.75,5389,0.390733758701,0.569937328060,0.031262671940
256,3131137,12231,5,0.75,4779,0.390728476821,0.569929623734,0.031270376266
1024,13618177,13299,5,0.75,5196,0.390706068125,0.569896937661,0.031303062339
1024,14533633,14193,5,0.75,5545,0.390685549214,0.569867008091,0.031332991909
512,6748673,13181,5,0.75,5149,0.390638039602,0.569797708982,0.031402291018
512,5142017,10043,5,0.75,3923,0.390620332570,0.569771880913,0.031428119087
1024,14284801,13950,5,0.75,5449,0.390609318996,0.569755816146,0.031444183854
512,7532033,14711,5,0.75,5746,0.390592073958,0.569730661957,0.031469338043
1024,10822657,10569,5,0.75,4128,0.390576213454,0.569707527295,0.031492472705
512,5432321,10610,5,0.75,4144,0.390574929312,0.569705654202,0.031494345798
256,3782657,14776,5,0.75,5771,0.390565782350,0.569692312137,0.031507687863
1024,12199937,11914,5,0.75,4653,0.390548934027,0.569667736610,0.031532263390
1024,11778049,11502,5,0.75,4492,0.390540775517,0.569655836335,0.031544163665
512,5562881,10865,5,0.75,4243,0.390520018408,0.569625559321,0.031574440679
256,3383297,13216,5,0.75,5161,0.390511501211,0.569613135852,0.031586864148
256,3759617,14686,5,0.75,5735,0.390507966771,0.569607980400,0.031592019600
256,3697409,14443,5,0.75,5640,0.390500588520,0.569597218237,0.031602781763
256,2853121,11145,5,0.75,4352,0.390489008524,0.569580327267,0.031619672733
256,3606529,14088,5,0.75,5501,0.390474162408,0.569558672225,0.031641327775
1024,12789761,12490,5,0.75,4877,0.390472377902,0.569556069286,0.031643930714
1024,12270593,11983,5,0.75,4679,0.390469832262,0.569552356131,0.031647643869
256,2930689,11448,5,0.75,4470,0.390461215933,0.569539788064,0.031660211936
1024,12774401,12475,5,0.75,4871,0.390460921844,0.569539359096,0.031660640904
256,3675649,14358,5,0.75,5606,0.390444351581,0.569515189157,0.031684810843
512,7383041,14420,5,0.75,5630,0.390429958391,0.569494194769,0.031705805231
1024,15167489,14812,5,0.75,5783,0.390426681069,0.569489414357,0.031710585643
256,3572993,13957,5,0.75,5449,0.390413412624,0.569470060560,0.031729939440
1024,13151233,12843,5,0.75,5014,0.390407225726,0.569461036143,0.031738963857
512,7223809,14109,5,0.75,5508,0.390389113332,0.569434616799,0.031765383201
512,5492737,10728,5,0.75,4188,0.390380313199,0.569421780631,0.031778219369
1024,12226561,11940,5,0.75,4661,0.390368509213,0.569404562942,0.031795437058
256,2572033,10047,5,0.75,3922,0.390365283169,0.569399857327,0.031800142673
512,7643137,14928,5,0.75,5827,0.390340300107,0.569363416197,0.031836583803
512,7070209,13809,5,0.75,5390,0.390325150264,0.569341318130,0.031858681870
256,3068161,11985,5,0.75,4678,0.390321234877,0.569335607015,0.031864392985
512,5824513,11376,5,0.75,4440,0.390295358650,0.569297863084,0.031902136916
256,3802369,14853,5,0.75,5797,0.390291523598,0.569292269149,0.031907730851
512,6619649,12929,5,0.75,5046,0.390285404904,0.569283344217,0.031916655783
256,2616577,10221,5,0.75,3989,0.390274924176,0.569268056677,0.031931943323
512,5426177,10598,5,0.75,4136,0.390262313644,0.569249662534,0.031950337466
256,3354881,13105,5,0.75,5114,0.390232735597,0.569206519005,0.031993480995
256,2722561,10635,5,0.75,4150,0.390220968500,0.569189355124,0.032010644876
256,3360257,13126,5,0.75,5122,0.390217888161,0.569184862038,0.032015137962
256,3149057,12301,5,0.75,4800,0.390212177872,0.569176532820,0.032023467180
256,3557377,13896,5,0.75,5422,0.390184225676,0.569135760813,0.032064239187
1024,12098561,11815,5,0.75,4610,0.390181972069,0.569132473626,0.032067526374
256,3263489,12748,5,0.75,4974,0.390178851585,0.569127921983,0.032072078017
512,5867009,11459,5,0.75,4471,0.390173662623,0.569120353190,0.032079646810
256,3129089,12223,5,0.75,4769,0.390166080340,0.569109293419,0.032090706581
512,6318593,12341,5,0.75,4815,0.390162871728,0.569104613230,0.032095386770
256,3611393,14107,5,0.75,5504,0.390160913022,0.569101756195,0.032098243805
512,5577217,10893,5,0.75,4250,0.390158817589,0.569098699727,0.032101300273
1024,10986497,10729,5,0.75,4186,0.390157517010,0.569096802659,0.032103197341
1024,11086849,10827,5,0.75,4224,0.390135771682,0.569065084196,0.032134915804
512,6815233,13311,5,0.75,5193,0.390128465179,0.569054426686,0.032145573314
1024,12426241,12135,5,0.75,4734,0.390111248455,0.569029313797,0.032170686203
512,5621249,10979,5,0.75,4283,0.390108388742,0.569025142524,0.032174857476
1024,11074561,10815,5,0.75,4219,0.390106333796,0.569022145110,0.032177854890
256,2794241,10915,5,0.75,4258,0.390105359597,0.569020724111,0.032179275889
256,3824641,14940,5,0.75,5828,0.390093708166,0.569003728945,0.032196271055
256,3085057,12051,5,0.75,4701,0.390092108539,0.569001395675,0.032198604325
1024,11999233,11718,5,0.75,4571,0.390083632019,0.568989031540,0.032210968460
512,7392257,14438,5,0.75,5632,0.390081728771,0.568986255399,0.032213744601
256,3494657,13651,5,0.75,5325,0.390081312724,0.568985648539,0.032214351461
256,3260417,12736,5,0.75,4968,0.390075376884,0.568976990324,0.032223009676
256,3672577,14346,5,0.75,5596,0.390073888192,0.568974818867,0.032225181133
1024,12128257,11844,5,0.75,4620,0.390070921986,0.568970492260,0.032229507740
1024,10390529,10147,5,0.75,3958,0.390066029368,0.568963355725,0.032236644275
512,7521281,14690,5,0.75,5730,0.390061266167,0.568956407961,0.032243592039
512,5849089,11424,5,0.75,4456,0.390056022409,0.568948759239,0.032251240761
1024,12438529,12147,5,0.75,4738,0.390055157652,0.568947497876,0.032252502124
1024,12042241,11760,5,0.75,4587,0.390051020408,0.568941463153,0.032258536847
256,3002113,11727,5,0.75,4574,0.390040078451,0.568925502849,0.032274497151
1024,14972929,14622,5,0.75,5703,0.390028723841,0.568908940635,0.032291059365
512,6939137,13553,5,0.75,5286,0.390024348853,0.568902559131,0.032297440869
512,6415361,12530,5,0.75,4887,0.390023942538,0.568901966466,0.032298033534
512,7243777,14148,5,0.75,5518,0.390019790783,0.568895910578,0.032304089422
512,5222401,10200,5,0.75,3978,0.390000000000,0.568867043080,0.032332956920
256,2742529,10713,5,0.75,4178,0.389993465883,0.568857512198,0.032342487802
1024,11272193,11008,5,0.75,4293,0.389989098837,0.568851142279,0.032348857721
256,3076097,12016,5,0.75,4686,0.389980026631,0.568837909256,0.032362090744
512,7375873,14406,5,0.75,5618,0.389976398723,0.568832617467,0.032367382533
1024,13326337,13014,5,0.75,5075,0.389964653450,0.568815485420,0.032384514580
256,3300097,12891,5,0.75,5027,0.389961988985,0.568811598941,0.032388401059
256,2761217,10786,5,0.75,4206,0.389949935101,0.568794016744,0.032405983256
512,6213121,12135,5,0.75,4732,0.389946435929,0.568788912735,0.032411087265
256,2704129,10563,5,0.75,4119,0.389946038057,0.568788332386,0.032411667614
1024,13440001,13125,5,0.75,5118,0.389942857143,0.568783692597,0.032416307403
1024,11799553,11523,5,0.75,4493,0.389915820533,0.568744256094,0.032455743906
256,2624257,10251,5,0.75,3997,0.389913179202,0.568740403360,0.032459596640
512,5559809,10859,5,0.75,4234,0.389906989594,0.568731374991,0.032468625009
512,6330881,12365,5,0.75,4821,0.389890820865,0.568707790743,0.032492209257
1024,13344769,13032,5,0.75,5081,0.389886433395,0.568701391031,0.032498608969
256,3173633,12397,5,0.75,4833,0.389852383641,0.568651724922,0.032548275078
1024,12484609,12192,5,0.75,4753,0.389845800525,0.568642122568,0.032557877432
256,3211777,12546,5,0.75,4891,0.389845369042,0.568641493193,0.032558506807
256,3604481,14080,5,0.75,5489,0.389843750000,0.568639131604,0.032560868396
256,3447553,13467,5,0.75,5250,0.389841835598,0.568636339194,0.032563660806
512,7198721,14060,5,0.75,5481,0.389829302987,0.568618058708,0.032581941292
256,3012353,11767,5,0.75,4587,0.389818985298,0.568603008981,0.032596991019
256,3731713,14577,5,0.75,5682,0.389792138300,0.568563849053,0.032636150947
1024,10550273,10303,5,0.75,4016,0.389789381733,0.568559828232,0.032640171768
512,7168001,14000,5,0.75,5457,0.389785714286,0.568554478770,0.032645521230
1024,12407809,12117,5,0.75,4723,0.389782949575,0.568550446071,0.032649553929
512,6561281,12815,5,0.75,4995,0.389777604370,0.568542649376,0.032657350624
512,7559681,14765,5,0.75,5755,0.389773112089,0.568536096785,0.032663903215
256,3078401,12025,5,0.75,4687,0.389771309771,0.568533467864,0.032666532136
256,3232769,12628,5,0.75,4922,0.389768767818,0.568529760085,0.032670239915
1024,10627073,10378,5,0.75,4045,0.389766814415,0.568526910787,0.032673089213
256,3645953,14242,5,0.75,5551,0.389762673782,0.568520871121,0.032679128879
256,3398401,13275,5,0.75,5174,0.389755178908,0.568509938847,0.032690061153
512,6455297,12608,5,0.75,4914,0.389752538071,0.568506086834,0.032693913166
512,6842881,13365,5,0.75,5209,0.389749345305,0.568501429759,0.032698570241
256,3399169,13278,5,0.75,5175,0.389742431089,0.568491344452,0.032708655548
1024,13136897,12829,5,0.75,5000,0.389741990802,0.568490702235,0.032709297765
256,3109633,12147,5,0.75,4734,0.389725858237,0.568467170735,0.032732829265
1024,14433281,14095,5,0.75,5493,0.389712664065,0.568447925276,0.032752074724
1024,11345921,11080,5,0.75,4318,0.389711191336,0.568445777103,0.032754222897
512,5369857,10488,5,0.75,4087,0.389683447750,0.568405309381,0.032794690619
256,2862337,11181,5,0.75,4357,0.389678919596,0.568398704464,0.032801295536
512,6409217,12518,5,0.75,4878,0.389678862438,0.568398621092,0.032801378908
256,3167233,12372,5,0.75,4821,0.389670223084,0.568386019442,0.032813980558
1024,10708993,10458,5,0.75,4075,0.389653853509,0.568362142232,0.032837857768
1024,14430209,14092,5,0.75,5491,0.389653704229,0.568361924487,0.032838075513
256,3544577,13846,5,0.75,5395,0.389643218258,0.568346629299,0.032853370701
256,2949377,11521,5,0.75,4489,0.389636316292,0.568336561860,0.032863438140
1024,11059201,10800,5,0.75,4208,0.389629629630,0.568326808471,0.032873191529
512,5241857,10238,5,0.75,3989,0.389626880250,0.568322798134,0.032877201866
1024,14588929,14247,5,0.75,5551,0.389625886151,0.568321348109,0.032878651891
512,5349889,10449,5,0.75,4071,0.389606660924,0.568293305549,0.032906694451
256,3762433,14697,5,0.75,5726,0.389603320406,0.568288432957,0.032911567043
512,6863873,13406,5,0.75,5223,0.389601670894,0.568286026924,0.032913973076
512,7103489,13874,5,0.75,5405,0.389577627216,0.568250956012,0.032949043988
256,2766593,10807,5,0.75,4210,0.389562320718,0.568228629441,0.032971370559
1024,11594753,11323,5,0.75,4411,0.389561070388,0.568226805668,0.032973194332
512,7633921,14910,5,0.75,5808,0.389537223340,0.568192021567,0.033007978433
1024,12192769,11907,5,0.75,4638,0.389518770471,0.568165105595,0.033034894405
1024,12989441,12685,5,0.75,4941,0.389515175404,0.568159861710,0.033040138290
256,3558913,13902,5,0.75,5415,0.389512300388,0.568155668116,0.033044331884
256,3710209,14493,5,0.75,5645,0.389498378528,0.568135361224,0.033064638776
256,3373057,13176,5,0.75,5132,0.389496053430,0.568131969760,0.033068030240
256,2957057,11551,5,0.75,4499,0.389490087438,0.568123267564,0.033076732436
1024,12327937,12039,5,0.75,4689,0.389484176427,0.568114645565,0.033085354435
256,3682817,14386,5,0.75,5603,0.389475879327,0.568102543138,0.033097456862
512,5399041,10545,5,0.75,4107,0.389473684211,0.568099341267,0.033100658733
256,3452929,13488,5,0.75,5253,0.389457295374,0.568075435962,0.033124564038
1024,11148289,10887,5,0.75,4240,0.389455313677,0.568072545392,0.033127454608
512,5651969,11039,5,0.75,4299,0.389437449044,0.568046487442,0.033153512558
512,6406657,12513,5,0.75,4873,0.389434987613,0.568042897116,0.033157102884
256,2856961,11160,5,0.75,4346,0.389426523297,0.568030550782,0.033169449218
512,7266817,14193,5,0.75,5527,0.389417318396,0.568017124206,0.033182875794
512,7650817,14943,5,0.75,5819,0.389413103125,0.568010975670,0.033189024330
256,3351553,13092,5,0.75,5098,0.389398105713,0.567989099944,0.033210900056
256,2679041,10465,5,0.75,4075,0.389393215480,0.567981966886,0.033218033114
512,5955073,11631,5,0.75,4529,0.389390422148,0.567977892438,0.033222107562
1024,13280257,12969,5,0.75,5050,0.389390084047,0.567977399272,0.033222600728
1024,13135873,12828,5,0.75,4995,0.389382600561,0.567966483610,0.033233516390
1024,12820481,12520,5,0.75,4875,0.389376996805,0.567958309784,0.033241690216
1024,15050753,14698,5,0.75,5723,0.389372703769,0.567952047818,0.033247952182
1024,14703617,14359,5,0.75,5591,0.389372518978,0.567951778275,0.033248221725
1024,11926529,11647,5,0.75,4535,0.389370653387,0.567949057063,0.033250942937
1024,14988289,14637,5,0.75,5699,0.389355742297,0.567927307248,0.033272692752
256,3441409,13443,5,0.75,5234,0.389347615860,0.567915453754,0.033284546246
1024,10544129,10297,5,0.75,4009,0.389336700010,0.567899531531,0.033300468469
1024,13074433,12768,5,0.75,4971,0.389332706767,0.567893706853,0.033306293147
256,3081217,12036,5,0.75,4686,0.389332003988,0.567892681756,0.033307318244
1024,10807297,10554,5,0.75,4109,0.389331059314,0.567891303823,0.033308696177
512,7034369,13739,5,0.75,5349,0.389329645535,0.567889241637,0.033310758363
512,5370881,10490,5,0.75,4084,0.389323164919,0.567879788795,0.033320211205
1024,14645249,14302,5,0.75,5568,0.389316179555,0.567869599710,0.033330400290
256,3156481,12330,5,0.75,4800,0.389294403893,0.567837837000,0.033362163000
1024,10498049,10252,5,0.75,3991,0.389289894655,0.567831259675,0.033368740325
1024,12897281,12595,5,0.75,4903,0.389281460897,0.567818957914,0.033381042086
256,3830017,14961,5,0.75,5824,0.389278791525,0.567815064278,0.033384935722
256,3579649,13983,5,0.75,5443,0.389258385182,0.567785298904,0.033414701096
1024,15326209,14967,5,0.75,5826,0.389256364001,0.567782350741,0.033417649259
512,6842369,13364,5,0.75,5202,0.389254714157,0.567779944225,0.033420055775
512,7114753,13896,5,0.75,5409,0.389248704663,0.567771178575,0.033428821425
1024,14871553,14523,5,0.75,5653,0.389244646423,0.567765259090,0.033434740910
256,3502337,13681,5,0.75,5325,0.389225933777,0.567737964199,0.033462035801
512,7194113,14051,5,0.75,5469,0.389224966195,0.567736552851,0.033463447149
1024,11323393,11058,5,0.75,4304,0.389220473865,0.567730000189,0.033469999811
256,3388673,13237,5,0.75,5152,0.389212057113,0.567717723232,0.033482276768
1024,11118593,10858,5,0.75,4226,0.389206115307,0.567709056316,0.033490943684
256,2963201,11575,5,0.75,4505,0.389200863931,0.567701396483,0.033498603517
1024,11768833,11493,5,0.75,4473,0.389193422083,0.567690541555,0.033509458445
256,2908673,11362,5,0.75,4422,0.389192043654,0.567688530933,0.033511469067
256,3821057,14926,5,0.75,5809,0.389186654161,0.567680669637,0.033519330363
256,3678977,14371,5,0.75,5593,0.389186556259,0.567680526835,0.033519473165
512,5943809,11609,5,0.75,4518,0.389180807994,0.567672142223,0.033527857777
512,6301697,12308,5,0.75,4790,0.389177770556,0.567667711714,0.033532288286
512,5372929,10494,5,0.75,4084,0.389174766533,0.567663329946,0.033536670054
1024,13032449,12727,5,0.75,4953,0.389172625128,0.567660206420,0.033539793580
512,5806081,11340,5,0.75,4413,0.389153439153,0.567632221117,0.033567778883
1024,10493953,10248,5,0.75,3988,0.389149102264,0.567625895185,0.033574104815
512,6754817,13193,5,0.75,5134,0.389145759115,0.567621018755,0.033578981245
512,6082561,11880,5,0.75,4623,0.389141414141,0.567614681032,0.033585318968
256,2752513,10752,5,0.75,4184,0.389136904762,0.567608103500,0.033591896500
1024,13928449,13602,5,0.75,5293,0.389133950890,0.567603794883,0.033596205117
512,5747201,11225,5,0.75,4368,0.389131403118,0.567600078619,0.033599921381
256,3485441,13615,5,0.75,5298,0.389129636430,0.567597501669,0.033602498331
1024,11355137,11089,5,0.75,4315,0.389124357471,0.567589801603,0.033610198397
256,2831617,11061,5,0.75,4304,0.389114908236,0.567576018632,0.033623981368
1024,14542849,14202,5,0.75,5526,0.389100126743,0.567554457852,0.033645542148
1024,12663809,12367,5,0.75,4812,0.389100024258,0.567554308364,0.033645691636
512,6961153,13596,5,0.75,5290,0.389085025007,0.567532429955,0.033667570045
512,6144001,12000,5,0.75,4669,0.389083333333,0.567529962423,0.033670037577
1024,13769729,13447,5,0.75,5232,0.389083066855,0.567529573729,0.033670426271
256,3517441,13740,5,0.75,5346,0.389082969432,0.567529431625,0.033670568375
1024,14230529,13897,5,0.75,5407,0.389076779161,0.567520402288,0.033679597712
1024,13796353,13473,5,0.75,5242,0.389074445187,0.567516997875,0.033683002125
1024,12725249,12427,5,0.75,4835,0.389072181540,0.567513696045,0.033686303955
1024,12451841,12160,5,0.75,4731,0.389062500000,0.567499574226,0.033700425774
256,2699777,10546,5,0.75,4103,0.389057462545,0.567492226426,0.033707773574
1024,13336577,13024,5,0.75,5067,0.389050982801,0.567482774855,0.033717225145
256,2977537,11631,5,0.75,4525,0.389046513627,0.567476255968,0.033723744032
1024,10242049,10002,5,0.75,3891,0.389022195561,0.567440784823,0.033759215177
256,3754241,14665,5,0.75,5705,0.389021479714,0.567439740665,0.033760259335
1024,13766657,13444,5,0.75,5230,0.389021124665,0.567439222779,0.033760777221
1024,13682689,13362,5,0.75,5198,0.389013620715,0.567428277267,0.033771722733
1024,15301633,14943,5,0.75,5813,0.389011577327,0.567425296713,0.033774703287
1024,12206081,11920,5,0.75,4637,0.389010067114,0.567423093865,0.033776906135
256,3127297,12216,5,0.75,4752,0.388998035363,0.567405543951,0.033794456049
512,7492097,14633,5,0.75,5692,0.388983803731,0.567384785217,0.033815214783
256,3030017,11836,5,0.75,4604,0.388982764447,0.567383269283,0.033816730717
1024,12552193,12258,5,0.75,4768,0.388970468266,0.567365333661,0.033834666339
256,3008513,11752,5,0.75,4571,0.388955071477,0.567342875390,0.033857124610
1024,12771329,12472,5,0.75,4851,0.388951250802,0.567337302425,0.033862697575
1024,15080449,14727,5,0.75,5728,0.388945474299,0.567328876625,0.033871123375
256,3635201,14200,5,0.75,5523,0.388943661972,0.567326233104,0.033873766896
1024,13203457,12894,5,0.75,5015,0.388940592524,0.567321755904,0.033878244096
256,3177217,12411,5,0.75,4827,0.388929175731,0.567305102989,0.033894897011
256,2931713,11452,5,0.75,4454,0.388927698219,0.567302947840,0.033897052160
256,3329281,13005,5,0.75,5058,0.388927335640,0.567302418971,0.033897581029
512,7453697,14558,5,0.75,5662,0.388927050419,0.567302002937,0.033897997063
1024,13777921,13455,5,0.75,5233,0.388926049796,0.567300543395,0.033899456605
1024,15228929,14872,5,0.75,5784,0.388918773534,0.567289929996,0.033910070004
256,3118081,12180,5,0.75,4737,0.388916256158,0.567286258067,0.033913741933
256,3795457,14826,5,0.75,5766,0.388911371914,0.567279133746,0.033920866254
512,6269441,12245,5,0.75,4762,0.388893425888,0.567252957072,0.033947042928
256,3345409,13068,5,0.75,5082,0.388888888889,0.567246339253,0.033953660747
256,2699009,10543,5,0.75,4100,0.388883619463,0.567238653093,0.033961346907
512,7340033,14336,5,0.75,5575,0.388881138393,0.567235034121,0.033964965879
512,5340161,10430,5,0.75,4056,0.388878235858,0.567230800386,0.033969199614
1024,14509057,14169,5,0.75,5510,0.388877126120,0.567229181686,0.033970818314
256,3425281,13380,5,0.75,5203,0.388863976084,0.567210000603,0.033989999397
256,3195649,12483,5,0.75,4854,0.388848834415,0.567187914458,0.034012085542
512,5995009,11709,5,0.75,4553,0.388846186694,0.567184052404,0.034015947596
256,3242497,12666,5,0.75,4925,0.388836254540,0.567169565031,0.034030434969
512,5372417,10493,5,0.75,4080,0.388830649004,0.567161388610,0.034038611390
512,5280257,10313,5,0.75,4010,0.388829632503,0.567159905907,0.034040094093
1024,14110721,13780,5,0.75,5358,0.388824383164,0.567152249046,0.034047750954
1024,10534913,10288,5,0.75,4000,0.388802488336,0.567120312517,0.034079687483
256,2912257,11376,5,0.75,4423,0.388800984529,0.567118119014,0.034081880986
512,6641153,12971,5,0.75,5043,0.388790378537,0.567102648759,0.034097351241
1024,12110849,11827,5,0.75,4598,0.388771455145,0.567075046467,0.034124953533
256,2651137,10356,5,0.75,4026,0.388760139050,0.567058540432,0.034141459568
1024,12564481,12270,5,0.75,4770,0.388753056235,0.567048209201,0.034151790799
1024,12854273,12553,5,0.75,4880,0.388751692822,0.567046220482,0.034153779518
1024,13631489,13312,5,0.75,5175,0.388746995192,0.567039368362,0.034160631638
256,3597569,14053,5,0.75,5463,0.388742617235,0.567032982527,0.034167017473
256,3474433,13572,5,0.75,5276,0.388741526673,0.567031391796,0.034168608204
256,2749441,10740,5,0.75,4175,0.388733705773,0.567019983970,0.034180016030
512,7116289,13899,5,0.75,5403,0.388733002374,0.567018957970,0.034181042030
512,5388289,10524,5,0.75,4091,0.388730520715,0.567015338138,0.034184661862
256,2939137,11481,5,0.75,4463,0.388729204773,0.567013418662,0.034186581338
256,3025409,11818,5,0.75,4594,0.388729057370,0.567013203655,0.034186796345
256,2764033,10797,5,0.75,4197,0.388719088636,0.566998662925,0.034201337075
256,3344897,13066,5,0.75,5079,0.388718812184,0.566998259684,0.034201740316
1024,11446273,11178,5,0.75,4345,0.388709966005,0.566985356351,0.034214643649
512,7073281,13815,5,0.75,5370,0.388707926167,0.566982380975,0.034217619025
512,6713857,13113,5,0.75,5097,0.388698238389,0.566968250059,0.034231749941
256,3699457,14451,5,0.75,5617,0.388692824026,0.566960352487,0.034239647513
512,6520321,12735,5,0.75,4950,0.388692579505,0.566959995821,0.034240004179
1024,14126081,13795,5,0.75,5362,0.388691554911,0.566958501314,0.034241498686
512,5133313,10026,5,0.75,3897,0.388689407540,0.566955369087,0.034244630913
512,5549569,10839,5,0.75,4213,0.388688993450,0.566954765080,0.034245234920
256,3116033,12172,5,0.75,4731,0.388678935261,0.566940093870,0.034259906130
512,6845953,13371,5,0.75,5197,0.388676987510,0.566937252816,0.034262747184
512,5925377,11573,5,0.75,4498,0.388663267951,0.566917241008,0.034282758992
512,7514113,14676,5,0.75,5704,0.388661760698,0.566915042478,0.034284957522
256,3788033,14797,5,0.75,5751,0.388659863486,0.566912275141,0.034287724859
1024,10673153,10423,5,0.75,4051,0.388659694905,0.566912029244,0.034287970756
256,3313153,12942,5,0.75,5030,0.388657085458,0.566908223017,0.034291776983
512,6609409,12909,5,0.75,5017,0.388643581997,0.566888526417,0.034311473583
512,6489601,12675,5,0.75,4926,0.388639053254,0.566881920641,0.034318079359
256,2592769,10128,5,0.75,3936,0.388625592417,0.566862286214,0.034337713786
512,6806017,13293,5,0.75,5166,0.388625592417,0.566862286214,0.034337713786
256,2708737,10581,5,0.75,4112,0.388621113316,0.566855752848,0.034344247152
1024,10816513,10563,5,0.75,4105,0.388620657010,0.566855087265,0.034344912735
1024,10687489,10437,5,0.75,4056,0.388617418799,0.566850363901,0.034349636099
256,3617281,14130,5,0.75,5491,0.388605803255,0.566833421081,0.034366578919
256,2874881,11230,5,0.75,4364,0.388601959038,0.566827813777,0.034372186223
512,6942209,13559,5,0.75,5269,0.388597979202,0.566822008655,0.034377991345
512,6254593,12216,5,0.75,4747,0.388588736084,0.566808526334,0.034391473666
512,5572097,10883,5,0.75,4229,0.388587705596,0.566807023229,0.034392976771
1024,15111169,14757,5,0.75,5734,0.388561360710,0.566768595698,0.034431404302
512,6946817,13568,5,0.75,5272,0.388561320755,0.566768537418,0.034431462582
1024,15037441,14685,5,0.75,5706,0.388559754852,0.566766253339,0.034433746661
256,2993153,11692,5,0.75,4543,0.388556277797,0.566761181591,0.034438818409
1024,14384129,14047,5,0.75,5458,0.388552715882,0.566755986063,0.034444013937
256,3227137,12606,5,0.75,4898,0.388545137236,0.566744931596,0.034455068404
1024,14893057,14544,5,0.75,5651,0.388545104510,0.566744883862,0.034455116138
1024,12334081,12045,5,0.75,4680,0.388542963885,0.566741761474,0.034458238526
256,3436033,13422,5,0.75,5215,0.388541201013,0.566739190090,0.034460809910
1024,13243393,12933,5,0.75,5025,0.388540941777,0.566738811959,0.034461188041
1024,13541377,13224,5,0.75,5138,0.388535995160,0.566731596659,0.034468403341
512,6393857,12488,5,0.75,4852,0.388532991672,0.566727215670,0.034472784330
512,5890561,11505,5,0.75,4470,0.388526727510,0.566718078554,0.034481921446
512,5761537,11253,5,0.75,4372,0.388518617258,0.566706248669,0.034493751331
512,5664257,11063,5,0.75,4298,0.388502214589,0.566682323188,0.034517676812
512,7186433,14036,5,0.75,5453,0.388500997435,0.566680547806,0.034519452194
1024,13178881,12870,5,0.75,5000,0.388500388500,0.566679659594,0.034520340406
512,6249473,12206,5,0.75,4742,0.388497460265,0.566675388372,0.034524611628
512,6899201,13475,5,0.75,5235,0.388497217069,0.566675033637,0.034524966363
1024,14307329,13972,5,0.75,5428,0.388491268251,0.566666356493,0.034533643507
256,3781121,14770,5,0.75,5738,0.388490182803,0.566664773222,0.034535226778
256,3467521,13545,5,0.75,5262,0.388482834994,0.566654055463,0.034545944537
512,6666241,13020,5,0.75,5058,0.388479262673,0.566648844755,0.034551155245
512,7124993,13916,5,0.75,5406,0.388473699339,0.566640729890,0.034559270110
512,6973441,13620,5,0.75,5291,0.388472834068,0.566639467776,0.034560532224
256,3830273,14962,5,0.75,5812,0.388450741879,0.566607243372,0.034592756628
512,6429697,12558,5,0.75,4878,0.388437649307,0.566588146108,0.034611853892
1024,12055553,11773,5,0.75,4573,0.388431156035,0.566578674804,0.034621325196
512,7363073,14381,5,0.75,5586,0.388429177387,0.566575788682,0.034624211318
512,7121921,13910,5,0.75,5403,0.388425593098,0.566570560519,0.034629439481
512,6694913,13076,5,0.75,5079,0.388421535638,0.566564642171,0.034635357829
512,5189633,10136,5,0.75,3937,0.388417521705,0.566558787314,0.034641212686
256,3224321,12595,5,0.75,4892,0.388408098452,0.566545042242,0.034654957758
512,7356929,14369,5,0.75,5581,0.388405595379,0.566541391177,0.034658608823
512,7301633,14261,5,0.75,5539,0.388401935348,0.566536052533,0.034663947467
1024,12230657,11944,5,0.75,4639,0.388395847287,0.566527172284,0.034672827716
1024,11189249,10927,5,0.75,4244,0.388395717031,0.566526982288,0.034673017712
1024,13253633,12943,5,0.75,5027,0.388395271575,0.566526332531,0.034673667469
256,3480833,13597,5,0.75,5281,0.388394498786,0.566525205316,0.034674794684
256,3655681,14280,5,0.75,5546,0.388375350140,0.566497274460,0.034702725540
512,6896129,13469,5,0.75,5231,0.388373301656,0.566494286472,0.034705713528
1024,15102977,14749,5,0.75,5728,0.388365312903,0.566482633809,0.034717366191
256,3140353,12267,5,0.75,4764,0.388359011983,0.566473443078,0.034726556922
512,6736897,13158,5,0.75,5110,0.388356893145,0.566470352469,0.034729647531
512,7342081,14340,5,0.75,5569,0.388354253835,0.566466502684,0.034733497316
512,5415937,10578,5,0.75,4108,0.388353185857,0.566464944896,0.034735055104
256,3032321,11845,5,0.75,4600,0.388349514563,0.566459589823,0.034740410177
1024,11496449,11227,5,0.75,4360,0.388349514563,0.566459589823,0.034740410177
1024,10739713,10488,5,0.75,4073,0.388348588863,0.566458239567,0.034741760433
256,2683649,10483,5,0.75,4071,0.388343031575,0.566450133520,0.034749866480
512,6017537,11753,5,0.75,4564,0.388326384753,0.566425851908,0.034774148092
256,3056897,11941,5,0.75,4637,0.388325935851,0.566425197125,0.034774802875
1024,11315201,11050,5,0.75,4291,0.388325791855,0.566424987088,0.034775012912
1024,12960769,12657,5,0.75,4915,0.388322667299,0.566420429505,0.034779570495
1024,13780993,13458,5,0.75,5226,0.388319215337,0.566415394358,0.034784605642
512,6986753,13646,5,0.75,5299,0.388318921296,0.566414965460,0.034785034540
512,5916161,11555,5,0.75,4487,0.388316745997,0.566411792497,0.034788207503
1024,12198913,11913,5,0.75,4626,0.388315285822,0.566409662637,0.034790337363
256,2694401,10525,5,0.75,4087,0.388313539192,0.566407114944,0.034792885056
512,5634049,11004,5,0.75,4273,0.388313340603,0.566406825276,0.034793174724
512,5581313,10901,5,0.75,4233,0.388312998807,0.566406326721,0.034793673279
1024,10785793,10533,5,0.75,4090,0.388303427324,0.566392365434,0.034807634566
1024,10693633,10443,5,0.75,4055,0.388298381691,0.566385005706,0.034814994294
512,5738497,11208,5,0.75,4352,0.388294075660,0.566378724785,0.034821275215
512,5378561,10505,5,0.75,4079,0.388291289862,0.566374661327,0.034825338673
512,5481473,10706,5,0.75,4157,0.388286941902,0.566368319246,0.034831680754
256,2608897,10191,5,0.75,3957,0.388283779806,0.566363706907,0.034836293093
256,3714049,14508,5,0.75,5633,0.388268541494,0.566341479797,0.034858520203
512,7226369,14114,5,0.75,5480,0.388266968967,0.566339186056,0.034860813944
512,6788609,13259,5,0.75,5148,0.388264575006,0.566335694144,0.034864305856
1024,10383361,10140,5,0.75,3937,0.388264299803,0.566335292724,0.034864707276
512,7503361,14655,5,0.75,5690,0.388263391334,0.566333967601,0.034866032399
1024,13329409,13017,5,0.75,5054,0.388261504187,0.566331214945,0.034868785055
512,6426113,12551,5,0.75,4873,0.388255915863,0.566323063629,0.034876936371
1024,10890241,10635,5,0.75,4129,0.388246356370,0.566309119833,0.034890880167
512,5850113,11426,5,0.75,4436,0.388237353405,0.566295987806,0.034904012194
512,6885377,13448,5,0.75,5221,0.388236168947,0.566294260117,0.034905739883
256,3663617,14311,5,0.75,5556,0.388232827895,0.566289386746,0.034910613254
512,5586433,10911,5,0.75,4236,0.388232059390,0.566288265779,0.034911734221
256,3640577,14221,5,0.75,5521,0.388228675902,0.566283330510,0.034916669490
1024,10933249,10677,5,0.75,4145,0.388217664138,0.566267268383,0.034932731617
1024,12178433,11893,5,0.75,4617,0.388211553014,0.566258354494,0.034941645506
512,5402113,10551,5,0.75,4096,0.388209648375,0.566255576323,0.034944423677
512,5813761,11355,5,0.75,4408,0.388199031264,0.566240089850,0.034959910150
256,3518209,13743,5,0.75,5335,0.388197627883,0.566238042832,0.034961957168
1024,13289473,12978,5,0.75,5038,0.388195407613,0.566234804272,0.034965195728
1024,11846657,11569,5,0.75,4491,0.388192583629,0.566230685114,0.034969314886
512,6433793,12566,5,0.75,4878,0.388190354926,0.566227434253,0.034972565747
1024,10559489,10312,5,0.75,4003,0.388188518231,0.566224755189,0.034975244811
512,5790209,11309,5,0.75,4390,0.388186400212,0.566221665776,0.034978334224
512,5684737,11103,5,0.75,4310,0.388183373863,0.566217251441,0.034982748559
512,5567489,10874,5,0.75,4221,0.388173625161,0.566203031659,0.034996968341
256,3505921,13695,5,0.75,5316,0.388170865279,0.566199006003,0.035000993997
1024,13308929,12997,5,0.75,5045,0.388166499962,0.566192638604,0.035007361396
256,3551489,13873,5,0.75,5385,0.388164059684,0.566189079134,0.035010920866
256,2698753,10542,5,0.75,4092,0.388161639158,0.566185548473,0.035014451527
1024,12383233,12093,5,0.75,4694,0.388158438766,0.566180880275,0.035019119725
512,6752257,13188,5,0.75,5119,0.388155899302,0.566177176129,0.035022823871
256,2804993,10957,5,0.75,4253,0.388153691704,0.566173956052,0.035026043948
512,7671809,14984,5,0.75,5816,0.388147357181,0.566164716305,0.035035283695
256,2638849,10308,5,0.75,4001,0.388145129996,0.566161467658,0.035038532342
512,7280129,14219,5,0.75,5519,0.388142626064,0.566157815339,0.035042184661
256,2717441,10615,5,0.75,4120,0.388130004710,0.566139405411,0.035060594589
512,7040513,13751,5,0.75,5337,0.388117227838,0.566120768637,0.035079231363
256,3187201,12450,5,0.75,4832,0.388112449799,0.566113799230,0.035086200770
256,3621889,14148,5,0.75,5491,0.388111393837,0.566112258968,0.035087741032
512,5779457,11288,5,0.75,4381,0.388111268604,0.566112076299,0.035087923701
512,5948417,11618,5,0.75,4509,0.388104665175,0.566102444316,0.035097555684
1024,15232001,14875,5,0.75,5773,0.388100840336,0.566096865279,0.035103134721
1024,11575297,11304,5,0.75,4387,0.388092710545,0.566085006894,0.035114993106
1024,12430337,12139,5,0.75,4711,0.388087980888,0.566078108058,0.035121891942
256,2626049,10258,5,0.75,3981,0.388087346461,0.566077182662,0.035122817338
256,2791681,10905,5,0.75,4232,0.388078862907,0.566064808266,0.035135191734
256,2773249,10833,5,0.75,4204,0.388073479184,0.566056955387,0.035143044613
1024,14043137,13714,5,0.75,5322,0.388070584804,0.566052733548,0.035147266452
1024,10882049,10627,5,0.75,4124,0.388068128352,0.566049150485,0.035150849515
512,5980673,11681,5,0.75,4533,0.388066090232,0.566046177615,0.035153822385
512,7521793,14691,5,0.75,5701,0.388060717446,0.566038340690,0.035161659310
512,6028289,11774,5,0.75,4569,0.388058433837,0.566035009741,0.035164990259
256,3129601,12225,5,0.75,4744,0.388057259714,0.566033297126,0.035166702874
1024,11676673,11403,5,0.75,4425,0.388055774796,0.566031131175,0.035168868825
512,5804033,11336,5,0.75,4399,0.388055751588,0.566031097323,0.035168902677
512,6000641,11720,5,0.75,4548,0.388054607509,0.566029428530,0.035170571470
512,7054849,13779,5,0.75,5347,0.388054285507,0.566028958848,0.035171041152
1024,13355009,13042,5,0.75,5061,0.388053979451,0.566028512425,0.035171487575
1024,10610689,10362,5,0.75,4021,0.388052499517,0.566026353744,0.035173646256
512,7027201,13725,5,0.75,5326,0.388051001821,0.566024169155,0.035175830845
256,3022849,11808,5,0.75,4582,0.388042005420,0.566011046703,0.035188953297
1024,12685313,12388,5,0.75,4807,0.388036809816,0.566003468221,0.035196531779
512,7154177,13973,5,0.75,5422,0.388034065698,0.565999465559,0.035200534441
512,6893057,13463,5,0.75,5224,0.388026442843,0.565988346608,0.035211653392
1024,13327361,13015,5,0.75,5050,0.388013830196,0.565969949379,0.035230050621
512,6461953,12621,5,0.75,4897,0.388004120117,0.565955785933,0.035244214067
256,2730241,10665,5,0.75,4138,0.387998124707,0.565947040827,0.035252959173
256,3826177,14946,5,0.75,5799,0.387996788438,0.565945091701,0.035254908299
512,6716929,13119,5,0.75,5090,0.387986889245,0.565930652406,0.035269347594
512,6231553,12171,5,0.75,4722,0.387971407444,0.565908070134,0.035291929866
1024,11209729,10947,5,0.75,4247,0.387960171737,0.565891681355,0.035308318645
1024,13047809,12742,5,0.75,4943,0.387929681369,0.565847207085,0.035352792915
512,5233153,10221,5,0.75,3965,0.387926817337,0.565843029512,0.035356970488
1024,14175233,13843,5,0.75,5370,0.387921693275,0.565835555384,0.035364444616
1024,11068417,10809,5,0.75,4193,0.387917476177,0.565829404184,0.035370595816
512,7166977,13998,5,0.75,5430,0.387912558937,0.565822231733,0.035377768267
256,3286529,12838,5,0.75,4980,0.387910889547,0.565819796705,0.035380203295
256,3240449,12658,5,0.75,4910,0.387896982146,0.565799510905,0.035400489095
512,7216129,14094,5,0.75,5467,0.387895558394,0.565797434172,0.035402565828
256,2833409,11068,5,0.75,4293,0.387874954825,0.565767381118,0.035432618882
1024,15246337,14889,5,0.75,5775,0.387870239774,0.565760503587,0.035439496413
512,6684673,13056,5,0.75,5064,0.387867647059,0.565756721766,0.035443278234
512,6556673,12806,5,0.75,4967,0.387865063252,0.565752952938,0.035447047062
256,3539713,13827,5,0.75,5363,0.387864323425,0.565751873803,0.035448126197
256,3328513,13002,5,0.75,5043,0.387863405630,0.565750535076,0.035449464924
1024,13126657,12819,5,0.75,4972,0.387861767689,0.565748145920,0.035451854080
1024,12838913,12538,5,0.75,4863,0.387860902855,0.565746884445,0.035453115555
1024,14555137,14214,5,0.75,5513,0.387857042353,0.565741253387,0.035458746613
256,2768897,10816,5,0.75,4195,0.387851331361,0.565732923143,0.035467076857
512,5672449,11079,5,0.75,4297,0.387850889069,0.565732278002,0.035467721998
1024,13974529,13647,5,0.75,5293,0.387850809702,0.565732162234,0.035467837766
1024,12184577,11899,5,0.75,4615,0.387847718296,0.565727653005,0.035472346995
1024,14447617,14109,5,0.75,5472,0.387837550500,0.565712821918,0.035487178082
512,6463489,12624,5,0.75,4896,0.387832699620,0.565705746262,0.035494253738
256,3808001,14875,5,0.75,5769,0.387831932773,0.565704627714,0.035495372286
1024,10780673,10528,5,0.75,4083,0.387822948328,0.565691522703,0.035508477297
512,5969921,11660,5,0.75,4522,0.387821612350,0.565689574000,0.035510426000
256,3194881,12480,5,0.75,4840,0.387820512821,0.565687970189,0.035512029811
512,7548929,14744,5,0.75,5718,0.387818773738,0.565685433506,0.035514566494
512,5303297,10358,5,0.75,4017,0.387816180730,0.565681651257,0.035518348743
256,2960641,11565,5,0.75,4485,0.387808041505,0.565669779111,0.035530220889
1024,12521473,12228,5,0.75,4742,0.387798495257,0.565655854635,0.035544145365
256,2810881,10980,5,0.75,4258,0.387795992714,0.565652204342,0.035547795658
256,2693377,10521,5,0.75,4080,0.387795836898,0.565651977063,0.035548022937
512,6947329,13569,5,0.75,5262,0.387795710811,0.565651793150,0.035548206850
512,5767169,11264,5,0.75,4368,0.387784090909,0.565634843971,0.035565156029
256,2576641,10065,5,0.75,3903,0.387779433681,0.565628050783,0.035571949217
256,3242753,12667,5,0.75,4912,0.387779268967,0.565627810525,0.035572189475
512,7272449,14204,5,0.75,5508,0.387778090679,0.565626091835,0.035573908165
1024,11774977,11499,5,0.75,4459,0.387772849813,0.565618447333,0.035581552667
256,3404033,13297,5,0.75,5156,0.387756636835,0.565594798541,0.035605201459
512,5318657,10388,5,0.75,4028,0.387755102041,0.565592559839,0.035607440161
1024,15052801,14700,5,0.75,5700,0.387755102041,0.565592559839,0.035607440161
256,3636481,14205,5,0.75,5508,0.387750791975,0.565586273032,0.035613726968
1024,13664257,13344,5,0.75,5174,0.387739808153,0.565570251663,0.035629748337
256,3745537,14631,5,0.75,5673,0.387738363748,0.565568144805,0.035631855195
1024,11757569,11482,5,0.75,4452,0.387737327992,0.565566634016,0.035633365984
1024,12587009,12292,5,0.75,4766,0.387731858119,0.565558655477,0.035641344523
512,7200769,14064,5,0.75,5453,0.387727531286,0.565552344213,0.035647655787
1024,11692033,11418,5,0.75,4427,0.387721142056,0.565543024670,0.035656975330
512,6354433,12411,5,0.75,4812,0.387720570462,0.565542190922,0.035657809078
256,3793921,14820,5,0.75,5746,0.387719298246,0.565540335226,0.035659664774
1024,12917761,12615,5,0.75,4891,0.387713040032,0.565531206785,0.035668793215
512,7591937,14828,5,0.75,5749,0.387712435932,0.565530325625,0.035669674375
1024,15324161,14965,5,0.75,5802,0.387704644170,0.565518960300,0.035681039700
512,5475329,10694,5,0.75,4146,0.387694034038,0.565503484007,0.035696515993
512,6640129,12969,5,0.75,5028,0.387693731205,0.565503042285,0.035696957715
512,6630913,12951,5,0.75,5021,0.387692070110,0.565500619357,0.035699380643
256,3139841,12265,5,0.75,4755,0.387688544639,0.565495476987,0.035704523013
256,3725569,14553,5,0.75,5642,0.387686387686,0.565492330783,0.035707669217
512,6028801,11775,5,0.75,4565,0.387685774947,0.565491437021,0.035708562979
256,3749377,14646,5,0.75,5678,0.387682643725,0.565486869716,0.035713130284
512,5344769,10439,5,0.75,4047,0.387680812338,0.565484198394,0.035715801606
256,3245569,12678,5,0.75,4915,0.387679444707,0.565482203522,0.035717796478
1024,14768129,14422,5,0.75,5591,0.387671612814,0.565470779660,0.035729220340
512,7305217,14268,5,0.75,5531,0.387650686852,0.565440256352,0.035759743648
256,3250433,12697,5,0.75,4922,0.387650626132,0.565440167784,0.035759832216
512,5571073,10881,5,0.75,4218,0.387648194100,0.565436620340,0.035763379660
256,3288833,12847,5,0.75,4980,0.387639137542,0.565423410142,0.035776589858
256,3541249,13833,5,0.75,5362,0.387623798164,0.565401035612,0.035798964388
1024,10487809,10242,5,0.75,3970,0.387619605546,0.565394920119,0.035805079881
512,5625857,10988,5,0.75,4259,0.387604659629,0.565373119505,0.035826880495
256,3361793,13132,5,0.75,5090,0.387602802315,0.565370410365,0.035829589635
1024,12115969,11832,5,0.75,4586,0.387592968222,0.565356066028,0.035843933972
512,6750209,13184,5,0.75,5110,0.387591019417,0.565353223437,0.035846776563
1024,14100481,13770,5,0.75,5337,0.387581699346,0.565339628869,0.035860371131
512,7362049,14379,5,0.75,5573,0.387579108422,0.565335849660,0.035864150340
256,2839553,11092,5,0.75,4299,0.387576631807,0.565332237186,0.035867762814
256,3420161,13360,5,0.75,5178,0.387574850299,0.565329638620,0.035870361380
512,6648833,12986,5,0.75,5033,0.387571230556,0.565324358741,0.035875641259
256,3549697,13866,5,0.75,5374,0.387566709938,0.565317764817,0.035882235183
512,6835201,13350,5,0.75,5174,0.387565543071,0.565316062786,0.035883937214
1024,10536961,10290,5,0.75,3988,0.387560738581,0.565309054796,0.035890945204
512,5951489,11624,5,0.75,4505,0.387560220234,0.565308298718,0.035891701282
1024,13382657,13069,5,0.75,5065,0.387558344173,0.565305562233,0.035894437767
1024,11456513,11188,5,0.75,4336,0.387558097962,0.565305203101,0.035894796899
512,6065153,11846,5,0.75,4591,0.387556981259,0.565303574241,0.035896425759
256,3822593,14932,5,0.75,5787,0.387556924725,0.565303491779,0.035896508221
512,6147073,12006,5,0.75,4653,0.387556221889,0.565302466598,0.035897533402
512,5864449,11454,5,0.75,4439,0.387550200803,0.565293684041,0.035906315959
1024,14801921,14455,5,0.75,5602,0.387547561397,0.565289834115,0.035910165885
1024,10917889,10662,5,0.75,4132,0.387544550741,0.565285442671,0.035914557329
512,6535681,12765,5,0.75,4947,0.387544065805,0.565284735327,0.035915264673
256,3308801,12925,5,0.75,5009,0.387543520309,0.565283939649,0.035916060351
1024,13562881,13245,5,0.75,5133,0.387542468856,0.565282405964,0.035917594036
512,6389249,12479,5,0.75,4836,0.387531052168,0.565265753201,0.035934246799
1024,13238273,12928,5,0.75,5010,0.387530940594,0.565265590456,0.035934409544
256,3021569,11803,5,0.75,4574,0.387528594425,0.565262168255,0.035937831745
256,3635969,14203,5,0.75,5504,0.387523762585,0.565255120372,0.035944879628
1024,14903297,14554,5,0.75,5640,0.387522330631,0.565253031675,0.035946968325
1024,11653121,11380,5,0.75,4410,0.387521968366,0.565252503263,0.035947496737
256,2811649,10983,5,0.75,4256,0.387507966858,0.565232080196,0.035967919804
512,5843969,11414,5,0.75,4423,0.387506570878,0.565230043973,0.035969956027
512,7555073,14756,5,0.75,5718,0.387503388452,0.565225401980,0.035974598020
1024,14896129,14547,5,0.75,5637,0.387502577851,0.565224219610,0.035975780390
256,3445249,13458,5,0.75,5215,0.387501857631,0.565223169073,0.035976830927
256,3652097,14266,5,0.75,5528,0.387494742745,0.565212791062,0.035987208938
512,5795329,11319,5,0.75,4386,0.387490060959,0.565205962053,0.035994037947
256,3200257,12501,5,0.75,4844,0.387489000880,0.565204415786,0.035995584214
1024,11175937,10914,5,0.75,4229,0.387483965549,0.565197071084,0.036002928916
256,3697921,14445,5,0.75,5597,0.387469712703,0.565176281406,0.036023718594
512,6574081,12840,5,0.75,4975,0.387461059190,0.565163659103,0.036036340897
512,7674881,14990,5,0.75,5808,0.387458305537,0.565159642532,0.036040357468
1024,13029377,12724,5,0.75,4930,0.387456774599,0.565157409455,0.036042590545
256,3106049,12133,5,0.75,4701,0.387455699332,0.565155841035,0.036044158965
256,2926337,11431,5,0.75,4429,0.387455165777,0.565155062774,0.036044937226
256,3779329,14763,5,0.75,5720,0.387455124297,0.565155002269,0.036044997731
512,5941249,11604,5,0.75,4496,0.387452602551,0.565151323966,0.036048676034
512,6209537,12128,5,0.75,4699,0.387450527704,0.565148297526,0.036051702474
256,3598337,14056,5,0.75,5446,0.387450199203,0.565147818363,0.036052181637
1024,14097409,13767,5,0.75,5334,0.387448245805,0.565144969071,0.036055030929
1024,15075329,14722,5,0.75,5704,0.387447357696,0.565143673645,0.036056326355
256,2605313,10177,5,0.75,3943,0.387442271789,0.565136255172,0.036063744828
256,3316993,12957,5,0.75,5020,0.387435363124,0.565126177962,0.036073822038
256,3543041,13840,5,0.75,5362,0.387427745665,0.565115066880,0.036084933120
256,3700993,14457,5,0.75,5601,0.387424776925,0.565110736577,0.036089263423
1024,12147713,11863,5,0.75,4596,0.387423080165,0.565108261627,0.036091738373
512,5234689,10224,5,0.75,3961,0.387421752739,0.565106325398,0.036093674602
512,7065089,13799,5,0.75,5346,0.387419378216,0.565102861840,0.036097138160
1024,13874177,13549,5,0.75,5249,0.387408664846,0.565087234960,0.036112765040
512,5511169,10764,5,0.75,4170,0.387402452620,0.565078173599,0.036121826401
256,3522817,13761,5,0.75,5331,0.387399171572,0.565073387753,0.036126612247
1024,10279937,10039,5,0.75,3889,0.387389182189,0.565058816906,0.036141183094
256,2774273,10837,5,0.75,4198,0.387376580234,0.565040435273,0.036159564727
512,6057473,11831,5,0.75,4583,0.387372157890,0.565033984694,0.036166015306
1024,13637633,13318,5,0.75,5159,0.387370476047,0.565031531501,0.036168468499
256,3798017,14836,5,0.75,5747,0.387368562955,0.565028741001,0.036171258999
512,7211521,14085,5,0.75,5456,0.387362442315,0.565019813230,0.036180186770
1024,13949953,13623,5,0.75,5277,0.387359612420,0.565015685451,0.036184314549
1024,15277057,14919,5,0.75,5779,0.387358402038,0.565013919947,0.036186080053
1024,11822081,11545,5,0.75,4472,0.387353832828,0.565007255145,0.036192744855
256,3278081,12805,5,0.75,4960,0.387348691917,0.564999756440,0.036200243560
512,5578241,10895,5,0.75,4220,0.387333639284,0.564977800166,0.036222199834
1024,14241793,13908,5,0.75,5387,0.387331032499,0.564973997823,0.036226002177
256,2574337,10056,5,0.75,3895,0.387330946698,0.564973872671,0.036226127329
512,7361537,14378,5,0.75,5569,0.387327862011,0.564969373243,0.036230626757
256,2976257,11626,5,0.75,4503,0.387321520729,0.564960123637,0.036239876363
1024,13821953,13498,5,0.75,5228,0.387316639502,0.564953003716,0.036246996284
512,5352449,10454,5,0.75,4049,0.387315859958,0.564951866647,0.036248133353
1024,12421121,12130,5,0.75,4698,0.387304204452,0.564934865536,0.036265134464
1024,15046657,14694,5,0.75,5691,0.387300939159,0.564930102670,0.036269897330
256,2979841,11640,5,0.75,4508,0.387285223368,0.564907179091,0.036292820909
512,6908929,13494,5,0.75,5226,0.387283236994,0.564904281701,0.036295718299
256,2999041,11715,5,0.75,4537,0.387281263338,0.564901402859,0.036298597141
1024,11996161,11715,5,0.75,4537,0.387281263338,0.564901402859,0.036298597141
1024,13984769,13657,5,0.75,5289,0.387273925459,0.564890699585,0.036309300415
512,6739969,13164,5,0.75,5098,0.387268307505,0.564882505049,0.036317494951
256,2762497,10791,5,0.75,4179,0.387267167084,0.564880841592,0.036319158408
512,7414273,14481,5,0.75,5608,0.387266072785,0.564879245411,0.036320754589
512,6069761,11855,5,0.75,4591,0.387262758330,0.564874410836,0.036325589164
512,7475201,14600,5,0.75,5654,0.387260273973,0.564870787069,0.036329212931
1024,12515329,12222,5,0.75,4733,0.387252495500,0.564859441129,0.036340558871
512,6906881,13490,5,0.75,5224,0.387249814678,0.564855530792,0.036344469208
1024,11624449,11352,5,0.75,4396,0.387244538407,0.564847834648,0.036352165352
256,3536129,13813,5,0.75,5349,0.387243900673,0.564846904427,0.036353095573
512,7398913,14451,5,0.75,5596,0.387239637395,0.564840685868,0.036359314132
512,7307777,14273,5,0.75,5527,0.387234638829,0.564833394791,0.036366605209
512,6944257,13563,5,0.75,5252,0.387229963872,0.564826575743,0.036373424257
1024,13066241,12760,5,0.75,4941,0.387225705329,0.564820364090,0.036379635910
1024,15004673,14653,5,0.75,5674,0.387224459155,0.564818546379,0.036381453621
256,3144961,12285,5,0.75,4757,0.387220187220,0.564812315192,0.036387684808
512,5494273,10731,5,0.75,4155,0.387195974280,0.564776997388,0.036423002612
1024,10629121,10380,5,0.75,4019,0.387186897881,0.564763758248,0.036436241752
1024,13197313,12888,5,0.75,4990,0.387181874612,0.564756431140,0.036443568860
256,2979329,11638,5,0.75,4506,0.387179927823,0.564753591488,0.036446408512
256,3369473,13162,5,0.75,5096,0.387175201337,0.564746697278,0.036453302722
256,2833921,11070,5,0.75,4286,0.387172538392,0.564742813017,0.036457186983
256,3399937,13281,5,0.75,5142,0.387169640840,0.564738586551,0.036461413449
1024,10531841,10285,5,0.75,3982,0.387165775401,0.564732948293,0.036467051707
1024,12264449,11977,5,0.75,4637,0.387158720882,0.564722658335,0.036477341665
1024,13312001,13000,5,0.75,5033,0.387153846154,0.564715547894,0.036484452106
1024,11238401,10975,5,0.75,4249,0.387152619590,0.564713758787,0.036486241213
1024,13370369,13057,5,0.75,5055,0.387148655893,0.564707977206,0.036492022794
256,3066881,11980,5,0.75,4638,0.387145242070,0.564702997689,0.036497002311
512,6156289,12024,5,0.75,4655,0.387142381903,0.564698825754,0.036501174246
1024,10842113,10588,5,0.75,4099,0.387136380808,0.564690072357,0.036509927643
256,3740161,14610,5,0.75,5656,0.387132101300,0.564683830123,0.036516169877
256,3269377,12771,5,0.75,4944,0.387127084802,0.564676512890,0.036523487110
1024,11384833,11118,5,0.75,4304,0.387119985609,0.564666157770,0.036533842230
512,5610497,10958,5,0.75,4242,0.387114436941,0.564658064298,0.036541935702
512,5658113,11051,5,0.75,4278,0.387114288300,0.564657847485,0.036542152515
512,5855233,11436,5,0.75,4427,0.387110877929,0.564652873004,0.036547126996
1024,14739457,14394,5,0.75,5572,0.387105738502,0.564645376464,0.036554623536
512,7408129,14469,5,0.75,5601,0.387103462575,0.564642056721,0.036557943279
512,6827521,13335,5,0.75,5162,0.387101612298,0.564639357845,0.036560642155
256,2861569,11178,5,0.75,4327,0.387099660047,0.564636510225,0.036563489775
1024,14610433,14268,5,0.75,5523,0.387089991590,0.564622407491,0.036577592509
1024,13642753,13323,5,0.75,5157,0.387074983112,0.564600515623,0.036599484377
256,2652161,10360,5,0.75,4010,0.387065637066,0.564586883167,0.036613116833
512,6274049,12254,5,0.75,4743,0.387057287416,0.564574704090,0.036625295910
512,7409153,14471,5,0.75,5601,0.387049961993,0.564564018982,0.036635981018
512,5360129,10469,5,0.75,4052,0.387047473493,0.564560389173,0.036639610827
512,7057409,13784,5,0.75,5335,0.387042948346,0.564553788642,0.036646211358
256,3659009,14293,5,0.75,5532,0.387042608270,0.564553292596,0.036646707404
512,7569409,14784,5,0.75,5722,0.387040043290,0.564549551230,0.036650448770
256,3322369,12978,5,0.75,5023,0.387039605486,0.564548912635,0.036651087365
1024,10995713,10738,5,0.75,4156,0.387036692121,0.564544663104,0.036655336896
1024,11435009,11167,5,0.75,4322,0.387033222889,0.564539602765,0.036660397235
1024,11892737,11614,5,0.75,4495,0.387032891338,0.564539119154,0.036660880846
512,5930497,11583,5,0.75,4483,0.387032720366,0.564538869769,0.036661130231
512,6140929,11994,5,0.75,4642,0.387026846757,0.564530302326,0.036669697674
256,3121409,12193,5,0.75,4719,0.387025342410,0.564528108035,0.036671891965
512,5721601,11175,5,0.75,4325,0.387024608501,0.564527037531,0.036672962469
256,2864129,11188,5,0.75,4330,0.387021809081,0.564522954204,0.036677045796
256,3603713,14077,5,0.75,5448,0.387014278610,0.564511970007,0.036688029993
512,6994433,13661,5,0.75,5287,0.387014127809,0.564511750043,0.036688249957
512,5764097,11258,5,0.75,4357,0.387013679161,0.564511095631,0.036688904369
256,3839233,14997,5,0.75,5804,0.387010735480,0.564506801879,0.036693198121
256,3771137,14731,5,0.75,5701,0.387006992058,0.564501341597,0.036698658403
256,3687169,14403,5,0.75,5574,0.387002707769,0.564495092391,0.036704907609
512,7326721,14310,5,0.75,5538,0.387002096436,0.564494200680,0.036705799320
256,3095809,12093,5,0.75,4680,0.387000744232,0.564492228310,0.036707771690
1024,14005249,13677,5,0.75,5293,0.387000073115,0.564491249397,0.036708750603
256,2618881,10230,5,0.75,3959,0.386999022483,0.564489716909,0.036710283091
512,5591041,10920,5,0.75,4226,0.386996336996,0.564485799769,0.036714200231
256,2775041,10840,5,0.75,4195,0.386992619926,0.564480377926,0.036719622074
256,3148801,12300,5,0.75,4760,0.386991869919,0.564479283940,0.036720716060
1024,13931521,13605,5,0.75,5265,0.386990077178,0.564476668988,0.036723331012
1024,13505537,13189,5,0.75,5104,0.386989157631,0.564475327707,0.036724672293
1024,15307777,14949,5,0.75,5785,0.386982406850,0.564465480791,0.036734519209
256,2929921,11445,5,0.75,4429,0.386981214504,0.564463741596,0.036736258404
512,6111233,11936,5,0.75,4619,0.386980563003,0.564462791294,0.036737208706
1024,14196737,13864,5,0.75,5365,0.386973456434,0.564452425415,0.036747574585
1024,14006273,13678,5,0.75,5293,0.386971779500,0.564449979383,0.036750020617
256,2797057,10926,5,0.75,4228,0.386966868021,0.564442815336,0.036757184664
256,3459329,13513,5,0.75,5229,0.386960704507,0.564433825028,0.036766174972
512,7208449,14079,5,0.75,5448,0.386959301087,0.564431777952,0.036768222048
512,6100993,11916,5,0.75,4611,0.386958710977,0.564430917198,0.036769082802
512,5464577,10673,5,0.75,4130,0.386957743840,0.564429506500,0.036770493500
1024,14774273,14428,5,0.75,5583,0.386955919046,0.564426844795,0.036773155205
256,3450113,13477,5,0.75,5215,0.386955553907,0.564426312190,0.036773687810
1024,13152257,12844,5,0.75,4970,0.386951105575,0.564419823704,0.036780176296
512,6865921,13410,5,0.75,5189,0.386950037286,0.564418265462,0.036781734538
256,3681793,14382,5,0.75,5565,0.386942010847,0.564406557830,0.036793442170
1024,14663681,14320,5,0.75,5541,0.386941340782,0.564405580451,0.036794419549
512,6326273,12356,5,0.75,4781,0.386937520233,0.564400007671,0.036799992329
256,3394049,13258,5,0.75,5130,0.386936189471,0.564398066576,0.036801933424
512,6317057,12338,5,0.75,4774,0.386934673367,0.564395855136,0.036804144864
256,3295489,12873,5,0.75,4981,0.386933892644,0.564394716347,0.036805283653
256,3647489,14248,5,0.75,5513,0.386931499158,0.564391225129,0.036808774871
1024,10967041,10710,5,0.75,4144,0.386928104575,0.564386273677,0.036813726323
256,3724289,14548,5,0.75,5629,0.386926037943,0.564383259219,0.036816740781
256,3410689,13323,5,0.75,5155,0.386924866772,0.564381550909,0.036818449091
512,7242241,14145,5,0.75,5473,0.386921173560,0.564376163866,0.036823836134
256,3702529,14463,5,0.75,5596,0.386918343359,0.564372035641,0.036827964359
256,3072001,12000,5,0.75,4643,0.386916666667,0.564369589961,0.036830410039
256,3801857,14851,5,0.75,5746,0.386909972392,0.564359825469,0.036840174531
512,6320129,12344,5,0.75,4776,0.386908619572,0.564357852200,0.036842147800
1024,14469121,14130,5,0.75,5467,0.386907289455,0.564355912047,0.036844087953
512,5763073,11256,5,0.75,4355,0.386904761905,0.564352225278,0.036847774722
1024,12743681,12445,5,0.75,4815,0.386902370430,0.564348736992,0.036851263008
256,3291137,12856,5,0.75,4974,0.386901057872,0.564346822451,0.036853177549
512,5362177,10473,5,0.75,4052,0.386899646711,0.564344764084,0.036855235916
1024,10488833,10243,5,0.75,3963,0.386898369618,0.564342901275,0.036857098725
256,3511553,13717,5,0.75,5307,0.386892177590,0.564333869375,0.036866130625
512,7508993,14666,5,0.75,5674,0.386881221874,0.564317889001,0.036882110999
256,3356161,13110,5,0.75,5072,0.386880244088,0.564316462771,0.036883537229
256,2852609,11143,5,0.75,4311,0.386879655389,0.564315604074,0.036884395926
512,5243393,10241,5,0.75,3962,0.386876281613,0.564310682972,0.036889317028
1024,14166017,13834,5,0.75,5352,0.386872921787,0.564305782217,0.036894217783
256,3470081,13555,5,0.75,5244,0.386868314275,0.564299061546,0.036900938454
512,7068673,13806,5,0.75,5341,0.386860785166,0.564288079335,0.036911920665
256,3183617,12436,5,0.75,4811,0.386860726922,0.564287994379,0.036912005621
1024,10746881,10495,5,0.75,4060,0.386850881372,0.564273633331,0.036926366669
256,3588097,14016,5,0.75,5422,0.386843607306,0.564263023134,0.036936976866
1024,14672897,14329,5,0.75,5543,0.386837881220,0.564254670874,0.036945329126
1024,14328833,13993,5,0.75,5413,0.386836275280,0.564252328397,0.036947671603
512,7582721,14810,5,0.75,5729,0.386833220797,0.564247873025,0.036952126975
512,5209601,10175,5,0.75,3936,0.386830466830,0.564243855997,0.036956144003
512,6584833,12861,5,0.75,4975,0.386828395926,0.564240835306,0.036959164694
256,2608129,10188,5,0.75,3941,0.386827640361,0.564239733215,0.036960266785
512,6435329,12569,5,0.75,4862,0.386824727504,0.564235484424,0.036964515576
1024,12807169,12507,5,0.75,4838,0.386823378908,0.564233517316,0.036966482684
1024,14128129,13797,5,0.75,5337,0.386823222440,0.564233289087,0.036966710913
256,3657217,14286,5,0.75,5526,0.386812263755,0.564217304382,0.036982695618
512,7164929,13994,5,0.75,5413,0.386808632271,0.564212007379,0.036987992621
256,2987521,11670,5,0.75,4514,0.386803770351,0.564204915620,0.036995084380
1024,10624001,10375,5,0.75,4013,0.386795180723,0.564192386501,0.037007613499
256,3063041,11965,5,0.75,4628,0.386794818220,0.564191857742,0.037008142258
256,3534337,13806,5,0.75,5340,0.386788352890,0.564182427196,0.037017572804
1024,10473473,10228,5,0.75,3956,0.386781384435,0.564172262774,0.037027737226
512,5383681,10515,5,0.75,4067,0.386780789349,0.564171394761,0.037028605239
1024,12856321,12555,5,0.75,4856,0.386778176025,0.564167582881,0.037032417119
1024,15117313,14763,5,0.75,5710,0.386777755199,0.564166969049,0.037033030951
512,6016513,11751,5,0.75,4545,0.386775593567,0.564163816020,0.037036183980
256,3310849,12933,5,0.75,5002,0.386762545426,0.564144783566,0.037055216434
1024,14662657,14319,5,0.75,5538,0.386758851875,0.564139396029,0.037060603971
256,2803201,10950,5,0.75,4235,0.386757990868,0.564138140134,0.037061859866
256,3630593,14182,5,0.75,5485,0.386757862079,0.564137952278,0.037062047722
512,5203969,10164,5,0.75,3931,0.386757182212,0.564136960602,0.037063039398
1024,15123457,14769,5,0.75,5712,0.386756043063,0.564135299002,0.037064700998
256,2643713,10327,5,0.75,3994,0.386753171299,0.564131110150,0.037068889850
512,6223873,12156,5,0.75,4701,0.386722606120,0.564086526759,0.037113473241
256,3589889,14023,5,0.75,5423,0.386721814162,0.564085371582,0.037114628418
1024,14155777,13824,5,0.75,5346,0.386718750000,0.564080902092,0.037119097908
256,3654913,14277,5,0.75,5521,0.386705890593,0.564062144932,0.037137855068
256,2633473,10287,5,0.75,3978,0.386701662292,0.564055977390,0.037144022610
256,3356417,13111,5,0.75,5070,0.386698192358,0.564050916028,0.037149083972
256,3598081,14055,5,0.75,5435,0.386695126290,0.564046443758,0.037153556242
1024,11201537,10939,5,0.75,4230,0.386689825395,0.564038711697,0.037161288303
256,3688193,14407,5,0.75,5571,0.386687027140,0.564034630067,0.037165369933
1024,11381761,11115,5,0.75,4298,0.386684660369,0.564031177816,0.037168822184
512,6517249,12729,5,0.75,4922,0.386676093959,0.564018682564,0.037181317436
1024,10436609,10192,5,0.75,3941,0.386675824176,0.564018289050,0.037181710950
512,7413761,14480,5,0.75,5599,0.386671270718,0.564011647224,0.037188352776
1024,11289601,11025,5,0.75,4263,0.386666666667,0.564004931600,0.037195068400
512,6234113,12176,5,0.75,4708,0.386662286465,0.563998542492,0.037201457508
512,6195713,12101,5,0.75,4679,0.386662259317,0.563998502893,0.037201497107
256,2597377,10146,5,0.75,3923,0.386654839346,0.563987679874,0.037212320126
256,3562753,13917,5,0.75,5381,0.386649421571,0.563979777327,0.037220222673
1024,13265921,12955,5,0.75,5009,0.386646082594,0.563974906983,0.037225093017
512,6707201,13100,5,0.75,5065,0.386641221374,0.563967816246,0.037232183754
512,5945857,11613,5,0.75,4490,0.386635666925,0.563959714341,0.037240285659
1024,11046913,10788,5,0.75,4171,0.386633296255,0.563956256402,0.037243743598
1024,10509313,10263,5,0.75,3968,0.386631589204,0.563953766440,0.037246233560
256,3136513,12252,5,0.75,4737,0.386630754163,0.563952548421,0.037247451579
1024,13526017,13209,5,0.75,5107,0.386630327807,0.563951926524,0.037248073476
256,3280897,12816,5,0.75,4955,0.386626092385,0.563945748596,0.037254251404
512,7075841,13820,5,0.75,5343,0.386613603473,0.563927531852,0.037272468148
512,6240257,12188,5,0.75,4712,0.386609780112,0.563921954969,0.037278045031
1024,15121409,14767,5,0.75,5709,0.386605268504,0.563915374187,0.037284625813
256,3810817,14886,5,0.75,5755,0.386604863630,0.563914783625,0.037285216375
256,3198977,12496,5,0.75,4831,0.386603713188,0.563913105551,0.037286894449
512,7352833,14361,5,0.75,5552,0.386602604275,0.563911488054,0.037288511946
512,7587329,14819,5,0.75,5729,0.386598285984,0.563905189250,0.037294810750
512,6700033,13086,5,0.75,5059,0.386596362525,0.563902383628,0.037297616372
512,6882817,13443,5,0.75,5197,0.386595254036,0.563900766748,0.037299233252
512,6733313,13151,5,0.75,5084,0.386586571363,0.563888101912,0.037311898088
512,5647361,11030,5,0.75,4264,0.386582048957,0.563881505380,0.037318494620
256,3326977,12996,5,0.75,5024,0.386580486303,0.563879226041,0.037320773959
512,6423553,12546,5,0.75,4850,0.386577395186,0.563874717233,0.037325282767
256,2921729,11413,5,0.75,4412,0.386576710768,0.563873718919,0.037326281081
1024,13424641,13110,5,0.75,5068,0.386575133486,0.563871418242,0.037328581758
512,6452737,12603,5,0.75,4872,0.386574625089,0.563870676677,0.037329323323
512,6885889,13449,5,0.75,5199,0.386571492304,0.563866107092,0.037333892908
256,2893313,11302,5,0.75,4369,0.386568748894,0.563862105463,0.037337894537
256,3500033,13672,5,0.75,5285,0.386556465769,0.563844188886,0.037355811114
1024,15200257,14844,5,0.75,5738,0.386553489625,0.563839847783,0.037360152217
256,3182849,12433,5,0.75,4806,0.386551918282,0.563837555769,0.037362444231
512,6167041,12045,5,0.75,4656,0.386550435866,0.563835393467,0.037364606533
512,5984257,11688,5,0.75,4518,0.386550308008,0.563835206970,0.037364793030
1024,15316993,14958,5,0.75,5782,0.386549003878,0.563833304721,0.037366695279
512,5478401,10700,5,0.75,4136,0.386542056075,0.563823170424,0.037376829576
256,3804929,14863,5,0.75,5745,0.386530310166,0.563806037449,0.037393962551
256,3320833,12972,5,0.75,5014,0.386524822695,0.563798033240,0.037401966760
256,3136769,12253,5,0.75,4736,0.386517587530,0.563787479785,0.037412520215
1024,13381633,13068,5,0.75,5051,0.386516681971,0.563786158908,0.037413841092
256,2790401,10900,5,0.75,4213,0.386513761468,0.563781898964,0.037418101036
256,3662081,14305,5,0.75,5529,0.386508213911,0.563773807112,0.037426192888
1024,11246593,10983,5,0.75,4245,0.386506419011,0.563771189011,0.037428810989
256,3360769,13128,5,0.75,5074,0.386502132846,0.563764937067,0.037435062933
512,7659521,14960,5,0.75,5782,0.386497326203,0.563757925937,0.037442074063
512,7492609,14634,5,0.75,5656,0.386497198305,0.563757739381,0.037442260619
1024,14651393,14308,5,0.75,5530,0.386497064579,0.563757544324,0.037442455676
256,3056129,11938,5,0.75,4614,0.386496900653,0.563757305216,0.037442694784
1024,14150657,13819,5,0.75,5341,0.386496852160,0.563757234482,0.037442765518
1024,13861889,13537,5,0.75,5232,0.386496269484,0.563756384571,0.037443615429
512,5913601,11550,5,0.75,4464,0.386493506494,0.563752354381,0.037447645619
512,5471233,10686,5,0.75,4130,0.386486992326,0.563742852599,0.037457147401
1024,14103553,13773,5,0.75,5323,0.386480795760,0.563733814080,0.037466185920
512,5725697,11183,5,0.75,4322,0.386479477779,0.563731891628,0.037468108372
256,3150337,12306,5,0.75,4756,0.386478140744,0.563729941385,0.037470058615
1024,11017217,10759,5,0.75,4158,0.386467143787,0.563713900855,0.037486099145
1024,13857793,13533,5,0.75,5230,0.386462720757,0.563707449275,0.037492550725
512,7578113,14801,5,0.75,5720,0.386460374299,0.563704026654,0.037495973346
256,3554561,13885,5,0.75,5366,0.386460208858,0.563703785337,0.037496214663
512,6130177,11973,5,0.75,4627,0.386452852251,0.563693054743,0.037506945257
512,6853633,13386,5,0.75,5173,0.386448528313,0.563686747703,0.037513252297
256,2910209,11368,5,0.75,4393,0.386435608726,0.563667902761,0.037532097239
1024,14187521,13855,5,0.75,5354,0.386430891375,0.563661021875,0.037538978125
512,5409793,10566,5,0.75,4083,0.386428165815,0.563657046282,0.037542953718
256,3240961,12660,5,0.75,4892,0.386413902054,0.563636240683,0.037563759317
512,5237761,10230,5,0.75,3953,0.386412512219,0.563634213423,0.037565786577
1024,11453441,11185,5,0.75,4322,0.386410371033,0.563631090217,0.037568909783
512,6501889,12699,5,0.75,4907,0.386408378612,0.563628184007,0.037571815993
1024,10515457,10269,5,0.75,3968,0.386405687019,0.563624257959,0.037575742041
512,5782529,11294,5,0.75,4364,0.386399858332,0.563615756040,0.037584243960
1024,14814209,14467,5,0.75,5590,0.386396626806,0.563611042428,0.037588957572
512,7645697,14933,5,0.75,5770,0.386392553405,0.563605100830,0.037594899170
256,3652609,14268,5,0.75,5513,0.386389122512,0.563600096414,0.037599903586
256,3068929,11988,5,0.75,4632,0.386386386386,0.563596105410,0.037603894590
512,6324737,12353,5,0.75,4773,0.386383874363,0.563592441288,0.037607558712
512,6894593,13466,5,0.75,5203,0.386380513887,0.563587539586,0.037612460414
512,5386753,10521,5,0.75,4065,0.386370116909,0.563572374206,0.037627625794
512,6220289,12149,5,0.75,4694,0.386369248498,0.563571107513,0.037628892487
1024,11913217,11634,5,0.75,4495,0.386367543407,0.563568620410,0.037631379590
512,6587393,12866,5,0.75,4971,0.386367169283,0.563568074701,0.037631925299
1024,13453313,13138,5,0.75,5076,0.386360176587,0.563557874920,0.037642125080
256,3228161,12610,5,0.75,4872,0.386360031721,0.563557663613,0.037642336387
256,3749633,14647,5,0.75,5659,0.386358981361,0.563556131524,0.037643868476
256,3152641,12315,5,0.75,4758,0.386358099878,0.563554845763,0.037645154237
1024,13570049,13252,5,0.75,5120,0.386356776336,0.563552915200,0.037647084800
512,5410817,10568,5,0.75,4083,0.386355034065,0.563550373866,0.037649626134
512,5485057,10713,5,0.75,4139,0.386353029030,0.563547449255,0.037652550745
1024,12420097,12129,5,0.75,4686,0.386346772199,0.563538322831,0.037661677169
1024,14063617,13734,5,0.75,5306,0.386340468909,0.563529128642,0.037670871358
256,3356929,13113,5,0.75,5066,0.386334172196,0.563519944045,0.037680055955
512,7380481,14415,5,0.75,5569,0.386333680194,0.563519226395,0.037680773605
256,3555073,13887,5,0.75,5365,0.386332541226,0.563517565058,0.037682434942
256,3146497,12291,5,0.75,4748,0.386298917907,0.563468520961,0.037731479039
512,7308289,14274,5,0.75,5514,0.386296763346,0.563465378246,0.037734621754
256,2721793,10632,5,0.75,4107,0.386286681716,0.563450672843,0.037749327157
512,6510593,12716,5,0.75,4912,0.386284995282,0.563448212954,0.037751787046
1024,11759617,11484,5,0.75,4436,0.386276558690,0.563435907060,0.037764092940
1024,14235649,13902,5,0.75,5370,0.386275356064,0.563434152868,0.037765847132
512,5796353,11321,5,0.75,4373,0.386273297412,0.563431150050,0.037768849950
1024,14742529,14397,5,0.75,5561,0.386261026603,0.563413251437,0.037786748563
256,3002369,11728,5,0.75,4530,0.386255115962,0.563404629979,0.037795370021
512,5218817,10193,5,0.75,3937,0.386245462572,0.563390549222,0.037809450778
256,2973953,11617,5,0.75,4487,0.386244297151,0.563388849299,0.037811150701
1024,14438401,14100,5,0.75,5446,0.386241134752,0.563384236518,0.037815763482
512,7068161,13805,5,0.75,5332,0.386236870699,0.563378016828,0.037821983172
1024,13465601,13150,5,0.75,5079,0.386235741445,0.563376369660,0.037823630340
1024,14550017,14209,5,0.75,5488,0.386234076993,0.563373941836,0.037826058164
1024,14189569,13857,5,0.75,5352,0.386230785884,0.563369141314,0.037830858686
256,2598913,10152,5,0.75,3921,0.386229314421,0.563366994988,0.037833005012
1024,12177409,11892,5,0.75,4593,0.386226034309,0.563362210507,0.037837789493
512,6673409,13034,5,0.75,5034,0.386220653675,0.563354362134,0.037845637866
512,6857729,13394,5,0.75,5173,0.386217709422,0.563350067549,0.037849932451
512,6441473,12581,5,0.75,4859,0.386217311819,0.563349487592,0.037850512408
512,6247937,12203,5,0.75,4713,0.386216504138,0.563348309481,0.037851690519
1024,10398721,10155,5,0.75,3922,0.386213687839,0.563344201532,0.037855798468
512,7329793,14316,5,0.75,5529,0.386211232188,0.563340619638,0.037859380362
256,3727873,14562,5,0.75,5624,0.386210685345,0.563339821996,0.037860178004
512,5271041,10295,5,0.75,3976,0.386206896552,0.563334295534,0.037865704466
1024,13745153,13423,5,0.75,5184,0.386202786262,0.563328300129,0.037871699871
512,6789121,13260,5,0.75,5121,0.386199095023,0.563322915963,0.037877084037
1024,11112449,10852,5,0.75,4191,0.386196092886,0.563318536946,0.037881463054
256,3472897,13566,5,0.75,5239,0.386186053369,0.563303892971,0.037896107029
512,7152641,13970,5,0.75,5395,0.386184681460,0.563301891859,0.037898108141
1024,13345793,13033,5,0.75,5033,0.386173559426,0.563285668888,0.037914331112
256,3690497,14416,5,0.75,5567,0.386168146504,0.563277773419,0.037922226581
1024,13754369,13432,5,0.75,5187,0.386167361525,0.563276628422,0.037923371578
512,5853697,11433,5,0.75,4415,0.386162861891,0.563270065106,0.037929934894
1024,14208001,13875,5,0.75,5358,0.386162162162,0.563269044458,0.037930955542
1024,15016961,14665,5,0.75,5663,0.386157517900,0.563262270181,0.037937729819
512,6581761,12855,5,0.75,4964,0.386153247764,0.563256041618,0.037943958382
256,3580673,13987,5,0.75,5401,0.386144276828,0.563242956312,0.037957043688
1024,14355457,14019,5,0.75,5413,0.386118838719,0.563205851434,0.037994148566
256,3511297,13716,5,0.75,5296,0.386118401866,0.563205214227,0.037994785773
512,5752321,11235,5,0.75,4338,0.386114819760,0.563199989246,0.038000010754
256,3665153,14317,5,0.75,5528,0.386114409443,0.563199390745,0.038000609255
256,3686401,14400,5,0.75,5560,0.386111111111,0.563194579687,0.038005420313
1024,14273537,13939,5,0.75,5382,0.386110911830,0.563194289009,0.038005710991
512,6716417,13118,5,0.75,5065,0.386110687605,0.563193961947,0.038006038053
512,5587969,10914,5,0.75,4214,0.386109584021,0.563192352222,0.038007647778
512,5162497,10083,5,0.75,3893,0.386095408113,0.563171674769,0.038028325231
512,5483521,10710,5,0.75,4135,0.386087768441,0.563160531288,0.038039468712
512,5865473,11456,5,0.75,4423,0.386085893855,0.563157796954,0.038042203046
512,6108161,11930,5,0.75,4606,0.386085498743,0.563157220630,0.038042779370
512,7667713,14976,5,0.75,5782,0.386084401709,0.563155620461,0.038044379539
256,2575361,10060,5,0.75,3884,0.386083499006,0.563154303747,0.038045696253
1024,14287873,13953,5,0.75,5387,0.386081846198,0.563151892906,0.038048107094
256,3038209,11868,5,0.75,4582,0.386080215706,0.563149514616,0.038050485384
512,7552513,14751,5,0.75,5695,0.386075520304,0.563142665745,0.038057334255
512,6145537,12003,5,0.75,4634,0.386070149129,0.563134831171,0.038065168829
1024,10713089,10462,5,0.75,4039,0.386063850124,0.563125643231,0.038074356769
1024,14370817,14034,5,0.75,5418,0.386062419838,0.563123556967,0.038076443033
512,5596673,10931,5,0.75,4220,0.386058000183,0.563117110311,0.038082889689
1024,13511681,13195,5,0.75,5094,0.386055323986,0.563113206721,0.038086793279
1024,15281153,14923,5,0.75,5761,0.386048381693,0.563103080460,0.038096919540
256,3273217,12786,5,0.75,4936,0.386047239168,0.563101413935,0.038098586065
256,2729473,10662,5,0.75,4116,0.386043894204,0.563096534858,0.038103465142
512,7343617,14343,5,0.75,5537,0.386041971694,0.563093730620,0.038106269380
512,5463041,10670,5,0.75,4119,0.386035613871,0.563084456887,0.038115543113
512,7552001,14750,5,0.75,5694,0.386033898305,0.563081954506,0.038118045494
512,6678017,13043,5,0.75,5035,0.386030821130,0.563077466036,0.038122533964
256,3374849,13183,5,0.75,5089,0.386027459607,0.563072562806,0.038127437194
1024,15133697,14779,5,0.75,5705,0.386020705054,0.563062710390,0.038137289610
512,5578753,10896,5,0.75,4206,0.386013215859,0.563051786399,0.038148213601
256,2634241,10290,5,0.75,3972,0.386005830904,0.563041014456,0.038158985544
256,3402241,13290,5,0.75,5130,0.386004514673,0.563039094557,0.038160905443
256,3111169,12153,5,0.75,4691,0.385995227516,0.563025548000,0.038174452000
512,7625729,14894,5,0.75,5749,0.385994360145,0.563024282824,0.038175717176
256,2565377,10021,5,0.75,3868,0.385989422213,0.563017080191,0.038182919809
1024,14949377,14599,5,0.75,5635,0.385985341462,0.563011127870,0.038188872130
256,3616001,14125,5,0.75,5452,0.385982300885,0.563006692783,0.038193307217
256,2702081,10555,5,0.75,4074,0.385978209379,0.563000724777,0.038199275223
256,3267841,12765,5,0.75,4927,0.385977281629,0.562999371530,0.038200628470
256,3428353,13392,5,0.75,5169,0.385976702509,0.562998526805,0.038201473195
1024,14880769,14532,5,0.75,5609,0.385975777594,0.562997177694,0.038202822306
256,2689537,10506,5,0.75,4055,0.385969921949,0.562988636454,0.038211363546
512,6624769,12939,5,0.75,4994,0.385964912281,0.562981329184,0.038218670816
256,2659073,10387,5,0.75,4009,0.385963223260,0.562978865521,0.038221134479
256,3573761,13960,5,0.75,5388,0.385959885387,0.562973996788,0.038226003212
256,3350273,13087,5,0.75,5051,0.385955528387,0.562967641523,0.038232358477
1024,10994689,10737,5,0.75,4144,0.385955108503,0.562967029066,0.038232970934
256,3279361,12810,5,0.75,4944,0.385948477752,0.562957357230,0.038242642770
1024,15083521,14730,5,0.75,5685,0.385947046843,0.562955270059,0.038244729941
1024,13229057,12919,5,0.75,4986,0.385943184457,0.562949636253,0.038250363747
1024,12380161,12090,5,0.75,4666,0.385938792390,0.562943229838,0.038256770162
512,5249537,10253,5,0.75,3957,0.385935823661,0.562938899551,0.038261100449
512,7504897,14658,5,0.75,5657,0.385932596534,0.562934192355,0.038265807645
256,2587649,10108,5,0.75,3901,0.385931935101,0.562933227566,0.038266772434
256,3115009,12168,5,0.75,4696,0.385930309007,0.562930855692,0.038269144308
256,3673601,14350,5,0.75,5538,0.385923344948,0.562920697682,0.038279302318
1024,13535233,13218,5,0.75,5101,0.385913148737,0.562905825147,0.038294174853
512,7021057,13713,5,0.75,5292,0.385911179173,0.562902952276,0.038297047724
1024,14795777,14449,5,0.75,5576,0.385909059450,0.562899860378,0.038300139622
1024,14387201,14050,5,0.75,5422,0.385907473310,0.562897546780,0.038302453220
512,6607361,12905,5,0.75,4980,0.385896939171,0.562882181332,0.038317818668
512,7201793,14066,5,0.75,5428,0.385895066117,0.562879449233,0.038320550767
256,3532033,13797,5,0.75,5324,0.385880988621,0.562858915327,0.038341084673
512,6200321,12110,5,0.75,4673,0.385879438481,0.562856654240,0.038343345760
256,2726657,10651,5,0.75,4110,0.385879260163,0.562856394141,0.038343605859
256,3175169,12403,5,0.75,4786,0.385874385229,0.562849283399,0.038350716601
512,5993473,11706,5,0.75,4517,0.385870493764,0.562843607177,0.038356392823
1024,10362881,10120,5,0.75,3905,0.385869565217,0.562842252768,0.038357747232
256,2641153,10317,5,0.75,3981,0.385867984879,0.562839947635,0.038360052365
1024,12650497,12354,5,0.75,4767,0.385866925692,0.562838402669,0.038361597331
256,3292673,12862,5,0.75,4963,0.385865339761,0.562836089376,0.038363910624
256,3151361,12310,5,0.75,4750,0.385865150284,0.562835812999,0.038364187001
1024,10909697,10654,5,0.75,4111,0.385864464051,0.562834812037,0.038365187963
1024,12393473,12103,5,0.75,4670,0.385854746757,0.562820638067,0.038379361933
1024,14636033,14293,5,0.75,5515,0.385853214860,0.562818403591,0.038381596409
256,2710273,10587,5,0.75,4085,0.385850571456,0.562814547832,0.038385452168
512,6230017,12168,5,0.75,4695,0.385848126233,0.562810981148,0.038389018852
512,6786049,13254,5,0.75,5114,0.385845782405,0.562807562363,0.038392437637
1024,14118913,13788,5,0.75,5320,0.385842761822,0.562803156439,0.038396843561
256,2715649,10608,5,0.75,4093,0.385840874811,0.562800403983,0.038399596017
512,7265281,14190,5,0.75,5475,0.385835095137,0.562791973557,0.038408026443
256,2836481,11080,5,0.75,4275,0.385830324910,0.562785015543,0.038414984457
1024,10703873,10453,5,0.75,4033,0.385822251985,0.562773240105,0.038426759895
512,6555649,12804,5,0.75,4940,0.385816932209,0.562765480502,0.038434519498
512,5385217,10518,5,0.75,4058,0.385814793687,0.562762361182,0.038437638818
1024,14218241,13885,5,0.75,5357,0.385812027368,0.562758326137,0.038441673863
1024,12931073,12628,5,0.75,4872,0.385809312639,0.562754366342,0.038445633658
512,5786113,11301,5,0.75,4360,0.385806565791,0.562750359698,0.038449640302
1024,12971009,12667,5,0.75,4887,0.385805636694,0.562749004486,0.038450995514
256,3323137,12981,5,0.75,5008,0.385794622910,0.562732939413,0.038467060587
256,3258113,12727,5,0.75,4910,0.385793981300,0.562732003538,0.038467996462
1024,10638337,10389,5,0.75,4008,0.385792665319,0.562730084005,0.038469915995
1024,10678273,10428,5,0.75,4023,0.385788262371,0.562723661717,0.038476338283
1024,14752769,14407,5,0.75,5558,0.385784687999,0.562718448019,0.038481551981
256,3284737,12831,5,0.75,4950,0.385784428338,0.562718069268,0.038481930732
256,3021313,11802,5,0.75,4553,0.385782070835,0.562714630537,0.038485369463
512,6524417,12743,5,0.75,4916,0.385780428471,0.562712234928,0.038487765072
1024,15225857,14869,5,0.75,5736,0.385769049701,0.562695637474,0.038504362526
1024,15247361,14890,5,0.75,5744,0.385762256548,0.562685728755,0.038514271245
1024,10872833,10618,5,0.75,4096,0.385760030138,0.562682481238,0.038517518762
512,7661057,14963,5,0.75,5772,0.385751520417,0.562670068675,0.038529931325
512,6890497,13458,5,0.75,5191,0.385718531728,0.562621950270,0.038578049730
1024,11527169,11257,5,0.75,4342,0.385715554766,0.562617607973,0.038582392027
1024,14344193,14008,5,0.75,5403,0.385708166762,0.562606831583,0.038593168417
512,7608833,14861,5,0.75,5732,0.385707556692,0.562605941715,0.038594058285
1024,11907073,11628,5,0.75,4485,0.385706914345,0.562605004766,0.038594995234
256,2760449,10783,5,0.75,4159,0.385699712510,0.562594499930,0.038605500070
512,5195777,10148,5,0.75,3914,0.385691761924,0.562582902938,0.038617097062
512,7513601,14675,5,0.75,5660,0.385689948893,0.562580258390,0.038619741610
256,3563009,13918,5,0.75,5368,0.385687598793,0.562576830456,0.038623169544
256,2757889,10773,5,0.75,4155,0.385686438318,0.562575137749,0.038624862251
1024,10888193,10633,5,0.75,4101,0.385686071664,0.562574602934,0.038625397066
256,2860801,11175,5,0.75,4310,0.385682326622,0.562569140291,0.038630859709
512,7580161,14805,5,0.75,5710,0.385680513340,0.562566495378,0.038633504622
256,3159553,12342,5,0.75,4760,0.385674931129,0.562558352979,0.038641647021
1024,10702849,10452,5,0.75,4031,0.385667814772,0.562547972822,0.038652027178
512,6980609,13634,5,0.75,5258,0.385653513276,0.562527112181,0.038672887819
256,3581953,13992,5,0.75,5396,0.385648942253,0.562520444734,0.038679555266
512,7441409,14534,5,0.75,5605,0.385647447365,0.562518264240,0.038681735760
1024,13539329,13222,5,0.75,5099,0.385645136893,0.562514894109,0.038685105891
256,2848513,11127,5,0.75,4291,0.385638536892,0.562505267127,0.038694732873
1024,13699073,13378,5,0.75,5159,0.385633129018,0.562497379020,0.038702620980
1024,11253761,10990,5,0.75,4238,0.385623293904,0.562483033194,0.038716966806
256,3133441,12240,5,0.75,4720,0.385620915033,0.562479563293,0.038720436707
512,5682689,11099,5,0.75,4280,0.385620326156,0.562478704337,0.038721295663
512,6094337,11903,5,0.75,4590,0.385617071327,0.562473956735,0.038726043265
256,2654209,10368,5,0.75,3998,0.385609567901,0.562463011988,0.038736988012
256,3786241,14790,5,0.75,5703,0.385598377282,0.562446688976,0.038753311024
256,3525377,13771,5,0.75,5310,0.385592912643,0.562438718070,0.038761281930
1024,10444801,10200,5,0.75,3933,0.385588235294,0.562431895534,0.038768104466
1024,13581313,13263,5,0.75,5114,0.385583955365,0.562425652685,0.038774347315
256,2890753,11292,5,0.75,4354,0.385582713425,0.562423841151,0.038776158849
256,3777793,14757,5,0.75,5690,0.385579724876,0.562419481954,0.038780518046
512,7065601,13800,5,0.75,5321,0.385579710145,0.562419460466,0.038780539534
512,5821441,11370,5,0.75,4384,0.385576077397,0.562414161618,0.038785838382
1024,14282753,13948,5,0.75,5378,0.385574992831,0.562412579633,0.038787420367
256,3414017,13336,5,0.75,5142,0.385572885423,0.562409505698,0.038790494302
1024,12644353,12348,5,0.75,4761,0.385568513120,0.562403128110,0.038796871890
256,3791873,14812,5,0.75,5711,0.385565757494,0.562399108663,0.038800891337
256,3532289,13798,5,0.75,5320,0.385563125091,0.562395268951,0.038804731049
512,6071297,11858,5,0.75,4572,0.385562489459,0.562394341797,0.038805658203
512,5990401,11700,5,0.75,4511,0.385555555556,0.562384227774,0.038815772226
256,3469313,13552,5,0.75,5225,0.385551948052,0.562378965749,0.038821034251
1024,11054081,10795,5,0.75,4162,0.385548865215,0.562374469020,0.038825530980
256,3025153,11817,5,0.75,4556,0.385546246932,0.562370649905,0.038829350095
1024,11487233,11218,5,0.75,4325,0.385541094669,0.562363134642,0.038836865358
256,3005953,11742,5,0.75,4527,0.385539090445,0.562360211212,0.038839788788
1024,10533889,10287,5,0.75,3966,0.385535141441,0.562354451063,0.038845548937
1024,12940289,12637,5,0.75,4872,0.385534541426,0.562353575862,0.038846424138
512,6689281,13065,5,0.75,5037,0.385533869116,0.562352595208,0.038847404792
1024,10300417,10059,5,0.75,3878,0.385525400139,0.562340242075,0.038859757925
256,3819521,14920,5,0.75,5752,0.385522788204,0.562336432219,0.038863567781
256,3365377,13146,5,0.75,5068,0.385516506922,0.562327270132,0.038872729868
1024,11225089,10962,5,0.75,4226,0.385513592410,0.562323018927,0.038876981073
512,6685697,13058,5,0.75,5034,0.385510797978,0.562318942875,0.038881057125
512,6084097,11883,5,0.75,4581,0.385508709922,0.562315897166,0.038884102834
512,6939649,13554,5,0.75,5225,0.385495056810,0.562295982280,0.038904017720
1024,10319873,10078,5,0.75,3885,0.385493153403,0.562293205908,0.038906794092
1024,12777473,12478,5,0.75,4810,0.385478442058,0.562271747448,0.038928252552
512,5145601,10050,5,0.75,3874,0.385472636816,0.562263279727,0.038936720273
512,6412801,12525,5,0.75,4828,0.385469061876,0.562258065201,0.038941934799
512,5726209,11184,5,0.75,4311,0.385461373391,0.562246850518,0.038953149482
1024,15219713,14863,5,0.75,5729,0.385453811478,0.562235820460,0.038964179540
256,3487489,13623,5,0.75,5251,0.385451075387,0.562231829506,0.038968170494
256,2888449,11283,5,0.75,4349,0.385447132855,0.562226078797,0.038973921203
256,2872577,11221,5,0.75,4325,0.385438018002,0.562212783567,0.038987216433
1024,12906497,12604,5,0.75,4858,0.385433195811,0.562205749758,0.038994250242
512,7177217,14018,5,0.75,5403,0.385433014695,0.562205485577,0.038994514423
256,3022081,11805,5,0.75,4550,0.385429902584,0.562200946147,0.038999053853
1024,14617601,14275,5,0.75,5502,0.385429071804,0.562199734344,0.039000265656
1024,11304961,11040,5,0.75,4255,0.385416666667,0.562181639796,0.039018360204
512,7452673,14556,5,0.75,5610,0.385408079143,0.562169113746,0.039030886254
512,6567937,12828,5,0.75,4944,0.385406922357,0.562167426420,0.039032573580
1024,12942337,12639,5,0.75,4871,0.385394414115,0.562149181480,0.039050818520
512,7556609,14759,5,0.75,5688,0.385391964225,0.562145607988,0.039054392012
512,6238721,12185,5,0.75,4696,0.385391875256,0.562145478216,0.039054521784
1024,11717633,11443,5,0.75,4410,0.385388447086,0.562140477771,0.039059522229
512,7026689,13724,5,0.75,5289,0.385383270184,0.562132926569,0.039067073431
256,2577409,10068,5,0.75,3880,0.385379419944,0.562127310481,0.039072689519
512,5784577,11298,5,0.75,4354,0.385377942999,0.562125156159,0.039074843841
1024,13817857,13494,5,0.75,5200,0.385356454721,0.562093812638,0.039106187362
512,6446593,12591,5,0.75,4852,0.385354618378,0.562091134087,0.039108865913
1024,13339649,13027,5,0.75,5020,0.385353496584,0.562089497801,0.039110502199
512,6704641,13095,5,0.75,5046,0.385337915235,0.562066770323,0.039133229677
512,6114817,11943,5,0.75,4602,0.385330319015,0.562055690224,0.039144309776
256,3161089,12348,5,0.75,4758,0.385325558795,0.562048746807,0.039151253193
1024,12684289,12387,5,0.75,4773,0.385323322838,0.562045485366,0.039154514634
1024,14911489,14562,5,0.75,5611,0.385317950831,0.562037649576,0.039162350424
256,3436289,13423,5,0.75,5172,0.385308798331,0.562024299434,0.039175700566
512,6258689,12224,5,0.75,4710,0.385307591623,0.562022539289,0.039177460711
512,7289857,14238,5,0.75,5486,0.385306925130,0.562021567120,0.039178432880
512,6048769,11814,5,0.75,4552,0.385305569663,0.562019589991,0.039180410009
512,7664641,14970,5,0.75,5768,0.385303941216,0.562017214683,0.039182785317
1024,11842561,11565,5,0.75,4456,0.385300475573,0.562012159580,0.039187840420
1024,10484737,10239,5,0.75,3945,0.385291532376,0.561999114735,0.039200885265
256,2801921,10945,5,0.75,4217,0.385290086798,0.561997006165,0.039202993835
512,6612481,12915,5,0.75,4976,0.385288424313,0.561994581209,0.039205418791
512,6208513,12126,5,0.75,4672,0.385287811315,0.561993687070,0.039206312930
512,7598593,14841,5,0.75,5718,0.385284010511,0.561988143091,0.039211856909
512,5677057,11088,5,0.75,4272,0.385281385281,0.561984313843,0.039215686157
512,6578177,12848,5,0.75,4950,0.385273972603,0.561973501462,0.039226498538
512,5819393,11366,5,0.75,4379,0.385271863452,0.561970424985,0.039229575015
1024,13919233,13593,5,0.75,5237,0.385271831090,0.561970377779,0.039229622221
1024,13597697,13279,5,0.75,5116,0.385269975149,0.561967670642,0.039232329358
1024,15203329,14847,5,0.75,5720,0.385263016098,0.561957519937,0.039242480063
1024,11886593,11608,5,0.75,4472,0.385251550655,0.561940796059,0.039259203941
256,2572289,10048,5,0.75,3871,0.385250796178,0.561939695554,0.039260304446
1024,12814337,12514,5,0.75,4821,0.385248521656,0.561936377859,0.039263622141
512,7259137,14178,5,0.75,5462,0.385244745380,0.561930869658,0.039269130342
512,7091713,13851,5,0.75,5336,0.385242942748,0.561928240278,0.039271759722
256,2678017,10461,5,0.75,4030,0.385240416786,0.561924555826,0.039275444174
512,6263809,12234,5,0.75,4713,0.385237861697,0.561920828887,0.039279171113
1024,11693057,11419,5,0.75,4399,0.385235134425,0.561916850797,0.039283149203
256,3023617,11811,5,0.75,4550,0.385234103802,0.561915347495,0.039284652505
1024,14909441,14560,5,0.75,5609,0.385233516484,0.561914490813,0.039285509187
256,2949889,11523,5,0.75,4439,0.385229540918,0.561908691921,0.039291308079
512,6225409,12159,5,0.75,4684,0.385229048441,0.561907973578,0.039292026422
1024,12387329,12097,5,0.75,4660,0.385219475903,0.561894010753,0.039305989247
1024,10258433,10018,5,0.75,3859,0.385206628069,0.561875270473,0.039324729527
256,2737409,10693,5,0.75,4119,0.385205274479,0.561873296081,0.039326703919
256,3339521,13045,5,0.75,5025,0.385205059410,0.561872982374,0.039327017626
256,3408641,13315,5,0.75,5129,0.385204656403,0.561872394534,0.039327605466
256,2650369,10353,5,0.75,3988,0.385202356805,0.561869040264,0.039330959736
1024,10997761,10740,5,0.75,4137,0.385195530726,0.561859083517,0.039340916483
512,6658049,13004,5,0.75,5009,0.385189172562,0.561849809287,0.039350190713
1024,12298241,12010,5,0.75,4626,0.385179017485,0.561834996752,0.039365003248
1024,11468801,11200,5,0.75,4314,0.385178571429,0.561834346119,0.039365653881
1024,13444097,13129,5,0.75,5057,0.385177850560,0.561833294635,0.039366705365
512,6304769,12314,5,0.75,4743,0.385171349683,0.561823812239,0.039376187761
512,7229953,14121,5,0.75,5439,0.385171021882,0.561823334098,0.039376665902
1024,11155457,10894,5,0.75,4196,0.385166146503,0.561816222706,0.039383777294
1024,12466177,12174,5,0.75,4689,0.385165105964,0.561814704941,0.039385295059
1024,11610113,11338,5,0.75,4367,0.385164932087,0.561814451319,0.039385548681
1024,10490881,10245,5,0.75,3946,0.385163494388,0.561812354242,0.039387645758
1024,12599297,12304,5,0.75,4739,0.385159297789,0.561806232944,0.039393767056
1024,12902401,12600,5,0.75,4853,0.385158730159,0.561805404979,0.039394595021
256,3550721,13870,5,0.75,5342,0.385147801009,0.561789463356,0.039410536644
1024,11358209,11092,5,0.75,4272,0.385142445005,0.561781650910,0.039418349090
512,6008833,11736,5,0.75,4520,0.385139740968,0.561777706710,0.039422293290
256,2939393,11482,5,0.75,4422,0.385124542763,0.561755538100,0.039444461900
256,2966017,11586,5,0.75,4462,0.385119972380,0.561748871587,0.039451128413
256,2786561,10885,5,0.75,4192,0.385117133670,0.561744730950,0.039455269050
1024,14172161,13840,5,0.75,5330,0.385115606936,0.561742504005,0.039457495995
1024,12215297,11929,5,0.75,4594,0.385111912147,0.561737114661,0.039462885339
512,5412353,10571,5,0.75,4071,0.385110207171,0.561734627726,0.039465372274
256,3390209,13243,5,0.75,5100,0.385109114249,0.561733033554,0.039466966446
256,2787329,10888,5,0.75,4193,0.385102865540,0.561723918978,0.039476081022
1024,14361601,14025,5,0.75,5401,0.385098039216,0.561716879140,0.039483120860
512,6086657,11888,5,0.75,4578,0.385094212651,0.561711297585,0.039488702415
1024,14298113,13963,5,0.75,5377,0.385089164220,0.561703933774,0.039496066226
256,2986241,11665,5,0.75,4492,0.385083583369,0.561695793358,0.039504206642
256,3723521,14545,5,0.75,5601,0.385080783774,0.561691709776,0.039508290224
512,5168129,10094,5,0.75,3887,0.385080245691,0.561690924909,0.039509075091
256,2988289,11673,5,0.75,4495,0.385076672663,0.561685713172,0.039514286828
512,6085633,11886,5,0.75,4577,0.385074878008,0.561683095427,0.039516904573
1024,11261953,10998,5,0.75,4235,0.385070012730,0.561675998770,0.039524001230
256,3305473,12912,5,0.75,4972,0.385068153656,0.561673287062,0.039526712938
1024,13283329,12972,5,0.75,4995,0.385060129510,0.561661582775,0.039538417225
512,5345281,10440,5,0.75,4020,0.385057471264,0.561657705369,0.039542294631
256,3082241,12040,5,0.75,4636,0.385049833887,0.561646565235,0.039553434765
256,3198721,12495,5,0.75,4811,0.385034013605,0.561623489243,0.039576510757
256,3353089,13098,5,0.75,5043,0.385020613834,0.561603943889,0.039596056111
1024,14476289,14137,5,0.75,5443,0.385018037773,0.561600186360,0.039599813640
1024,14681089,14337,5,0.75,5520,0.385017786148,0.561599819331,0.039600180669
256,2593793,10132,5,0.75,3901,0.385017765495,0.561599789207,0.039600210793
512,5469697,10683,5,0.75,4113,0.385004212300,0.561580020062,0.039619979938
256,3451649,13483,5,0.75,5191,0.385003337536,0.561578744103,0.039621255897
256,3669761,14335,5,0.75,5519,0.385001743983,0.561576419693,0.039623580307
512,6629377,12948,5,0.75,4985,0.385001544640,0.561576128925,0.039623871075
512,5193217,10143,5,0.75,3905,0.384994577541,0.561565966481,0.039634033519
1024,14605313,14263,5,0.75,5491,0.384982121573,0.561547797790,0.039652202210
512,7607297,14858,5,0.75,5720,0.384977789743,0.561541479237,0.039658520763
512,5506049,10754,5,0.75,4140,0.384973033290,0.561534541316,0.039665458684
1024,11581441,11310,5,0.75,4354,0.384969053935,0.561528736895,0.039671263105
1024,10961921,10705,5,0.75,4121,0.384960298926,0.561515966546,0.039684033454
256,3662849,14308,5,0.75,5508,0.384959463237,0.561514747583,0.039685252417
256,3172097,12391,5,0.75,4770,0.384956823501,0.561510897175,0.039689102825
512,7541249,14729,5,0.75,5670,0.384954850974,0.561508019982,0.039691980018
512,7323137,14303,5,0.75,5506,0.384954205411,0.561507078342,0.039692921658
256,3263233,12747,5,0.75,4907,0.384953322350,0.561505790280,0.039694209720
256,3013889,11773,5,0.75,4532,0.384948611229,0.561498918481,0.039701081519
1024,15019009,14667,5,0.75,5646,0.384945796686,0.561494813095,0.039705186905
512,5221889,10199,5,0.75,3926,0.384939699971,0.561485920221,0.039714079779
512,6125057,11963,5,0.75,4605,0.384936888740,0.561481819667,0.039718180333
1024,15022081,14670,5,0.75,5647,0.384935241990,0.561479417662,0.039720582338
256,3109121,12145,5,0.75,4675,0.384932070811,0.561474792074,0.039725207926
1024,11008001,10750,5,0.75,4138,0.384930232558,0.561472110737,0.039727889263
256,2907649,11358,5,0.75,4372,0.384926923754,0.561467284405,0.039732715595
512,7423489,14499,5,0.75,5581,0.384923098145,0.561461704243,0.039738295757
512,5541377,10823,5,0.75,4166,0.384921001571,0.561458646110,0.039741353890
1024,10931201,10675,5,0.75,4109,0.384918032787,0.561454315742,0.039745684258
512,7296001,14250,5,0.75,5485,0.384912280702,0.561445925559,0.039754074441
256,3701249,14458,5,0.75,5565,0.384908009407,0.561439695305,0.039760304695
1024,13616129,13297,5,0.75,5118,0.384898849365,0.561426334161,0.039773665839
256,3708673,14487,5,0.75,5576,0.384896804031,0.561423350769,0.039776649231
1024,15132673,14778,5,0.75,5688,0.384896467722,0.561422860218,0.039777139782
256,3582977,13996,5,0.75,5387,0.384895684481,0.561421717757,0.039778282243
512,6643201,12975,5,0.75,4994,0.384894026975,0.561419300062,0.039780699938
512,7001089,13674,5,0.75,5263,0.384891034079,0.561414934525,0.039785065475
256,2798849,10933,5,0.75,4208,0.384889783225,0.561413109987,0.039786890013
1024,11932673,11653,5,0.75,4485,0.384879430190,0.561398008703,0.039801991297
256,3591169,14028,5,0.75,5399,0.384873110921,0.561388791207,0.039811208793
1024,11318273,11053,5,0.75,4254,0.384872885190,0.561388461947,0.039811538053
512,6904321,13485,5,0.75,5190,0.384872080089,0.561387287600,0.039812712400
512,6984193,13641,5,0.75,5250,0.384869144491,0.561383005639,0.039816994361
512,5534209,10809,5,0.75,4160,0.384864464798,0.561376179682,0.039823820318
256,3015937,11781,5,0.75,4534,0.384856973092,0.561365252030,0.039834747970
256,3208193,12532,5,0.75,4823,0.384854771784,0.561362041128,0.039837958872
256,3612673,14112,5,0.75,5431,0.384849773243,0.561354750088,0.039845249912
512,6602753,12896,5,0.75,4963,0.384848014888,0.561352185294,0.039847814706
512,7129601,13925,5,0.75,5359,0.384847396768,0.561351283684,0.039848716316
1024,11186177,10924,5,0.75,4204,0.384840717686,0.561341541350,0.039858458650
512,6883841,13445,5,0.75,5174,0.384827073261,0.561321639137,0.039878360863
256,3460609,13518,5,0.75,5202,0.384820239680,0.561311671447,0.039888328553
256,2620417,10236,5,0.75,3939,0.384818288394,0.561308825235,0.039891174765
1024,14499841,14160,5,0.75,5449,0.384816384181,0.561306047686,0.039893952314
512,6474241,12645,5,0.75,4866,0.384816132859,0.561305681100,0.039894318900
1024,14832641,14485,5,0.75,5574,0.384811874353,0.561299469500,0.039900530500
1024,14036993,13708,5,0.75,5275,0.384811788737,0.561299344617,0.039900655383
512,5629441,10995,5,0.75,4231,0.384811277854,0.561298599426,0.039901400574
256,3623681,14155,5,0.75,5447,0.384811020841,0.561298224539,0.039901775461
256,2760193,10782,5,0.75,4149,0.384808013356,0.561293837721,0.039906162279
256,3187969,12453,5,0.75,4792,0.384806873846,0.561292175593,0.039907824407
1024,14684161,14340,5,0.75,5518,0.384797768480,0.561278894202,0.039921105798
512,6499841,12695,5,0.75,4885,0.384797164238,0.561278012835,0.039921987165
256,2659841,10390,5,0.75,3998,0.384793070260,0.561272041221,0.039927958779
512,5734913,11201,5,0.75,4310,0.384787072583,0.561263292809,0.039936707191
512,5337089,10424,5,0.75,4011,0.384785111282,0.561260431990,0.039939568010
512,7534081,14715,5,0.75,5662,0.384777437988,0.561249239467,0.039950760533
512,6105089,11924,5,0.75,4588,0.384770211338,0.561238698434,0.039961301566
512,7141889,13949,5,0.75,5367,0.384758764069,0.561222001064,0.039977998936
256,3046657,11901,5,0.75,4579,0.384757583396,0.561220278895,0.039979721105
1024,13474817,13159,5,0.75,5063,0.384755680523,0.561217503300,0.039982496700
256,3270913,12777,5,0.75,4916,0.384753854582,0.561214839923,0.039985160077
256,2917633,11397,5,0.75,4385,0.384750372905,0.561209761432,0.039990238568
256,3689473,14412,5,0.75,5545,0.384748820427,0.561207496936,0.039992503064
1024,14380033,14043,5,0.75,5403,0.384746848964,0.561204621293,0.039995378707
512,6942721,13560,5,0.75,5217,0.384734513274,0.561186628044,0.040013371956
512,6276097,12258,5,0.75,4716,0.384728340675,0.561177624485,0.040022375515
512,6375937,12453,5,0.75,4791,0.384726571910,0.561175044505,0.040024955495
512,7481857,14613,5,0.75,5622,0.384725928967,0.561174106687,0.040025893313
512,6120449,11954,5,0.75,4599,0.384724778317,0.561172428309,0.040027571691
512,6530561,12755,5,0.75,4907,0.384711877695,0.561153611031,0.040046388969
1024,10782721,10530,5,0.75,4051,0.384710351377,0.561151384692,0.040048615308
512,5202433,10161,5,0.75,3909,0.384706229702,0.561145372679,0.040054627321
256,3394561,13260,5,0.75,5101,0.384690799397,0.561122865520,0.040077134480
1024,13652993,13333,5,0.75,5129,0.384684617115,0.561113847838,0.040086152162
1024,11947009,11667,5,0.75,4488,0.384674723579,0.561099416795,0.040100583205
1024,12865537,12564,5,0.75,4833,0.384670487106,0.561093237333,0.040106762667
1024,12021761,11740,5,0.75,4516,0.384667802385,0.561089321310,0.040110678690
512,7560193,14766,5,0.75,5680,0.384667479344,0.561088850112,0.040111149888
512,6737921,13160,5,0.75,5062,0.384650455927,0.561064019186,0.040135980814
512,7318529,14294,5,0.75,5498,0.384636910592,0.561044261507,0.040155738493
256,3178753,12417,5,0.75,4776,0.384633969558,0.561039971616,0.040160028384
1024,12297217,12009,5,0.75,4619,0.384628195520,0.561031549412,0.040168450588
1024,14693377,14349,5,0.75,5519,0.384626106349,0.561028502077,0.040171497923
256,3677441,14365,5,0.75,5525,0.384615384615,0.561012862998,0.040187137002
1024,15095809,14742,5,0.75,5670,0.384615384615,0.561012862998,0.040187137002
1024,11957249,11677,5,0.75,4491,0.384602209472,0.560993645292,0.040206354708
1024,11424769,11157,5,0.75,4291,0.384601595411,0.560992749603,0.040207250397
512,7431169,14514,5,0.75,5582,0.384594184925,0.560981940420,0.040218059580
512,7382017,14418,5,0.75,5545,0.384588708559,0.560973952409,0.040226047591
256,3521281,13755,5,0.75,5290,0.384587422755,0.560972076894,0.040227923106
256,3324929,12988,5,0.75,4995,0.384585771481,0.560969668290,0.040230331710
256,3161857,12351,5,0.75,4750,0.384584244191,0.560967440533,0.040232559467
1024,11569153,11298,5,0.75,4345,0.384581341830,0.560963207053,0.040236792947
256,2772481,10830,5,0.75,4165,0.384579870729,0.560961061256,0.040238938744
256,3192577,12471,5,0.75,4796,0.384572207521,0.560949883445,0.040250116555
1024,12544001,12250,5,0.75,4711,0.384571428571,0.560948747242,0.040251252758
256,3347713,13077,5,0.75,5029,0.384568326069,0.560944221828,0.040255778172
512,6635521,12960,5,0.75,4984,0.384567901235,0.560943602151,0.040256397849
256,3606017,14086,5,0.75,5417,0.384566235979,0.560941173153,0.040258826847
256,2851841,11140,5,0.75,4284,0.384560143627,0.560932286644,0.040267713356
256,3614209,14118,5,0.75,5429,0.384544553053,0.560909545712,0.040290454288
256,3298049,12883,5,0.75,4954,0.384537762943,0.560899641431,0.040300358569
512,7462913,14576,5,0.75,5605,0.384536223930,0.560897396574,0.040302603426
1024,11576321,11305,5,0.75,4347,0.384520123839,0.560873912444,0.040326087556
1024,14724097,14379,5,0.75,5529,0.384519090340,0.560872404947,0.040327595053
1024,10924033,10668,5,0.75,4102,0.384514435696,0.560865615527,0.040334384473
256,3104513,12127,5,0.75,4663,0.384513894615,0.560864826290,0.040335173710
512,5656577,11048,5,0.75,4248,0.384503982621,0.560850368324,0.040349631676
512,7438337,14528,5,0.75,5586,0.384498898678,0.560842952714,0.040357047286
1024,11745281,11470,5,0.75,4410,0.384481255449,0.560817217710,0.040382782290
256,2903041,11340,5,0.75,4360,0.384479717813,0.560814974863,0.040385025137
1024,15293441,14935,5,0.75,5742,0.384466019417,0.560794993925,0.040405006075
512,7163393,13991,5,0.75,5379,0.384461439497,0.560788313499,0.040411686501
512,5908993,11541,5,0.75,4437,0.384455419808,0.560779532979,0.040420467021
1024,14803969,14457,5,0.75,5558,0.384450439234,0.560772268148,0.040427731852
512,7485953,14621,5,0.75,5621,0.384447028247,0.560767292768,0.040432707232
1024,11994113,11713,5,0.75,4503,0.384444634167,0.560763800684,0.040436199316
512,7115777,13898,5,0.75,5343,0.384443804864,0.560762591034,0.040437408966
256,3767041,14715,5,0.75,5657,0.384437648658,0.560753611386,0.040446388614
256,2660353,10392,5,0.75,3995,0.384430331024,0.560742937640,0.040457062360
512,6917633,13511,5,0.75,5194,0.384427503516,0.560738813342,0.040461186658
512,5882881,11490,5,0.75,4417,0.384421235857,0.560729671126,0.040470328874
256,3052033,11922,5,0.75,4583,0.384415366549,0.560721109957,0.040478890043
1024,14027777,13699,5,0.75,5266,0.384407620994,0.560709812032,0.040490187968
256,3708161,14485,5,0.75,5568,0.384397652744,0.560695272009,0.040504727991
1024,12214273,11928,5,0.75,4585,0.384389671362,0.560683630097,0.040516369903
512,7114241,13895,5,0.75,5341,0.384382871537,0.560673711645,0.040526288355
256,3274753,12792,5,0.75,4917,0.384380863039,0.560670781984,0.040529218016
1024,11370497,11104,5,0.75,4268,0.384365994236,0.560649093850,0.040550906150
512,5810689,11349,5,0.75,4362,0.384351044145,0.560627287147,0.040572712853
1024,11160577,10899,5,0.75,4189,0.384347187815,0.560621662176,0.040578337824
512,5741569,11214,5,0.75,4310,0.384341002319,0.560612639803,0.040587360197
512,5501953,10746,5,0.75,4130,0.384329052671,0.560595209647,0.040604790353
512,6539777,12773,5,0.75,4909,0.384326313317,0.560591213935,0.040608786065
512,5442049,10629,5,0.75,4085,0.384325900837,0.560590612278,0.040609387722
512,7621633,14886,5,0.75,5721,0.384320838372,0.560583227996,0.040616772004
1024,13757441,13435,5,0.75,5163,0.384294752512,0.560545178289,0.040654821711
1024,11394049,11127,5,0.75,4276,0.384290464636,0.560538923849,0.040661076151
512,6596609,12884,5,0.75,4951,0.384275069854,0.560516468506,0.040683531494
256,3430913,13402,5,0.75,5150,0.384271004328,0.560510538393,0.040689461607
512,6093313,11901,5,0.75,4573,0.384253424082,0.560484895259,0.040715104741
256,2818817,11011,5,0.75,4231,0.384252111525,0.560482980719,0.040717019281
1024,10579969,10332,5,0.75,3970,0.384243128146,0.560469877261,0.040730122739
256,3282689,12823,5,0.75,4927,0.384231459097,0.560452856397,0.040747143603
1024,10335233,10093,5,0.75,3878,0.384226691767,0.560445902609,0.040754097391
256,3053569,11928,5,0.75,4583,0.384221998659,0.560439057085,0.040760942915
256,3224833,12597,5,0.75,4840,0.384218464714,0.560433902355,0.040766097645
1024,12070913,11788,5,0.75,4529,0.384204275534,0.560413205543,0.040786794457
512,7360513,14376,5,0.75,5523,0.384181969950,0.560380669872,0.040819330128
1024,13734913,13413,5,0.75,5153,0.384179527324,0.560377106976,0.040822893024
256,2626817,10261,5,0.75,3942,0.384173082546,0.560367706407,0.040832293593
256,3570433,13947,5,0.75,5358,0.384168638417,0.560361224052,0.040838775948
256,3595777,14046,5,0.75,5396,0.384166310693,0.560357828757,0.040842171243
256,2780161,10860,5,0.75,4172,0.384162062615,0.560351632367,0.040848367633
512,5288449,10329,5,0.75,3968,0.384161099816,0.560350227997,0.040849772003
512,5772289,11274,5,0.75,4331,0.384158240199,0.560346056863,0.040853943137
256,3027457,11826,5,0.75,4543,0.384153559953,0.560339230100,0.040860769900
512,5212673,10181,5,0.75,3911,0.384146940379,0.560329574568,0.040870425432
256,3018241,11790,5,0.75,4529,0.384139100933,0.560318139690,0.040881860310
1024,14976001,14625,5,0.75,5618,0.384136752137,0.560314713657,0.040885286343
1024,10662913,10413,5,0.75,4000,0.384135215596,0.560312472407,0.040887527593
256,3092993,12082,5,0.75,4641,0.384125144844,0.560297782871,0.040902217129
1024,13252609,12942,5,0.75,4971,0.384098284655,0.560258603701,0.040941396299
256,2742017,10711,5,0.75,4114,0.384091121277,0.560248154959,0.040951845041
1024,12751873,12453,5,0.75,4783,0.384084156428,0.560237995798,0.040962004202
256,3438593,13432,5,0.75,5159,0.384082787373,0.560235998849,0.040964001151
512,5532161,10805,5,0.75,4150,0.384081443776,0.560234039033,0.040965960967
512,6309377,12323,5,0.75,4733,0.384078552301,0.560229821430,0.040970178570
1024,13232129,12922,5,0.75,4963,0.384073672806,0.560222704036,0.040977295964
512,6286849,12279,5,0.75,4716,0.384070364036,0.560217877753,0.040982122247
512,7501313,14651,5,0.75,5627,0.384069346802,0.560216393982,0.040983606018
512,5248513,10251,5,0.75,3937,0.384060091698,0.560202894178,0.040997105822
512,7085569,13839,5,0.75,5315,0.384059541874,0.560202092186,0.040997907814
1024,12112897,11829,5,0.75,4543,0.384056133232,0.560197120226,0.041002879774
1024,13782017,13459,5,0.75,5169,0.384055278995,0.560195874209,0.041004125791
512,5324801,10400,5,0.75,3994,0.384038461538,0.560171343703,0.041028656297
512,5998081,11715,5,0.75,4499,0.384037558685,0.560170026772,0.041029973228
256,2795777,10921,5,0.75,4194,0.384030766413,0.560160119336,0.041039880664
256,3489793,13632,5,0.75,5235,0.384022887324,0.560148626633,0.041051373367
512,5529089,10799,5,0.75,4147,0.384017038615,0.560140095510,0.041059904490
256,3715841,14515,5,0.75,5574,0.384016534619,0.560139360366,0.041060639634
256,3667201,14325,5,0.75,5501,0.384013961606,0.560135607282,0.041064392718
1024,14570497,14229,5,0.75,5464,0.384004497856,0.560121803141,0.041078196859
512,6753281,13190,5,0.75,5065,0.384003032600,0.560119665869,0.041080334131
1024,15298561,14940,5,0.75,5737,0.384002677376,0.560119147727,0.041080852273
256,3718657,14526,5,0.75,5578,0.384001101473,0.560116849063,0.041083150937
512,5126657,10013,5,0.75,3845,0.384000798961,0.560116407809,0.041083592191
1024,14269441,13935,5,0.75,5351,0.383997129530,0.560111055453,0.041088944547
1024,10877953,10623,5,0.75,4079,0.383978160595,0.560083386730,0.041116613270
256,3815681,14905,5,0.75,5723,0.383965112378,0.560064354165,0.041135645835
1024,11347969,11082,5,0.75,4255,0.383955964627,0.560051010950,0.041148989050
1024,12622849,12327,5,0.75,4733,0.383953922284,0.560048031920,0.041151968080
256,3064577,11971,5,0.75,4596,0.383927825578,0.560009966392,0.041190033608
512,5425153,10596,5,0.75,4068,0.383918459796,0.559996305149,0.041203694851
1024,11087873,10828,5,0.75,4157,0.383912079793,0.559986999063,0.041213000937
512,5986817,11693,5,0.75,4489,0.383904900368,0.559976526913,0.041223473087
256,3440897,13441,5,0.75,5160,0.383900007440,0.559969389925,0.041230610075
256,3243521,12670,5,0.75,4864,0.383898973954,0.559967882448,0.041232117552
512,7130113,13926,5,0.75,5346,0.383886255924,0.559949331504,0.041250668496
256,3239681,12655,5,0.75,4858,0.383879889372,0.559940045038,0.041259954962
1024,14850049,14502,5,0.75,5567,0.383878085781,0.559937414260,0.041262585740
512,6618113,12926,5,0.75,4962,0.383877456290,0.559936496063,0.041263503937
256,3444481,13455,5,0.75,5165,0.383872166481,0.559928780171,0.041271219829
256,3060481,11955,5,0.75,4589,0.383856127143,0.559905384657,0.041294615343
512,6182401,12075,5,0.75,4635,0.383850931677,0.559897806376,0.041302193624
512,5820929,11369,5,0.75,4364,0.383850822412,0.559897646998,0.041302353002
512,6041089,11799,5,0.75,4529,0.383846088652,0.559890742177,0.041309257823
1024,12183553,11898,5,0.75,4567,0.383846024542,0.559890648664,0.041309351336
256,2573057,10051,5,0.75,3858,0.383842403741,0.559885367243,0.041314632757
1024,11570177,11299,5,0.75,4337,0.383839277812,0.559880807659,0.041319192341
256,3764993,14707,5,0.75,5645,0.383830828857,0.559868483730,0.041331516270
1024,11639809,11367,5,0.75,4363,0.383830386206,0.559867838064,0.041332161936
512,5667841,11070,5,0.75,4249,0.383830171635,0.559867525084,0.041332474916
256,3400193,13282,5,0.75,5098,0.383827736787,0.559863973533,0.041336026467
1024,13296641,12985,5,0.75,4984,0.383827493261,0.559863618319,0.041336381681
512,6337537,12378,5,0.75,4751,0.383826143157,0.559861649012,0.041338350988
256,3168257,12376,5,0.75,4750,0.383807369101,0.559834264546,0.041365735454
512,6329857,12363,5,0.75,4745,0.383806519453,0.559833025221,0.041366974779
1024,10989569,10732,5,0.75,4119,0.383805441670,0.559831453130,0.041368546870
512,5976577,11673,5,0.75,4480,0.383791655958,0.559811344830,0.041388655170
256,3252481,12705,5,0.75,4876,0.383785911059,0.559802965127,0.041397034873
256,3231233,12622,5,0.75,4844,0.383774362225,0.559786119612,0.041413880388
512,7603201,14850,5,0.75,5699,0.383771043771,0.559781279204,0.041418720796
256,2856449,11158,5,0.75,4282,0.383760530561,0.559765944285,0.041434055715
1024,10513409,10267,5,0.75,3940,0.383753774228,0.559756089271,0.041443910729
512,5961217,11643,5,0.75,4468,0.383749892639,0.559750427456,0.041449572544
512,7444993,14541,5,0.75,5580,0.383742521147,0.559739675151,0.041460324849
1024,11762689,11487,5,0.75,4408,0.383738138766,0.559733282863,0.041466717137
256,2964737,11581,5,0.75,4444,0.383731974786,0.559724291877,0.041475708123
256,3650561,14260,5,0.75,5472,0.383730715288,0.559722454729,0.041477545271
1024,13711361,13390,5,0.75,5138,0.383719193428,0.559705648560,0.041494351440
512,6320641,12345,5,0.75,4737,0.383718104496,0.559704060207,0.041495939793
1024,12702721,12405,5,0.75,4760,0.383716243450,0.559701345624,0.041498654376
256,3102977,12121,5,0.75,4651,0.383714214999,0.559698386856,0.041501613144
256,3712769,14503,5,0.75,5565,0.383713714404,0.559697656672,0.041502343328
256,2876161,11235,5,0.75,4311,0.383711615487,0.559694595122,0.041505404878
512,5309441,10370,5,0.75,3979,0.383702989392,0.559682012812,0.041517987188
512,7161857,13988,5,0.75,5367,0.383686016586,0.559657255708,0.041542744292
1024,11748353,11473,5,0.75,4402,0.383683430663,0.559653483795,0.041546516205
512,6782977,13248,5,0.75,5083,0.383680555556,0.559649290067,0.041550709933
512,6034433,11786,5,0.75,4522,0.383675547259,0.559641984799,0.041558015201
256,3107329,12138,5,0.75,4657,0.383671115505,0.559635520494,0.041564479506
256,2739713,10702,5,0.75,4106,0.383666604373,0.559628940405,0.041571059595
256,3647233,14247,5,0.75,5466,0.383659717835,0.559618895471,0.041581104529
1024,12510209,12217,5,0.75,4687,0.383645739543,0.559598506267,0.041601493733
256,3443969,13453,5,0.75,5161,0.383631903665,0.559578324792,0.041621675208
1024,14340097,14004,5,0.75,5372,0.383604684376,0.559538621827,0.041661378173
256,2684161,10485,5,0.75,4022,0.383595612780,0.559525389694,0.041674610306
256,3747329,14638,5,0.75,5615,0.383590654461,0.559518157324,0.041681842676
256,3655937,14281,5,0.75,5478,0.383586583573,0.559512219390,0.041687780610
512,5158913,10076,5,0.75,3865,0.383584755855,0.559509553421,0.041690446579
512,6348289,12399,5,0.75,4756,0.383579320913,0.559501625832,0.041698374168
512,7086593,13841,5,0.75,5309,0.383570551261,0.559488834124,0.041711165876
512,5514241,10770,5,0.75,4131,0.383565459610,0.559481407272,0.041718592728
512,6822401,13325,5,0.75,5111,0.383564727955,0.559480340055,0.041719659945
512,6136321,11985,5,0.75,4597,0.383562786817,0.559477508646,0.041722491354
1024,12681217,12384,5,0.75,4750,0.383559431525,0.559472614504,0.041727385496
1024,14373889,14037,5,0.75,5384,0.383557740258,0.559470147566,0.041729852434
1024,12086273,11803,5,0.75,4527,0.383546555960,0.559453833776,0.041746166224
256,3767809,14718,5,0.75,5645,0.383543959777,0.559450046896,0.041749953104
512,6756353,13196,5,0.75,5061,0.383525310700,0.559422844729,0.041777155271
1024,11560961,11290,5,0.75,4330,0.383525243578,0.559422746823,0.041777253177
512,6928897,13533,5,0.75,5190,0.383506982931,0.559396111231,0.041803888769
512,6614017,12918,5,0.75,4954,0.383495897198,0.559379941210,0.041820058790
512,5229569,10214,5,0.75,3917,0.383493244566,0.559376071994,0.041823928006
1024,14638081,14295,5,0.75,5482,0.383490731025,0.559372405658,0.041827594342
256,2940673,11487,5,0.75,4405,0.383476973971,0.559352339159,0.041847660841
256,2604289,10173,5,0.75,3901,0.383466037550,0.559336386930,0.041863613070
512,6383617,12468,5,0.75,4781,0.383461661854,0.559330004394,0.041869995606
1024,10278913,10038,5,0.75,3849,0.383442916916,0.559302662399,0.041897337601
256,3618049,14133,5,0.75,5419,0.383428854454,0.559282150423,0.041917849577
256,2901761,11335,5,0.75,4346,0.383414203794,0.559260780479,0.041939219521
1024,11097089,10837,5,0.75,4155,0.383408692443,0.559252741438,0.041947258562
1024,10349569,10107,5,0.75,3875,0.383397645196,0.559236627555,0.041963372445
1024,12285953,11998,5,0.75,4600,0.383397232872,0.559236026126,0.041963973874
256,3221761,12585,5,0.75,4825,0.383392928089,0.559229747025,0.041970252975
512,7047169,13764,5,0.75,5277,0.383391455972,0.559227599746,0.041972400254
1024,11599873,11328,5,0.75,4343,0.383386299435,0.559220078248,0.041979921752
512,7365121,14385,5,0.75,5515,0.383385470977,0.559218869831,0.041981130169
256,2870017,11211,5,0.75,4298,0.383373472482,0.559201368426,0.041998631574
1024,13037569,12732,5,0.75,4881,0.383364750236,0.559188645866,0.042011354134
256,2664449,10408,5,0.75,3990,0.383358954650,0.559180192231,0.042019807769
512,6779393,13241,5,0.75,5076,0.383354731516,0.559174032226,0.042025967774
1024,12808193,12508,5,0.75,4795,0.383354653022,0.559173917732,0.042026082268
1024,13606913,13288,5,0.75,5094,0.383353401565,0.559172092315,0.042027907685
512,5306369,10364,5,0.75,3973,0.383346198379,0.559161585507,0.042038414493
1024,14264321,13930,5,0.75,5340,0.383345297918,0.559160272065,0.042039727935
1024,14456833,14118,5,0.75,5412,0.383340416490,0.559153151850,0.042046848150
256,3259649,12733,5,0.75,4881,0.383334642268,0.559144729377,0.042055270623
1024,14780417,14434,5,0.75,5533,0.383331023971,0.559139451608,0.042060548392
256,2922497,11416,5,0.75,4376,0.383321653819,0.559125783991,0.042074216009
256,2907137,11356,5,0.75,4353,0.383321592110,0.559125693980,0.042074306020
1024,15029249,14677,5,0.75,5626,0.383320842134,0.559124600040,0.042075399960
256,2950657,11526,5,0.75,4418,0.383307305223,0.559104854649,0.042095145351
256,2643457,10326,5,0.75,3958,0.383304280457,0.559100442624,0.042099557376
512,6537217,12768,5,0.75,4894,0.383302005013,0.559097123585,0.042102876415
1024,13956097,13629,5,0.75,5224,0.383300315504,0.559094659211,0.042105340789
512,5260289,10274,5,0.75,3938,0.383297644540,0.559090763253,0.042109236747
1024,12454913,12163,5,0.75,4662,0.383293595330,0.559084856941,0.042115143059
512,7352321,14360,5,0.75,5504,0.383286908078,0.559075102691,0.042124897309
256,3219457,12576,5,0.75,4820,0.383269720102,0.559050031734,0.042149968266
1024,11688961,11415,5,0.75,4375,0.383267630311,0.559046983495,0.042153016505
512,6155777,12023,5,0.75,4608,0.383265407968,0.559043741912,0.042156258088
256,2662657,10401,5,0.75,3986,0.383232381502,0.558995568403,0.042204431597
512,7429633,14511,5,0.75,5561,0.383226517814,0.558987015432,0.042212984568
1024,14771201,14425,5,0.75,5528,0.383223570191,0.558982715930,0.042217284070
512,6048257,11813,5,0.75,4527,0.383221874206,0.558980242111,0.042219757889
512,6435841,12570,5,0.75,4817,0.383214001591,0.558968758851,0.042231241149
512,6358529,12419,5,0.75,4759,0.383203156454,0.558952939771,0.042247060229
1024,13019137,12714,5,0.75,4872,0.383199622463,0.558947784975,0.042252215025
256,2757121,10770,5,0.75,4127,0.383194057567,0.558939667831,0.042260332169
256,2726401,10650,5,0.75,4081,0.383192488263,0.558937378791,0.042262621209
512,6829057,13338,5,0.75,5111,0.383190883191,0.558935037579,0.042264962421
512,7017473,13706,5,0.75,5252,0.383189843864,0.558933521582,0.042266478418
512,6381569,12464,5,0.75,4776,0.383183568678,0.558924368386,0.042275631614
1024,11517953,11248,5,0.75,4310,0.383179231863,0.558918042563,0.042281957437
256,2669057,10426,5,0.75,3995,0.383176673700,0.558914311141,0.042285688859
512,7502849,14654,5,0.75,5615,0.383171830217,0.558907246274,0.042292753726
1024,12507137,12214,5,0.75,4680,0.383166857704,0.558899993201,0.042300006799
256,3245057,12676,5,0.75,4857,0.383165036289,0.558897336424,0.042302663576
512,6812161,13305,5,0.75,5098,0.383164223976,0.558896151557,0.042303848443
512,6402049,12504,5,0.75,4791,0.383157389635,0.558886182759,0.042313817241
512,5810177,11348,5,0.75,4348,0.383151216073,0.558877177795,0.042322822205
1024,13114369,12807,5,0.75,4907,0.383149839931,0.558875170508,0.042324829492
1024,14678017,14334,5,0.75,5492,0.383144970001,0.558868067066,0.042331932934
256,3508481,13705,5,0.75,5251,0.383144837650,0.558867874014,0.042332125986
512,5996033,11711,5,0.75,4487,0.383144052600,0.558866728913,0.042333271087
1024,11369473,11103,5,0.75,4254,0.383139691975,0.558860368360,0.042339631640
512,5767681,11265,5,0.75,4316,0.383133599645,0.558851481883,0.042348518117
256,3571457,13951,5,0.75,5345,0.383126657587,0.558841355966,0.042358644034
256,3383041,13215,5,0.75,5063,0.383125236474,0.558839283082,0.042360716918
512,6862337,13403,5,0.75,5135,0.383123181377,0.558836285450,0.042363714550
1024,13925377,13599,5,0.75,5210,0.383116405618,0.558826402101,0.042373597899
256,3456001,13500,5,0.75,5172,0.383111111111,0.558818679356,0.042381320644
1024,10304513,10063,5,0.75,3855,0.383086554705,0.558782860561,0.042417139439
256,2905601,11350,5,0.75,4348,0.383083700441,0.558778697235,0.042421302765
512,5517313,10776,5,0.75,4128,0.383073496659,0.558763813658,0.042436186342
256,2829569,11053,5,0.75,4234,0.383063421695,0.558749117979,0.042450882021
1024,10577921,10330,5,0.75,3957,0.383059051307,0.558742743184,0.042457256816
256,3792641,14815,5,0.75,5675,0.383057711779,0.558740789304,0.042459210696
512,6919681,13515,5,0.75,5177,0.383055863855,0.558738093860,0.042461906140
256,3326209,12993,5,0.75,4977,0.383052412838,0.558733060091,0.042466939909
1024,11682817,11409,5,0.75,4370,0.383030940486,0.558701739800,0.042498260200
1024,14404609,14067,5,0.75,5388,0.383024098955,0.558691760515,0.042508239485
512,6285313,12276,5,0.75,4702,0.383023786250,0.558691304392,0.042508695608
1024,12193793,11908,5,0.75,4561,0.383019818609,0.558685517060,0.042514482940
1024,15059969,14707,5,0.75,5633,0.383014890868,0.558678329292,0.042521670708
256,3396353,13267,5,0.75,5081,0.382980327127,0.558627913463,0.042572086537
256,3123713,12202,5,0.75,4673,0.382970004917,0.558612857142,0.042587142858
1024,11422721,11155,5,0.75,4272,0.382967279247,0.558608881389,0.042591118611
512,5575169,10889,5,0.75,4170,0.382955275967,0.558591373002,0.042608626998
256,2925313,11427,5,0.75,4376,0.382952655990,0.558587551417,0.042612448583
1024,12623873,12328,5,0.75,4721,0.382949383517,0.558582778079,0.042617221921
256,3509761,13710,5,0.75,5250,0.382932166302,0.558557664473,0.042642335527
512,6188033,12086,5,0.75,4628,0.382922389542,0.558543403763,0.042656596237
256,3737857,14601,5,0.75,5591,0.382918978152,0.558538427796,0.042661572204
512,5472769,10689,5,0.75,4093,0.382917017495,0.558535567916,0.042664432084
256,3266561,12760,5,0.75,4886,0.382915360502,0.558533150970,0.042666849030
1024,14831617,14484,5,0.75,5546,0.382905274786,0.558518439608,0.042681560392
256,3641857,14226,5,0.75,5447,0.382890482216,0.558496862670,0.042703137330
512,5627393,10991,5,0.75,4208,0.382858702575,0.558450507823,0.042749492177
256,3211009,12543,5,0.75,4802,0.382843020011,0.558427632712,0.042772367288
1024,11523073,11253,5,0.75,4308,0.382831245001,0.558410457288,0.042789542712
512,6355457,12413,5,0.75,4752,0.382824458229,0.558400557876,0.042799442124
512,5319169,10389,5,0.75,3977,0.382808740013,0.558377630760,0.042822369240
256,2799361,10935,5,0.75,4186,0.382807498857,0.558375820368,0.042824179632
256,2932481,11455,5,0.75,4385,0.382802269751,0.558368193019,0.042831806981
512,5154817,10068,5,0.75,3854,0.382796980532,0.558360477988,0.042839522012
512,5279233,10311,5,0.75,3947,0.382795073223,0.558357695922,0.042842304078
256,2653697,10366,5,0.75,3968,0.382789890025,0.558350135537,0.042849864463
256,2754049,10758,5,0.75,4118,0.382784904257,0.558342863129,0.042857136871
512,7630849,14904,5,0.75,5705,0.382783145464,0.558340297695,0.042859702305
256,2681857,10476,5,0.75,4010,0.382779686903,0.558335252922,0.042864747078
256,3525889,13773,5,0.75,5272,0.382777898787,0.558332644717,0.042867355283
256,2920193,11407,5,0.75,4366,0.382747435785,0.558288210363,0.042911789637
512,6189569,12089,5,0.75,4627,0.382744643891,0.558284138013,0.042915861987
1024,13050881,12745,5,0.75,4878,0.382738328756,0.558274926546,0.042925073454
256,3486209,13618,5,0.75,5212,0.382728741372,0.558260942066,0.042939057934
256,3628033,14172,5,0.75,5424,0.382726502964,0.558257677049,0.042942322951
512,7229441,14120,5,0.75,5404,0.382719546742,0.558247530472,0.042952469528
512,5456897,10658,5,0.75,4079,0.382717207731,0.558244118712,0.042955881288
1024,12187649,11902,5,0.75,4555,0.382708788439,0.558231838051,0.042968161949
512,7145473,13956,5,0.75,5341,0.382702780166,0.558223074184,0.042976925816
1024,10571777,10324,5,0.75,3951,0.382700503681,0.558219753626,0.042980246374
256,2836993,11082,5,0.75,4241,0.382692654755,0.558208304921,0.042991695079
512,6483457,12663,5,0.75,4846,0.382689725973,0.558204032901,0.042995967099
512,6186497,12083,5,0.75,4624,0.382686418936,0.558199209145,0.043000790855
1024,10494977,10249,5,0.75,3922,0.382671480144,0.558177418925,0.043022581075
1024,15006721,14655,5,0.75,5608,0.382668031389,0.558172388454,0.043027611546
256,3159041,12340,5,0.75,4722,0.382658022690,0.558157789432,0.043042210568
256,3576577,13971,5,0.75,5346,0.382649774533,0.558145758394,0.043054241606
1024,10835969,10582,5,0.75,4049,0.382630882631,0.558118202034,0.043081797966
512,5246977,10248,5,0.75,3921,0.382611241218,0.558089552412,0.043110447588
512,6955009,13584,5,0.75,5197,0.382582449941,0.558047556493,0.043152443507
1024,12448769,12157,5,0.75,4651,0.382577938636,0.558040976153,0.043159023847
256,2875393,11232,5,0.75,4297,0.382567663818,0.558025988959,0.043174011041
256,2969089,11598,5,0.75,4437,0.382565959648,0.558023503200,0.043176496800
256,3185921,12445,5,0.75,4761,0.382563278425,0.558019592278,0.043180407722
1024,11038721,10780,5,0.75,4124,0.382560296846,0.558015243247,0.043184756753
1024,13523969,13207,5,0.75,5052,0.382524418869,0.557962910430,0.043237089570
1024,14072833,13743,5,0.75,5257,0.382522011206,0.557959398532,0.043240601468
1024,11069441,10810,5,0.75,4135,0.382516188714,0.557950905651,0.043249094349
256,3367681,13155,5,0.75,5032,0.382516153554,0.557950854365,0.043249145635
1024,13575169,13257,5,0.75,5071,0.382514897790,0.557949022666,0.043250977334
512,5403649,10554,5,0.75,4037,0.382509001327,0.557940421887,0.043259578113
256,3061249,11958,5,0.75,4574,0.382505435692,0.557935220933,0.043264779067
1024,13496321,13180,5,0.75,5041,0.382473444613,0.557888557676,0.043311442324
1024,11860993,11583,5,0.75,4430,0.382457049124,0.557864642667,0.043335357333
1024,13877249,13552,5,0.75,5183,0.382452774498,0.557858407555,0.043341592445
1024,11028481,10770,5,0.75,4119,0.382451253482,0.557856188950,0.043343811050
512,5463553,10671,5,0.75,4081,0.382438384406,0.557837417686,0.043362582314
512,5286913,10326,5,0.75,3949,0.382432694170,0.557829117717,0.043370882283
256,2960129,11563,5,0.75,4422,0.382426705872,0.557820382985,0.043379617015
256,2691841,10515,5,0.75,4021,0.382406086543,0.557790306942,0.043409693058
1024,14851073,14503,5,0.75,5546,0.382403640626,0.557786739246,0.043413260754
1024,10853377,10599,5,0.75,4053,0.382394565525,0.557773502000,0.043426498000
512,5176321,10110,5,0.75,3866,0.382393669634,0.557772195223,0.043427804777
256,3765761,14710,5,0.75,5625,0.382392929980,0.557771116339,0.043428883661
256,2787073,10887,5,0.75,4163,0.382382658216,0.557756133601,0.043443866399
1024,12875777,12574,5,0.75,4808,0.382376332114,0.557746906137,0.043453093863
256,2761729,10788,5,0.75,4125,0.382369299221,0.557736647724,0.043463352276
512,5910529,11544,5,0.75,4414,0.382363132363,0.557727652539,0.043472347461
512,5431297,10608,5,0.75,4056,0.382352941176,0.557712787333,0.043487212667
1024,12359681,12070,5,0.75,4615,0.382352941176,0.557712787333,0.043487212667
1024,10356737,10114,5,0.75,3867,0.382341309077,0.557695820363,0.043504179637
256,3321089,12973,5,0.75,4960,0.382332536807,0.557683024838,0.043516975162
256,3154433,12322,5,0.75,4711,0.382324298004,0.557671007443,0.043528992557
512,6251521,12210,5,0.75,4668,0.382309582310,0.557649542640,0.043550457360
512,6725633,13136,5,0.75,5022,0.382308160780,0.557647469149,0.043552530851
1024,14964737,14614,5,0.75,5587,0.382304639387,0.557642332727,0.043557667273
1024,11410433,11143,5,0.75,4260,0.382302790990,0.557639636594,0.043560363406
512,6190081,12090,5,0.75,4622,0.382299421009,0.557634721027,0.043565278973
256,2791937,10906,5,0.75,4169,0.382266642215,0.557586908782,0.043613091218
512,5137921,10035,5,0.75,3836,0.382262082711,0.557580258136,0.043619741864
512,6419969,12539,5,0.75,4793,0.382247388149,0.557558824157,0.043641175843
1024,13811713,13488,5,0.75,5155,0.382191577699,0.557477417168,0.043722582832
256,3409409,13318,5,0.75,5090,0.382189517946,0.557474412743,0.043725587257
1024,10940417,10684,5,0.75,4083,0.382160239611,0.557431706385,0.043768293615
1024,10943489,10687,5,0.75,4084,0.382146533171,0.557411713713,0.043788286287
512,6507521,12710,5,0.75,4857,0.382140047207,0.557402253069,0.043797746931
256,2937601,11475,5,0.75,4385,0.382135076253,0.557395002269,0.043804997731
512,5928961,11580,5,0.75,4425,0.382124352332,0.557379359999,0.043820640001
256,3319553,12967,5,0.75,4955,0.382123852857,0.557378631449,0.043821368551
1024,12635137,12339,5,0.75,4715,0.382121727855,0.557375531849,0.043824468151
256,2611457,10201,5,0.75,3898,0.382119400059,0.557372136448,0.043827863552
512,6822913,13326,5,0.75,5092,0.382110160588,0.557358659448,0.043841340552
512,5829121,11385,5,0.75,4350,0.382081686430,0.557317126087,0.043882873913
512,6253057,12213,5,0.75,4666,0.382051911897,0.557273695959,0.043926304041
1024,13284353,12973,5,0.75,4956,0.382024204116,0.557233280463,0.043966719537
512,5764609,11259,5,0.75,4301,0.382005506706,0.557206007795,0.043993992205
1024,10457089,10212,5,0.75,3901,0.382001566784,0.557200260893,0.043999739107
1024,12834817,12534,5,0.75,4788,0.382000957396,0.557199372019,0.044000627981
256,3412481,13330,5,0.75,5092,0.381995498875,0.557191410038,0.044008589962
512,5516801,10775,5,0.75,4116,0.381995359629,0.557191206929,0.044008793071
512,6307841,12320,5,0.75,4706,0.381980519481,0.557169560592,0.044030439408
512,7535617,14718,5,0.75,5621,0.381913303438,0.557071517025,0.044128482975
1024,13059073,12753,5,0.75,4870,0.381870932330,0.557009713109,0.044190286891
256,3743489,14623,5,0.75,5584,0.381864186555,0.556999873497,0.044200126503
1024,12767233,12468,5,0.75,4761,0.381857555342,0.556990200987,0.044209799013
256,3174401,12400,5,0.75,4735,0.381854838710,0.556986238417,0.044213761583
1024,12571649,12277,5,0.75,4688,0.381852244034,0.556982453735,0.044217546265
1024,12706817,12409,5,0.75,4738,0.381819647030,0.556934906656,0.044265093344
1024,14343169,14007,5,0.75,5348,0.381809095452,0.556919515772,0.044280484228
1024,11919361,11640,5,0.75,4444,0.381786941581,0.556887201394,0.044312798606
256,3471617,13561,5,0.75,5177,0.381756507632,0.556842809418,0.044357190582
1024,11539457,11269,5,0.75,4302,0.381755257787,0.556840986352,0.044359013648
256,3706369,14478,5,0.75,5527,0.381751623152,0.556835684753,0.044364315247
512,7459841,14570,5,0.75,5562,0.381743308167,0.556823556238,0.044376443762
256,3044609,11893,5,0.75,4540,0.381737156310,0.556814582933,0.044385417067
1024,12390401,12100,5,0.75,4619,0.381735537190,0.556812221230,0.044387778770
256,3298817,12886,5,0.75,4919,0.381732112370,0.556807225673,0.044392774327
1024,13710337,13389,5,0.75,5111,0.381731271940,0.556805999793,0.044394000207
1024,12911617,12609,5,0.75,4813,0.381711475930,0.556777124671,0.044422875329
256,3612929,14113,5,0.75,5387,0.381704811167,0.556767403225,0.044432596775
512,6873089,13424,5,0.75,5124,0.381704410012,0.556766818087,0.044433181913
1024,11281409,11017,5,0.75,4205,0.381682853771,0.556735375434,0.044464624566
256,2679553,10467,5,0.75,3995,0.381675742811,0.556725003149,0.044474996851
256,2743297,10716,5,0.75,4090,0.381672265771,0.556719931422,0.044480068578
1024,12266497,11979,5,0.75,4572,0.381667918858,0.556713590870,0.044486409130
512,5308417,10368,5,0.75,3957,0.381655092593,0.556694882050,0.044505117950
256,2860289,11173,5,0.75,4264,0.381634296966,0.556664548853,0.044535451147
512,5283329,10319,5,0.75,3938,0.381626126563,0.556652631230,0.044547368770
256,3648769,14253,5,0.75,5439,0.381603872869,0.556620171248,0.044579828752
256,3267073,12762,5,0.75,4870,0.381601629839,0.556616899489,0.044583100511
256,2756609,10768,5,0.75,4109,0.381593610698,0.556605202503,0.044594797497
1024,12153857,11869,5,0.75,4529,0.381582273149,0.556588665174,0.044611334826
1024,14263297,13929,5,0.75,5315,0.381578002728,0.556582436195,0.044617563805
256,2892289,11298,5,0.75,4311,0.381571959639,0.556573621543,0.044626378457
512,6757889,13199,5,0.75,5036,0.381544056368,0.556532920899,0.044667079101
1024,11492353,11223,5,0.75,4282,0.381537913214,0.556523960289,0.044676039711
1024,13157377,12849,5,0.75,4902,0.381508288583,0.556480748812,0.044719251188
512,6692353,13071,5,0.75,4986,0.381455129676,0.556403209453,0.044796790547
256,2639873,10312,5,0.75,3933,0.381400310318,0.556323248103,0.044876751897
512,6369793,12441,5,0.75,4745,0.381400208986,0.556323100298,0.044876899702
1024,11348993,11083,5,0.75,4227,0.381394929171,0.556315398982,0.044884601018
1024,15215617,14859,5,0.75,5667,0.381385019180,0.556300943939,0.044899056061
256,3521537,13756,5,0.75,5246,0.381360860715,0.556265705594,0.044934294406
512,7384577,14423,5,0.75,5500,0.381335367122,0.556228519786,0.044971480214
256,2869249,11208,5,0.75,4274,0.381334760885,0.556227635508,0.044972364492
256,3756289,14673,5,0.75,5595,0.381312615007,0.556195332790,0.045004667210
1024,14872577,14524,5,0.75,5538,0.381299917378,0.556176811604,0.045023188396
256,2893057,11301,5,0.75,4309,0.381293690824,0.556167729343,0.045032270657
512,6491137,12678,5,0.75,4834,0.381290424357,0.556162964766,0.045037035234
256,2670337,10431,5,0.75,3977,0.381267376090,0.556129345793,0.045070654207
512,6952961,13580,5,0.75,5177,0.381222385862,0.556063721541,0.045136278459
512,7090177,13848,5,0.75,5279,0.381210283073,0.556046068009,0.045153931991
1024,12100609,11817,5,0.75,4504,0.381145806888,0.555952020889,0.045247979111
512,5184001,10125,5,0.75,3859,0.381135802469,0.555937428109,0.045262571891
1024,10900481,10645,5,0.75,4057,0.381117895726,0.555911308734,0.045288691266
256,3466241,13540,5,0.75,5160,0.381093057607,0.555875079024,0.045324920976
1024,10851329,10597,5,0.75,4038,0.381051240917,0.555814083801,0.045385916199
256,3684353,14392,5,0.75,5484,0.381045025014,0.555805017077,0.045394982923
256,3717377,14521,5,0.75,5533,0.381034364025,0.555789466601,0.045410533399
512,5135873,10031,5,0.75,3822,0.381018841591,0.555766825061,0.045433174939
512,7005697,13683,5,0.75,5213,0.380983702404,0.555715569868,0.045484430132
512,5710337,11153,5,0.75,4249,0.380973729042,0.555701022387,0.045498977613
1024,14595073,14253,5,0.75,5430,0.380972426858,0.555699122978,0.045500877022
512,5423617,10593,5,0.75,4035,0.380911922968,0.555610869981,0.045589130019
1024,12361729,12072,5,0.75,4598,0.380881378396,0.555566316647,0.045633683353
256,2729729,10663,5,0.75,4061,0.380849667073,0.555520061451,0.045679938549
1024,11455489,11187,5,0.75,4260,0.380799141861,0.555446363687,0.045753636313
512,6317569,12339,5,0.75,4698,0.380743982495,0.555365906390,0.045834093610
512,5587457,10913,5,0.75,4155,0.380738568680,0.555358009618,0.045841990382
1024,11974657,11694,5,0.75,4452,0.380708055413,0.555313501947,0.045886498053
512,5893633,11511,5,0.75,4382,0.380679350187,0.555271631544,0.045928368456
1024,13972481,13645,5,0.75,5194,0.380652253573,0.555232107517,0.045967892483
1024,14350337,14014,5,0.75,5334,0.380619380619,0.555184157928,0.046015842072
1024,10334209,10092,5,0.75,3841,0.380598493857,0.555153691797,0.046046308203
256,3439873,13437,5,0.75,5114,0.380590905708,0.555142623470,0.046057376530
256,3348481,13080,5,0.75,4978,0.380581039755,0.555128232661,0.046071767339
1024,12937217,12634,5,0.75,4808,0.380560392591,0.555098116017,0.046101883983
512,5524481,10790,5,0.75,4106,0.380537534754,0.555064774812,0.046135225188
256,3808513,14877,5,0.75,5660,0.380453048330,0.554941540087,0.046258459913
1024,12257281,11970,5,0.75,4554,0.380451127820,0.554938738767,0.046261261233
256,3091457,12076,5,0.75,4594,0.380423981451,0.554899142166,0.046300857834
1024,12000257,11719,5,0.75,4458,0.380407884632,0.554875662807,0.046324337193
512,7456769,14564,5,0.75,5540,0.380390002746,0.554849579691,0.046350420309
256,3457537,13506,5,0.75,5137,0.380349474308,0.554790463555,0.046409536445
512,5654017,11043,5,0.75,4200,0.380331431676,0.554764145969,0.046435854031
1024,13182977,12874,5,0.75,4896,0.380301382632,0.554720315428,0.046479684572
256,3493121,13645,5,0.75,5189,0.380285818981,0.554697613767,0.046502386233
512,5678593,11091,5,0.75,4217,0.380218194933,0.554598975068,0.046601024932
256,2613761,10210,5,0.75,3882,0.380215475024,0.554595007719,0.046604992281
512,6765569,13214,5,0.75,5024,0.380202815196,0.554576541670,0.046623458330
512,5424641,10595,5,0.75,4027,0.380084945729,0.554404613323,0.046795386677
256,3237889,12648,5,0.75,4807,0.380060088552,0.554368355813,0.046831644187
512,6834689,13349,5,0.75,5073,0.380028466552,0.554322230906,0.046877769094
256,2691329,10513,5,0.75,3995,0.380005707220,0.554289033383,0.046910966617
256,3118849,12183,5,0.75,4629,0.379955675942,0.554216056088,0.046983943912
512,7139329,13944,5,0.75,5298,0.379948364888,0.554205391941,0.046994608059
512,7616513,14876,5,0.75,5652,0.379940844313,0.554194422178,0.047005577822
256,2720513,10627,5,0.75,4037,0.379881434083,0.554107764430,0.047092235570
1024,10460161,10215,5,0.75,3880,0.379833578071,0.554037960051,0.047162039949
256,2641921,10320,5,0.75,3919,0.379748062016,0.553913223472,0.047286776528
1024,11501569,11232,5,0.75,4265,0.379718660969,0.553870338122,0.047329661878
1024,12579841,12285,5,0.75,4664,0.379649979650,0.553770157253,0.047429842747
256,3523841,13765,5,0.75,5225,0.379585906284,0.553676697699,0.047523302301
256,2795521,10920,5,0.75,4145,0.379578754579,0.553666265982,0.047533734018
256,2818561,11010,5,0.75,4179,0.379564032698,0.553644792154,0.047555207846
1024,12233729,11947,5,0.75,4534,0.379509500293,0.553565249365,0.047634750635
512,6076417,11868,5,0.75,4504,0.379507920458,0.553562944965,0.047637055035
512,6077441,11870,5,0.75,4504,0.379443976411,0.553469674040,0.047730325960
1024,13350913,13038,5,0.75,4947,0.379429360331,0.553448354537,0.047751645463
1024,11677697,11404,5,0.75,4325,0.379252893722,0.553190954438,0.048009045562
512,5389313,10526,5,0.75,3992,0.379251377541,0.553188742887,0.048011257113
512,7077377,13823,5,0.75,5242,0.379223034074,0.553147400157,0.048052599843
1024,13388801,13075,5,0.75,4957,0.379120458891,0.552997780565,0.048202219435
512,5150209,10059,5,0.75,3813,0.379063525201,0.552914735181,0.048285264819
256,3365633,13147,5,0.75,4983,0.379021830075,0.552853917276,0.048346082724
256,3114497,12166,5,0.75,4608,0.378760480026,0.552472703354,0.048727296646
256,3390977,13246,5,0.75,5017,0.378755850823,0.552465951043,0.048734048957
1024,10897409,10642,5,0.75,4030,0.378688216501,0.552367297359,0.048832702641
512,6019073,11756,5,0.75,4451,0.378615175230,0.552260756918,0.048939243082
512,7104001,13875,5,0.75,5253,0.378594594595,0.552230737315,0.048969262685
256,3428609,13393,5,0.75,5070,0.378555962070,0.552174386623,0.049025613377
512,5323777,10398,5,0.75,3936,0.378534333526,0.552142838505,0.049057161495
512,7544833,14736,5,0.75,5578,0.378528773073,0.552134727842,0.049065272158
512,6064129,11844,5,0.75,4483,0.378503883823,0.552098423550,0.049101576450
256,3767297,14716,5,0.75,5570,0.378499592281,0.552092163763,0.049107836237
1024,14702593,14358,5,0.75,5434,0.378464967266,0.552041658558,0.049158341442
256,2935553,11467,5,0.75,4339,0.378390163077,0.551932546666,0.049267453334
512,5253121,10260,5,0.75,3881,0.378265107212,0.551750136001,0.049449863999
512,7338497,14333,5,0.75,5420,0.378148329031,0.551579799439,0.049620200561
256,2707457,10576,5,0.75,3998,0.378025718608,0.551400955776,0.049799044224
512,6679553,13046,5,0.75,4931,0.377970259083,0.551320060658,0.049879939342
1024,13578241,13260,5,0.75,5011,0.377903469080,0.551222638526,0.049977361474
256,2942977,11496,5,0.75,4344,0.377870563674,0.551174641601,0.050025358399
512,5785601,11300,5,0.75,4267,0.377610619469,0.550795478289,0.050404521711
256,2767361,10810,5,0.75,4081,0.377520814061,0.550664485118,0.050535514882
256,2808833,10972,5,0.75,4141,0.377415238790,0.550510489496,0.050689510504
512,6007297,11733,5,0.75,4427,0.377311855450,0.550359691100,0.050840308900
256,2955521,11545,5,0.75,4348,0.376613252490,0.549340685458,0.051859314542
256,3391489,13248,5,0.75,4987,0.376434178744,0.549079482503,0.052120517497
512,5552641,10845,5,0.75,4082,0.376394651913,0.549021827346,0.052178172654
256,2675201,10450,5,0.75,3930,0.376076555024,0.548557840585,0.052642159415
256,3711233,14497,5,0.75,5448,0.375801890046,0.548157205063,0.053042794937
256,3721217,14536,5,0.75,5455,0.375275178866,0.547388926520,0.053811073480
256,3817217,14911,5,0.75,5573,0.373750922138,0.545165594679,0.056034405321
512,5679617,11093,5,0.75,4140,0.373208329577,0.544374151024,0.056825848976
256,2636033,10297,5,0.75,3837,0.372632805672,0.543534672607,0.057665327393
