n,p,M,trim,theta,count,survival,micro_cost,slack
512,7906817,15443,5,0.75,6085,0.394029657450,0.574744836203,0.026455163797
256,4347137,16981,5,0.75,6686,0.393734173488,0.574313833414,0.026886166586
1024,16770049,16377,5,0.75,6448,0.393722904073,0.574297395468,0.026902604532
256,4208641,16440,5,0.75,6463,0.393126520681,0.573427490708,0.027772509292
256,3902209,15243,5,0.75,5992,0.393098471430,0.573386577132,0.027813422868
256,4141057,16176,5,0.75,6352,0.392680514342,0.572776930946,0.028423069054
512,9896449,19329,5,0.75,7589,0.392622484350,0.572692286458,0.028507713542
1024,16644097,16254,5,0.75,6381,0.392580287929,0.572630737348,0.028569262652
512,9739777,19023,5,0.75,7462,0.392261998633,0.572166469936,0.029033530064
256,5046529,19713,5,0.75,7732,0.392228478669,0.572117576595,0.029082423405
512,8584193,16766,5,0.75,6576,0.392222354766,0.572108644065,0.029091355935
1024,17375233,16968,5,0.75,6654,0.392149929279,0.572003001827,0.029196998173
512,8004097,15633,5,0.75,6130,0.392119234952,0.571958230056,0.029241769944
256,3956737,15456,5,0.75,6060,0.392080745342,0.571902087823,0.029297912177
1024,18558977,18124,5,0.75,7106,0.392076804237,0.571896339197,0.029303660803
1024,16573441,16185,5,0.75,6344,0.391967871486,0.571737446242,0.029462553758
256,3929857,15351,5,0.75,6017,0.391961435737,0.571728058844,0.029471941156
1024,18254849,17827,5,0.75,6987,0.391933583890,0.571687433208,0.029512566792
256,4732417,18486,5,0.75,7245,0.391918208374,0.571665005966,0.029534994034
256,3893249,15208,5,0.75,5960,0.391899000526,0.571636988757,0.029563011243
256,4206337,16431,5,0.75,6439,0.391881200170,0.571611024563,0.029588975437
256,4348417,16986,5,0.75,6656,0.391852113505,0.571568597780,0.029631402220
512,9620993,18791,5,0.75,7363,0.391836517482,0.571545848899,0.029654151101
1024,19529729,19072,5,0.75,7473,0.391830956376,0.571537737284,0.029662262716
256,4567553,17842,5,0.75,6991,0.391828270373,0.571533819391,0.029666180609
512,9438721,18435,5,0.75,7223,0.391809058855,0.571505796828,0.029694203172
512,9000961,17580,5,0.75,6888,0.391808873720,0.571505526784,0.029694473216
1024,18014209,17592,5,0.75,6892,0.391768985903,0.571447345079,0.029752654921
1024,18850817,18409,5,0.75,7212,0.391764897604,0.571441381750,0.029758618250
256,4222721,16495,5,0.75,6462,0.391755077296,0.571427057520,0.029772942480
1024,16284673,15903,5,0.75,6230,0.391749984280,0.571419628676,0.029780371324
512,7716353,15071,5,0.75,5904,0.391745736846,0.571413433227,0.029786566773
1024,16020481,15645,5,0.75,6128,0.391690635986,0.571333061270,0.029866938730
256,4738561,18510,5,0.75,7250,0.391680172880,0.571317799433,0.029882200567
512,9897473,19331,5,0.75,7571,0.391650716466,0.571274833323,0.029925166677
1024,20125697,19654,5,0.75,7697,0.391625114481,0.571237489411,0.029962510589
256,4584193,17907,5,0.75,7012,0.391578712235,0.571169805545,0.030030194455
512,7984129,15594,5,0.75,6106,0.391560856740,0.571143760921,0.030056239079
512,10156033,19836,5,0.75,7767,0.391560798548,0.571143676041,0.030056323959
1024,17459201,17050,5,0.75,6675,0.391495601173,0.571048576969,0.030151423031
1024,16685057,16294,5,0.75,6379,0.391493801399,0.571045951759,0.030154048241
256,4371457,17076,5,0.75,6685,0.391485125322,0.571033296543,0.030166703457
512,9827329,19194,5,0.75,7514,0.391476503074,0.571020719843,0.030179280157
512,8044033,15711,5,0.75,6150,0.391445484056,0.570975474466,0.030224525534
256,4215041,16465,5,0.75,6445,0.391436380200,0.570962195278,0.030237804722
1024,18127873,17703,5,0.75,6929,0.391402587132,0.570912903579,0.030287096421
512,8962561,17505,5,0.75,6850,0.391316766638,0.570787722936,0.030412277064
512,8040449,15704,5,0.75,6145,0.391301579215,0.570765570053,0.030434429947
256,4603393,17982,5,0.75,7036,0.391280169058,0.570734340481,0.030465659519
1024,17797121,17380,5,0.75,6800,0.391254315305,0.570696629333,0.030503370667
1024,16448513,16063,5,0.75,6284,0.391209612152,0.570631423819,0.030568576181
256,4480001,17500,5,0.75,6846,0.391200000000,0.570617403212,0.030582596788
512,8634881,16865,5,0.75,6597,0.391165134895,0.570566547804,0.030633452196
1024,17790977,17374,5,0.75,6796,0.391159203407,0.570557895938,0.030642104062
256,5107457,19951,5,0.75,7804,0.391158337928,0.570556633521,0.030643366479
512,9788417,19118,5,0.75,7478,0.391149701852,0.570544036651,0.030655963349
1024,20422657,19944,5,0.75,7801,0.391145206578,0.570537479695,0.030662520305
1024,19998721,19530,5,0.75,7639,0.391141833077,0.570532558994,0.030667441006
256,4780033,18672,5,0.75,7303,0.391120394173,0.570501287491,0.030698712509
256,4360193,17032,5,0.75,6661,0.391087364960,0.570453109976,0.030746890024
512,9646081,18840,5,0.75,7368,0.391082802548,0.570446455089,0.030753544911
512,7806977,15248,5,0.75,5963,0.391067681007,0.570424398304,0.030775601696
1024,18519041,18085,5,0.75,7072,0.391042300249,0.570387377081,0.030812622919
256,4917761,19210,5,0.75,7511,0.390994273816,0.570317324120,0.030882675880
1024,17668097,17254,5,0.75,6746,0.390981801321,0.570299131322,0.030900868678
512,7807489,15249,5,0.75,5962,0.390976457473,0.570291336606,0.030908663394
1024,17111041,16710,5,0.75,6533,0.390963494913,0.570272428983,0.030927571017
1024,18855937,18414,5,0.75,7198,0.390898229608,0.570177230826,0.031022769174
256,4417537,17256,5,0.75,6745,0.390878535002,0.570148503616,0.031051496384
256,4798721,18745,5,0.75,7327,0.390877567351,0.570147092168,0.031052907832
1024,15978497,15604,5,0.75,6099,0.390861317611,0.570123389753,0.031076610247
512,8882689,17349,5,0.75,6781,0.390858262724,0.570118933793,0.031081066207
512,9238529,18044,5,0.75,7052,0.390822434050,0.570066672891,0.031133327109
512,8345089,16299,5,0.75,6370,0.390821522793,0.570065343700,0.031134656300
256,4857089,18973,5,0.75,7415,0.390818531598,0.570060980643,0.031139019357
512,9968641,19470,5,0.75,7609,0.390806368772,0.570043239539,0.031156760461
256,4263169,16653,5,0.75,6508,0.390800456374,0.570034615518,0.031165384482
512,9017857,17613,5,0.75,6883,0.390790893090,0.570020666192,0.031179333808
512,7979009,15584,5,0.75,6090,0.390785420945,0.570012684337,0.031187315663
1024,16801793,16408,5,0.75,6412,0.390784982935,0.570012045442,0.031187954558
256,4156417,16236,5,0.75,6344,0.390736634639,0.569941523000,0.031258477000
1024,19314689,18862,5,0.75,7370,0.390732690065,0.569935769312,0.031264230688
1024,15645697,15279,5,0.75,5970,0.390732377773,0.569935313794,0.031264686206
1024,18657281,18220,5,0.75,7119,0.390724478595,0.569923791788,0.031276208212
256,4987393,19482,5,0.75,7612,0.390719638641,0.569916732069,0.031283267931
1024,17735681,17320,5,0.75,6767,0.390704387991,0.569894486961,0.031305513039
256,4457729,17413,5,0.75,6803,0.390685120312,0.569866382480,0.031333617520
512,9441281,18440,5,0.75,7204,0.390672451193,0.569847902879,0.031352097121
1024,20033537,19564,5,0.75,7643,0.390666530362,0.569839266557,0.031360733443
256,3865601,15100,5,0.75,5899,0.390662251656,0.569833025493,0.031366974507
512,9925633,19386,5,0.75,7573,0.390642731868,0.569804553278,0.031395446722
256,3993601,15600,5,0.75,6094,0.390641025641,0.569802064518,0.031397935482
512,10079233,19686,5,0.75,7690,0.390632937113,0.569790266320,0.031409733680
512,7908353,15446,5,0.75,6033,0.390586559627,0.569722618569,0.031477381431
256,4738817,18511,5,0.75,7230,0.390578574901,0.569710971781,0.031489028219
512,8260097,16133,5,0.75,6301,0.390565920783,0.569692514061,0.031507485939
512,8637953,16871,5,0.75,6589,0.390551834509,0.569671967350,0.031528032650
256,3919873,15312,5,0.75,5980,0.390543364681,0.569659612976,0.031540387024
256,5078273,19837,5,0.75,7747,0.390532842668,0.569644265215,0.031555734785
512,8032769,15689,5,0.75,6127,0.390528395691,0.569637778707,0.031562221293
256,5116417,19986,5,0.75,7805,0.390523366356,0.569630442751,0.031569557249
256,4672001,18250,5,0.75,7127,0.390520547945,0.569626331722,0.031573668278
512,8183809,15984,5,0.75,6242,0.390515515516,0.569618991252,0.031581008748
512,9361409,18284,5,0.75,7140,0.390505359877,0.569604177898,0.031595822102
1024,17906689,17487,5,0.75,6828,0.390461485675,0.569540181519,0.031659818481
1024,17348609,16942,5,0.75,6615,0.390449769803,0.569523092356,0.031676907644
512,8276993,16166,5,0.75,6312,0.390449090684,0.569522101771,0.031677898229
512,8372737,16353,5,0.75,6385,0.390448235798,0.569520854805,0.031679145195
256,4480769,17503,5,0.75,6834,0.390447351883,0.569519565497,0.031680434503
1024,16992257,16594,5,0.75,6479,0.390442328552,0.569512238300,0.031687761700
512,7713281,15065,5,0.75,5882,0.390441420511,0.569510913800,0.031689086200
512,7921153,15471,5,0.75,6040,0.390407859867,0.569461961122,0.031738038878
512,9116161,17805,5,0.75,6951,0.390395956192,0.569444598024,0.031755401976
512,8742401,17075,5,0.75,6666,0.390395314788,0.569443662450,0.031756337550
256,3939841,15390,5,0.75,6008,0.390383365822,0.569426233289,0.031773766711
1024,16244737,15864,5,0.75,6193,0.390380736258,0.569422397719,0.031777602281
1024,17448961,17040,5,0.75,6652,0.390375586854,0.569414886627,0.031785113373
1024,15962113,15588,5,0.75,6085,0.390364382859,0.569398544104,0.031801455896
256,4413697,17241,5,0.75,6730,0.390348587669,0.569375504712,0.031824495288
512,8352769,16314,5,0.75,6368,0.390339585632,0.569362374040,0.031837625960
512,8318977,16248,5,0.75,6342,0.390324963072,0.569341045085,0.031858954915
512,10003457,19538,5,0.75,7626,0.390316306684,0.569328418588,0.031871581412
1024,17037313,16638,5,0.75,6494,0.390311335497,0.569321167448,0.031878832552
512,8485889,16574,5,0.75,6469,0.390310124291,0.569319400742,0.031880599258
512,8514049,16629,5,0.75,6490,0.390282037405,0.569278432270,0.031921567730
256,4646657,18151,5,0.75,7084,0.390281527189,0.569277688052,0.031922311948
512,7804417,15243,5,0.75,5949,0.390277504428,0.569271820320,0.031928179680
512,10116097,19758,5,0.75,7711,0.390272294767,0.569264221333,0.031935778667
512,7899137,15428,5,0.75,6021,0.390264454239,0.569252784877,0.031947215123
256,4427777,17296,5,0.75,6750,0.390263644773,0.569251604163,0.031948395837
1024,17963009,17542,5,0.75,6846,0.390263367917,0.569251200332,0.031948799668
512,7833601,15300,5,0.75,5971,0.390261437908,0.569248385157,0.031951614843
256,4967681,19405,5,0.75,7573,0.390260242206,0.569246641064,0.031953358936
256,4473089,17473,5,0.75,6819,0.390259257140,0.569245204214,0.031954795786
1024,16509953,16123,5,0.75,6292,0.390249953483,0.569231633589,0.031968366411
512,9315329,18194,5,0.75,7100,0.390238540178,0.569214985761,0.031985014239
1024,17324033,16918,5,0.75,6602,0.390235252394,0.569210190089,0.031989809911
1024,17704961,17290,5,0.75,6747,0.390225563910,0.569196058142,0.032003941858
1024,17405953,16998,5,0.75,6633,0.390222379103,0.569191412677,0.032008587323
512,9225217,18018,5,0.75,7031,0.390220890221,0.569189240943,0.032010759057
1024,18812929,18372,5,0.75,7169,0.390213368169,0.569178269027,0.032021730973
256,5038849,19683,5,0.75,7680,0.390184423106,0.569136048790,0.032063951210
256,4390657,17151,5,0.75,6692,0.390181330535,0.569131537862,0.032068462138
1024,16269313,15888,5,0.75,6199,0.390168680765,0.569113086485,0.032086913515
256,4270081,16680,5,0.75,6508,0.390167865707,0.569111897615,0.032088102385
256,4869889,19023,5,0.75,7422,0.390159280871,0.569099375484,0.032100624516
512,9445889,18449,5,0.75,7198,0.390156648057,0.569095535174,0.032104464826
256,5041921,19695,5,0.75,7684,0.390149784209,0.569085523337,0.032114476663
1024,19015681,18570,5,0.75,7245,0.390145395800,0.569079122256,0.032120877744
256,4822273,18837,5,0.75,7349,0.390136433615,0.569066049713,0.032133950287
256,4488961,17535,5,0.75,6841,0.390134017679,0.569062525748,0.032137474252
1024,18137089,17712,5,0.75,6910,0.390130984643,0.569058101661,0.032141898339
1024,19024897,18579,5,0.75,7248,0.390117875020,0.569038979526,0.032161020474
256,4308481,16830,5,0.75,6565,0.390077243018,0.568979712330,0.032220287670
1024,17074177,16674,5,0.75,6504,0.390068369917,0.568966769728,0.032233230272
256,4727297,18466,5,0.75,7203,0.390068233510,0.568966570760,0.032233429240
256,3915521,15295,5,0.75,5966,0.390062111801,0.568957641430,0.032242358570
256,5066753,19792,5,0.75,7720,0.390056588521,0.568949584988,0.032250415012
512,8719873,17031,5,0.75,6643,0.390053431977,0.568944980748,0.032255019252
256,3940609,15393,5,0.75,6004,0.390047424154,0.568936217537,0.032263782463
256,4544513,17752,5,0.75,6924,0.390040558810,0.568926203517,0.032273796483
512,7897601,15425,5,0.75,6016,0.390016207455,0.568890683816,0.032309316184
1024,17990657,17569,5,0.75,6852,0.390005122659,0.568874515162,0.032325484838
512,9143809,17859,5,0.75,6965,0.389999440058,0.568866226330,0.032333773670
256,4911617,19186,5,0.75,7482,0.389971854477,0.568825989079,0.032374010921
1024,20379649,19902,5,0.75,7761,0.389960807959,0.568809876258,0.032390123742
256,3860993,15082,5,0.75,5881,0.389935021880,0.568772263821,0.032427736179
1024,16843777,16449,5,0.75,6414,0.389932518694,0.568768612590,0.032431387410
512,10222081,19965,5,0.75,7785,0.389932381668,0.568768412719,0.032431587281
1024,16694273,16303,5,0.75,6357,0.389928234067,0.568762362890,0.032437637110
256,4161793,16257,5,0.75,6339,0.389924340284,0.568756683288,0.032443316712
256,4979969,19453,5,0.75,7585,0.389914152059,0.568741822402,0.032458177598
256,3885569,15178,5,0.75,5918,0.389906443537,0.568730578494,0.032469421506
1024,16112641,15735,5,0.75,6135,0.389895138227,0.568714088191,0.032485911809
512,8258561,16130,5,0.75,6289,0.389894606324,0.568713312339,0.032486687661
1024,18213889,17787,5,0.75,6935,0.389891493788,0.568708772290,0.032491227710
1024,17310721,16905,5,0.75,6591,0.389884649512,0.568698789000,0.032501211000
512,9220097,18008,5,0.75,7021,0.389882274545,0.568695324793,0.032504675207
1024,15766529,15397,5,0.75,6003,0.389881145678,0.568693678190,0.032506321810
512,9209857,17988,5,0.75,7013,0.389871025128,0.568678916018,0.032521083982
256,4189697,16366,5,0.75,6380,0.389832579738,0.568622838287,0.032577161713
256,4999681,19530,5,0.75,7613,0.389810547875,0.568590701874,0.032609298126
1024,18118657,17694,5,0.75,6897,0.389793150220,0.568565325073,0.032634674927
512,8083457,15788,5,0.75,6154,0.389789713707,0.568560312459,0.032639687541
256,4992769,19503,5,0.75,7602,0.389786186741,0.568555167909,0.032644832091
512,9899009,19334,5,0.75,7536,0.389779662770,0.568545651828,0.032654348172
512,10223617,19968,5,0.75,7783,0.389773637821,0.568536863634,0.032663136366
512,9581569,18714,5,0.75,7294,0.389761675751,0.568519415359,0.032680584641
256,4677889,18273,5,0.75,7122,0.389755376785,0.568510227478,0.032689772522
256,5118209,19993,5,0.75,7792,0.389736407743,0.568482558598,0.032717441402
256,4041217,15786,5,0.75,6152,0.389712403395,0.568447545054,0.032752454946
1024,19040257,18594,5,0.75,7246,0.389695600731,0.568423036126,0.032776963874
256,4695809,18343,5,0.75,7148,0.389685438587,0.568408213283,0.032791786717
256,3948289,15423,5,0.75,6010,0.389677754004,0.568397004293,0.032802995707
512,8427521,16460,5,0.75,6414,0.389671931956,0.568388512059,0.032811487941
1024,18681857,18244,5,0.75,7109,0.389662354747,0.568374542421,0.032825457579
1024,16997377,16599,5,0.75,6468,0.389662027833,0.568374065574,0.032825934426
1024,20300801,19825,5,0.75,7725,0.389659520807,0.568370408742,0.032829591258
1024,16653313,16263,5,0.75,6337,0.389657504765,0.568367468076,0.032832531924
256,4319233,16872,5,0.75,6574,0.389639639640,0.568341409406,0.032858590594
1024,19763201,19300,5,0.75,7520,0.389637305699,0.568338005043,0.032861994957
1024,19301377,18849,5,0.75,7344,0.389622791660,0.568316834380,0.032883165620
512,9172481,17915,5,0.75,6980,0.389617638850,0.568309318319,0.032890681681
512,8012801,15650,5,0.75,6097,0.389584664537,0.568261220883,0.032938779117
1024,16370689,15987,5,0.75,6228,0.389566522800,0.568234758738,0.032965241262
1024,18896897,18454,5,0.75,7189,0.389563238322,0.568229967890,0.032970032110
256,4350977,16996,5,0.75,6621,0.389562249941,0.568228526204,0.032971473796
512,9570817,18693,5,0.75,7282,0.389557588402,0.568221726727,0.032978273273
512,8451073,16506,5,0.75,6430,0.389555313219,0.568218408070,0.032981591930
512,8992769,17564,5,0.75,6842,0.389546800273,0.568205990802,0.032994009198
512,9028609,17634,5,0.75,6869,0.389531586707,0.568183799786,0.033016200214
512,8066561,15755,5,0.75,6137,0.389527134243,0.568177305272,0.033022694728
256,4367873,17062,5,0.75,6646,0.389520572031,0.568167733411,0.033032266589
256,5065217,19786,5,0.75,7707,0.389517840898,0.568163749688,0.033036250312
256,4787969,18703,5,0.75,7285,0.389509704326,0.568151881412,0.033048118588
512,9118721,17810,5,0.75,6937,0.389500280741,0.568138135856,0.033061864144
256,4590337,17931,5,0.75,6984,0.389493056717,0.568127598654,0.033072401346
512,9768449,19079,5,0.75,7431,0.389485822108,0.568117046011,0.033082953989
1024,19003393,18558,5,0.75,7228,0.389481625175,0.568110924224,0.033089075776
512,7717889,15074,5,0.75,5871,0.389478572376,0.568106471309,0.033093528691
1024,16135169,15757,5,0.75,6137,0.389477692454,0.568105187825,0.033094812175
512,7874561,15380,5,0.75,5990,0.389466840052,0.568089358149,0.033110641851
512,9453569,18464,5,0.75,7191,0.389460571924,0.568080215247,0.033119784753
256,5002241,19540,5,0.75,7610,0.389457523030,0.568075768028,0.033124231972
1024,18594817,18159,5,0.75,7072,0.389448758192,0.568062983342,0.033137016658
256,5089793,19882,5,0.75,7743,0.389447741676,0.568061500619,0.033138499381
512,9799681,19140,5,0.75,7454,0.389446185998,0.568059231455,0.033140768545
1024,19612673,19153,5,0.75,7459,0.389442907116,0.568054448768,0.033145551232
256,5012993,19582,5,0.75,7626,0.389439280972,0.568049159553,0.033150840447
1024,17333249,16927,5,0.75,6592,0.389436994151,0.568045823920,0.033154176080
1024,17651713,17238,5,0.75,6713,0.389430328344,0.568036100951,0.033163899049
512,8698369,16989,5,0.75,6616,0.389428453705,0.568033366540,0.033166633460
512,8489473,16581,5,0.75,6457,0.389421627164,0.568023409118,0.033176590882
512,8444929,16494,5,0.75,6423,0.389414332485,0.568012768855,0.033187231145
512,9197057,17963,5,0.75,6995,0.389411568224,0.568008736811,0.033191263189
512,7846913,15326,5,0.75,5968,0.389403627822,0.567997154676,0.033202845324
512,8696321,16985,5,0.75,6614,0.389402413895,0.567995384001,0.033204615999
256,4057601,15850,5,0.75,6172,0.389400630915,0.567992783287,0.033207216713
512,9031681,17640,5,0.75,6869,0.389399092971,0.567990539990,0.033209460010
256,4655873,18187,5,0.75,7082,0.389399021279,0.567990435418,0.033209564582
256,4475137,17481,5,0.75,6807,0.389394199417,0.567983402088,0.033216597912
256,4361473,17037,5,0.75,6634,0.389387803017,0.567974072086,0.033225927914
512,8778241,17145,5,0.75,6676,0.389384660251,0.567969487942,0.033230512058
256,4618753,18042,5,0.75,7025,0.389369249529,0.567947009348,0.033252990652
256,4594433,17947,5,0.75,6988,0.389368696718,0.567946203000,0.033253797000
256,3873281,15130,5,0.75,5891,0.389358889623,0.567931898043,0.033268101957
1024,15940609,15567,5,0.75,6061,0.389349264470,0.567917858472,0.033282141528
1024,15470593,15108,5,0.75,5882,0.389330156209,0.567889986524,0.033310013476
1024,15694849,15327,5,0.75,5967,0.389312977099,0.567864928500,0.033335071500
1024,17646593,17233,5,0.75,6709,0.389311205246,0.567862344015,0.033337655985
256,3931649,15358,5,0.75,5979,0.389308503711,0.567858403467,0.033341596533
1024,18333697,17904,5,0.75,6970,0.389298480786,0.567843783693,0.033356216307
256,4458497,17416,5,0.75,6780,0.389297197979,0.567841912547,0.033358087453
256,4496641,17565,5,0.75,6838,0.389296897239,0.567841473878,0.033358526122
256,4550657,17776,5,0.75,6920,0.389288928893,0.567829850982,0.033370149018
256,4351489,16998,5,0.75,6617,0.389281091893,0.567818419672,0.033381580328
512,9380353,18321,5,0.75,7132,0.389280061132,0.567816916169,0.033383083831
256,4996097,19516,5,0.75,7597,0.389270342283,0.567802739932,0.033397260068
1024,18758657,18319,5,0.75,7131,0.389267973143,0.567799284224,0.033400715776
512,10162177,19848,5,0.75,7726,0.389258363563,0.567785267370,0.033414732630
512,8964097,17508,5,0.75,6815,0.389250628284,0.567773984433,0.033426015567
256,4359169,17028,5,0.75,6628,0.389241249706,0.567760304526,0.033439695474
1024,17089537,16689,5,0.75,6496,0.389238420517,0.567756177775,0.033443822225
256,4281601,16725,5,0.75,6510,0.389237668161,0.567755080365,0.033444919635
1024,17416193,17008,5,0.75,6620,0.389228598307,0.567741850771,0.033458149229
256,3892481,15205,5,0.75,5918,0.389214074318,0.567720665595,0.033479334405
256,4304897,16816,5,0.75,6545,0.389212654615,0.567718594769,0.033481405231
512,8466433,16536,5,0.75,6436,0.389211417513,0.567716790292,0.033483209708
1024,19164161,18715,5,0.75,7284,0.389206518835,0.567709644916,0.033490355084
256,4866049,19008,5,0.75,7398,0.389204545455,0.567706766477,0.033493233523
256,4632577,18096,5,0.75,7043,0.389202033599,0.567703102600,0.033496897400
256,4573441,17865,5,0.75,6953,0.389196753428,0.567695400767,0.033504599233
256,4317697,16866,5,0.75,6564,0.389185343294,0.567678757563,0.033521242437
256,3855361,15060,5,0.75,5861,0.389176626826,0.567666043432,0.033533956568
1024,17010689,16612,5,0.75,6465,0.389176498916,0.567665856858,0.033534143142
512,9126401,17825,5,0.75,6937,0.389172510519,0.567660039248,0.033539960752
256,5110529,19963,5,0.75,7769,0.389169964434,0.567656325444,0.033543674556
256,4368641,17065,5,0.75,6641,0.389159097568,0.567640474670,0.033559525330
1024,18411521,17980,5,0.75,6997,0.389154616240,0.567633938055,0.033566061945
1024,16657409,16267,5,0.75,6330,0.389131370259,0.567600030689,0.033599969311
512,9919489,19374,5,0.75,7539,0.389129761536,0.567597684152,0.033602315848
512,9727489,18999,5,0.75,7393,0.389125743460,0.567591823252,0.033608176748
512,9042433,17661,5,0.75,6872,0.389105939641,0.567562936739,0.033637063261
256,4903681,19155,5,0.75,7453,0.389089010702,0.567538243623,0.033661756377
256,4663553,18217,5,0.75,7088,0.389087116430,0.567535480574,0.033664519426
256,4043777,15796,5,0.75,6146,0.389085844518,0.567533625320,0.033666374680
1024,17259521,16855,5,0.75,6558,0.389083358054,0.567529998481,0.033670001519
512,9019393,17616,5,0.75,6854,0.389078110808,0.567522344673,0.033677655327
256,4522241,17665,5,0.75,6873,0.389074440985,0.567516991746,0.033683008254
512,9849857,19238,5,0.75,7485,0.389073708286,0.567515923007,0.033684076993
256,4421633,17272,5,0.75,6720,0.389069013432,0.567509074936,0.033690925064
256,4722433,18447,5,0.75,7177,0.389060551851,0.567496732591,0.033703267409
256,4736257,18501,5,0.75,7198,0.389060050808,0.567496001753,0.033703998247
1024,16092161,15715,5,0.75,6114,0.389055042953,0.567488697127,0.033711302873
1024,18597889,18162,5,0.75,7066,0.389054068935,0.567487276393,0.033712723607
256,4700161,18360,5,0.75,7143,0.389052287582,0.567484678051,0.033715321949
256,4492289,17548,5,0.75,6827,0.389047184864,0.567477235057,0.033722764943
512,8513537,16628,5,0.75,6469,0.389042578783,0.567470516473,0.033729483527
512,9379841,18320,5,0.75,7127,0.389028384279,0.567449811895,0.033750188105
1024,16780289,16387,5,0.75,6375,0.389027887960,0.567449087947,0.033750912053
1024,16536577,16149,5,0.75,6282,0.389002415010,0.567411932251,0.033788067749
256,4845569,18928,5,0.75,7363,0.389000422654,0.567409026134,0.033790973866
1024,18395137,17964,5,0.75,6988,0.389000222668,0.567408734426,0.033791265574
512,8113153,15846,5,0.75,6164,0.388994067904,0.567399756882,0.033800243118
256,4777217,18661,5,0.75,7259,0.388993087187,0.567398326376,0.033801673624
1024,20365313,19888,5,0.75,7736,0.388978278359,0.567376725724,0.033823274276
1024,20213761,19740,5,0.75,7678,0.388956433637,0.567344862282,0.033855137718
256,4680961,18285,5,0.75,7112,0.388952693465,0.567339406741,0.033860593259
256,4699393,18357,5,0.75,7140,0.388952443210,0.567339041711,0.033860958289
1024,17999873,17578,5,0.75,6837,0.388952099215,0.567338539949,0.033861460051
512,8257537,16128,5,0.75,6273,0.388950892857,0.567336780315,0.033863219685
256,4417793,17257,5,0.75,6712,0.388943617083,0.567326167627,0.033873832373
512,8203777,16023,5,0.75,6232,0.388940897460,0.567322200694,0.033877799306
1024,19219457,18769,5,0.75,7300,0.388939208269,0.567319736784,0.033880263216
512,7839233,15311,5,0.75,5955,0.388936059043,0.567315143217,0.033884856783
256,4977409,19443,5,0.75,7562,0.388931749216,0.567308856759,0.033891143241
256,4028929,15738,5,0.75,6121,0.388931249206,0.567308127428,0.033891872572
1024,16571393,16183,5,0.75,6294,0.388926651424,0.567301420950,0.033898579050
512,7693313,15026,5,0.75,5844,0.388925861839,0.567300269236,0.033899730764
256,3840257,15001,5,0.75,5834,0.388907406173,0.567273349183,0.033926650817
512,9848833,19236,5,0.75,7481,0.388906217509,0.567271615358,0.033928384642
1024,19250177,18799,5,0.75,7311,0.388903665089,0.567267892312,0.033932107688
512,9502721,18560,5,0.75,7218,0.388900862069,0.567263803734,0.033936196266
512,8928769,17439,5,0.75,6782,0.388898446012,0.567260279592,0.033939720408
256,3983873,15562,5,0.75,6052,0.388896028788,0.567256753749,0.033943246251
512,9226753,18021,5,0.75,7008,0.388879640420,0.567232849127,0.033967150873
512,8290817,16193,5,0.75,6297,0.388871734700,0.567221317580,0.033978682420
256,4033537,15756,5,0.75,6127,0.388867732927,0.567215480460,0.033984519540
1024,17161217,16759,5,0.75,6517,0.388865684110,0.567212491987,0.033987508013
512,9305089,18174,5,0.75,7067,0.388852206449,0.567192833019,0.034007166981
512,7922689,15474,5,0.75,6017,0.388845805868,0.567183496918,0.034016503082
512,8836609,17259,5,0.75,6711,0.388840604902,0.567175910615,0.034024089385
1024,19864577,19399,5,0.75,7543,0.388834476004,0.567166970800,0.034033029200
512,7813633,15261,5,0.75,5934,0.388834283468,0.567166689960,0.034033310040
512,10065409,19659,5,0.75,7644,0.388829543720,0.567159776406,0.034040223594
1024,19867649,19402,5,0.75,7544,0.388825894238,0.567154453148,0.034045546852
1024,16831489,16437,5,0.75,6391,0.388817910811,0.567142808255,0.034057191745
512,9847297,19233,5,0.75,7478,0.388810897936,0.567132579041,0.034067420959
512,8573953,16746,5,0.75,6511,0.388809267885,0.567130201394,0.034069798606
1024,18772993,18333,5,0.75,7128,0.388807069219,0.567126994347,0.034073005653
1024,17611777,17199,5,0.75,6687,0.388801674516,0.567119125452,0.034080874548
1024,18204673,17778,5,0.75,6912,0.388795140061,0.567109594077,0.034090405923
256,4058113,15852,5,0.75,6163,0.388783749685,0.567092979694,0.034107020306
512,9338369,18239,5,0.75,7091,0.388782279730,0.567090835569,0.034109164431
256,4376833,17097,5,0.75,6647,0.388781657601,0.567089928110,0.034110071890
1024,17262593,16858,5,0.75,6554,0.388776841855,0.567082903703,0.034117096297
512,9687553,18921,5,0.75,7356,0.388774377676,0.567079309368,0.034120690632
512,8989697,17558,5,0.75,6826,0.388768652466,0.567070958386,0.034129041614
256,3970049,15508,5,0.75,6029,0.388767087955,0.567068676337,0.034131323663
256,4655617,18186,5,0.75,7070,0.388760585065,0.567059191005,0.034140808995
512,7939073,15506,5,0.75,6028,0.388752740875,0.567047749206,0.034152250794
256,4618241,18040,5,0.75,7013,0.388747228381,0.567039708499,0.034160291501
256,4549121,17770,5,0.75,6908,0.388745075971,0.567036568921,0.034163431079
512,7882753,15396,5,0.75,5985,0.388737334373,0.567025276767,0.034174723233
256,4177153,16317,5,0.75,6343,0.388735674450,0.567022855549,0.034177144451
1024,15415297,15054,5,0.75,5852,0.388733891325,0.567020254622,0.034179745378
512,8562689,16724,5,0.75,6501,0.388722793590,0.567004067096,0.034195932904
256,4384769,17128,5,0.75,6658,0.388720224194,0.567000319289,0.034199680711
256,3867137,15106,5,0.75,5872,0.388719714021,0.566999575133,0.034200424867
256,4215553,16467,5,0.75,6401,0.388716827595,0.566995364895,0.034204635105
1024,15790081,15420,5,0.75,5994,0.388715953307,0.566994089631,0.034205910369
256,3962113,15477,5,0.75,6016,0.388705821542,0.566979311098,0.034220688902
512,9851393,19241,5,0.75,7479,0.388701210956,0.566972585943,0.034227414057
512,8399873,16406,5,0.75,6377,0.388699256370,0.566969734919,0.034230265081
1024,15382529,15022,5,0.75,5839,0.388696578352,0.566965828672,0.034234171328
512,7771649,15179,5,0.75,5900,0.388694907438,0.566963391421,0.034236608579
512,8990209,17559,5,0.75,6825,0.388689560909,0.566955592796,0.034244407204
512,8614913,16826,5,0.75,6540,0.388684179246,0.566947742923,0.034252257077
256,4600577,17971,5,0.75,6985,0.388681765066,0.566944221518,0.034255778482
1024,18147329,17722,5,0.75,6888,0.388669450401,0.566926258936,0.034273741064
256,4381441,17115,5,0.75,6652,0.388664913818,0.566919641725,0.034280358275
256,3959297,15466,5,0.75,6011,0.388658993922,0.566911006766,0.034288993234
512,9584129,18719,5,0.75,7275,0.388642555692,0.566887029414,0.034312970586
1024,15756289,15387,5,0.75,5980,0.388639760837,0.566882952745,0.034317047255
512,9141761,17855,5,0.75,6939,0.388630635676,0.566869642480,0.034330357520
512,7815169,15264,5,0.75,5932,0.388626834382,0.566864097785,0.034335902215
256,3870721,15120,5,0.75,5876,0.388624338624,0.566860457390,0.034339542610
1024,17569793,17158,5,0.75,6668,0.388623382679,0.566859063016,0.034340936984
512,8510977,16623,5,0.75,6460,0.388618179631,0.566851473676,0.034348526324
256,4763393,18607,5,0.75,7231,0.388617187080,0.566850025908,0.034349974092
256,4976897,19441,5,0.75,7555,0.388611696929,0.566842017791,0.034357982209
1024,19608577,19149,5,0.75,7441,0.388584260275,0.566801997769,0.034398002231
256,4210433,16447,5,0.75,6391,0.388581504226,0.566797977704,0.034402022296
512,8704513,17001,5,0.75,6606,0.388565378507,0.566774456191,0.034425543809
512,8297473,16206,5,0.75,6297,0.388559792669,0.566766308501,0.034433691499
512,9308161,18180,5,0.75,7064,0.388558855886,0.566764942077,0.034435057923
256,5060609,19768,5,0.75,7681,0.388557264265,0.566762620487,0.034437379513
256,4096769,16003,5,0.75,6218,0.388552146473,0.566755155503,0.034444844497
256,4024577,15721,5,0.75,6108,0.388524902996,0.566715417257,0.034484582743
256,4550401,17775,5,0.75,6906,0.388523206751,0.566712943057,0.034487056943
512,8315393,16241,5,0.75,6310,0.388522874207,0.566712457998,0.034487542002
256,4118273,16087,5,0.75,6250,0.388512463480,0.566697272563,0.034502727437
512,10106881,19740,5,0.75,7669,0.388500506586,0.566679831837,0.034520168163
512,9272833,18111,5,0.75,7036,0.388493180940,0.566669146405,0.034530853595
512,9591809,18734,5,0.75,7278,0.388491512758,0.566666713138,0.034533286862
256,4989697,19491,5,0.75,7572,0.388486993997,0.566660121923,0.034539878077
1024,19806209,19342,5,0.75,7514,0.388481025747,0.566651416434,0.034548583566
1024,20425729,19947,5,0.75,7749,0.388479470597,0.566649148040,0.034550851960
256,4429057,17301,5,0.75,6721,0.388474654644,0.566642123331,0.034557876669
1024,17642497,17229,5,0.75,6693,0.388472923559,0.566639598312,0.034560401688
512,9564673,18681,5,0.75,7257,0.388469568010,0.566634703796,0.034565296204
1024,20313089,19837,5,0.75,7706,0.388465997883,0.566629496289,0.034570503711
512,9373697,18308,5,0.75,7112,0.388464059428,0.566626668793,0.034573331207
512,8627713,16851,5,0.75,6546,0.388463592665,0.566625987958,0.034574012042
256,4344833,16972,5,0.75,6593,0.388463351402,0.566625636044,0.034574363956
256,4305409,16818,5,0.75,6533,0.388452848139,0.566610315633,0.034589684367
1024,16813057,16419,5,0.75,6378,0.388452402704,0.566609665907,0.034590334093
256,4273153,16692,5,0.75,6484,0.388449556674,0.566605514592,0.034594485408
1024,19929089,19462,5,0.75,7560,0.388449285788,0.566605119468,0.034594880532
512,10193921,19910,5,0.75,7734,0.388448016072,0.566603267419,0.034596732581
512,8557057,16713,5,0.75,6492,0.388440136421,0.566591773895,0.034608226105
1024,19716097,19254,5,0.75,7479,0.388438765971,0.566589774911,0.034610225089
256,4179713,16327,5,0.75,6342,0.388436332455,0.566586225304,0.034613774696
512,8022017,15668,5,0.75,6086,0.388435026806,0.566584320841,0.034615679159
1024,17016833,16618,5,0.75,6455,0.388434227946,0.566583155596,0.034616844404
1024,15630337,15264,5,0.75,5929,0.388430293501,0.566577416683,0.034622583317
512,9760769,19064,5,0.75,7405,0.388428451532,0.566574729925,0.034625270075
1024,17230849,16827,5,0.75,6536,0.388423367207,0.566567313760,0.034632686240
1024,18006017,17584,5,0.75,6830,0.388421292084,0.566564286915,0.034635713085
256,4264961,16660,5,0.75,6471,0.388415366146,0.566555643145,0.034644356855
512,8580097,16758,5,0.75,6509,0.388411504953,0.566550011079,0.034649988921
512,9756161,19055,5,0.75,7401,0.388401994227,0.566536138416,0.034663861584
256,5091841,19890,5,0.75,7725,0.388386123680,0.566512989106,0.034687010894
512,9974273,19481,5,0.75,7566,0.388378419999,0.566501752259,0.034698247741
1024,20352001,19875,5,0.75,7719,0.388377358491,0.566500203907,0.034699796093
256,4221953,16492,5,0.75,6405,0.388370118846,0.566489643918,0.034710356082
256,4989953,19492,5,0.75,7570,0.388364457213,0.566481385672,0.034718614328
256,3910913,15277,5,0.75,5933,0.388361589317,0.566477202463,0.034722797537
512,10123777,19773,5,0.75,7679,0.388357861731,0.566471765281,0.034728234719
256,4809473,18787,5,0.75,7296,0.388353648800,0.566465620159,0.034734379841
256,4279553,16717,5,0.75,6492,0.388347191482,0.566456201299,0.034743798701
1024,17907713,17488,5,0.75,6791,0.388323421775,0.566421530010,0.034778469990
512,7787009,15209,5,0.75,5906,0.388322703662,0.566420482546,0.034779517454
1024,16128001,15750,5,0.75,6116,0.388317460317,0.566412834428,0.034787165572
1024,17879041,17460,5,0.75,6780,0.388316151203,0.566410924910,0.034789075090
256,4301057,16801,5,0.75,6524,0.388310219630,0.566402272919,0.034797727081
256,4256257,16626,5,0.75,6456,0.388307470227,0.566398262549,0.034801737451
512,8904193,17391,5,0.75,6753,0.388304295325,0.566393631530,0.034806368470
512,8997889,17574,5,0.75,6824,0.388300899055,0.566388677618,0.034811322382
1024,17922049,17502,5,0.75,6796,0.388298480174,0.566385149356,0.034814850644
512,8160769,15939,5,0.75,6189,0.388292866554,0.566376961142,0.034823038858
512,10167809,19859,5,0.75,7711,0.388287426356,0.566369025887,0.034830974113
512,7761409,15159,5,0.75,5886,0.388284187611,0.566364301746,0.034835698254
256,4044289,15798,5,0.75,6134,0.388276997088,0.566353813409,0.034846186591
512,9405953,18371,5,0.75,7133,0.388274998639,0.566350898404,0.034849101596
1024,16923649,16527,5,0.75,6417,0.388273733890,0.566349053599,0.034850946401
512,9543169,18639,5,0.75,7237,0.388271902999,0.566346383000,0.034853617000
256,3937537,15381,5,0.75,5972,0.388271243742,0.566345421386,0.034854578614
256,4622593,18057,5,0.75,7011,0.388270476823,0.566344302733,0.034855697267
512,9323009,18209,5,0.75,7070,0.388269537042,0.566342931936,0.034857068064
1024,17517569,17107,5,0.75,6642,0.388262114924,0.566332105786,0.034867894214
256,4399873,17187,5,0.75,6673,0.388258567522,0.566326931427,0.034873068573
256,4072961,15910,5,0.75,6177,0.388246385921,0.566309162936,0.034890837064
1024,19741697,19279,5,0.75,7485,0.388246278334,0.566309006007,0.034890993993
512,9597953,18746,5,0.75,7278,0.388242825136,0.566303969057,0.034896030943
1024,15685633,15318,5,0.75,5947,0.388236062149,0.566294104338,0.034905895662
512,8683009,16959,5,0.75,6584,0.388230438115,0.566285900934,0.034914099066
256,4736513,18502,5,0.75,7183,0.388228299643,0.566282781687,0.034917218313
512,9376769,18314,5,0.75,7110,0.388227585454,0.566281739946,0.034918260054
1024,16279553,15898,5,0.75,6172,0.388224933954,0.566277872380,0.034922127620
1024,17218561,16815,5,0.75,6528,0.388224799286,0.566277675949,0.034922324051
512,9123841,17820,5,0.75,6918,0.388215488215,0.566264094510,0.034935905490
512,9789953,19121,5,0.75,7423,0.388211913603,0.566258880461,0.034941119539
512,8397313,16401,5,0.75,6367,0.388208036095,0.566253224598,0.034946775402
256,4445953,17367,5,0.75,6742,0.388207520009,0.566252471818,0.034947528182
1024,18997249,18552,5,0.75,7202,0.388206123329,0.566250434573,0.034949565427
256,5051393,19732,5,0.75,7660,0.388201905534,0.566244282357,0.034955717643
256,3877633,15147,5,0.75,5880,0.388195682313,0.566235204959,0.034964795041
512,9410561,18380,5,0.75,7135,0.388193688792,0.566232297142,0.034967702858
512,9192961,17955,5,0.75,6970,0.388192703982,0.566230860665,0.034969139335
256,5029121,19645,5,0.75,7626,0.388190379231,0.566227469706,0.034972530294
256,4265473,16662,5,0.75,6468,0.388188692834,0.566225009870,0.034974990130
256,3857921,15070,5,0.75,5850,0.388188453882,0.566224661327,0.034975338673
1024,16104449,15727,5,0.75,6105,0.388185922299,0.566220968676,0.034979031324
1024,18027521,17605,5,0.75,6834,0.388185174666,0.566219878153,0.034980121847
512,10203649,19929,5,0.75,7736,0.388178032014,0.566209459641,0.034990540359
256,4663297,18216,5,0.75,7071,0.388175230567,0.566205373357,0.034994626643
256,4005121,15645,5,0.75,6073,0.388175135826,0.566205235165,0.034994764835
512,8243713,16101,5,0.75,6250,0.388174647537,0.566204522931,0.034995477069
256,4377089,17098,5,0.75,6637,0.388174055445,0.566203659285,0.034996340715
1024,19581953,19123,5,0.75,7423,0.388171312033,0.566199657652,0.035000342348
256,4018433,15697,5,0.75,6093,0.388163343314,0.566188034213,0.035011965787
512,10060289,19649,5,0.75,7627,0.388162247443,0.566186435738,0.035013564262
512,9444353,18446,5,0.75,7160,0.388160034696,0.566183208152,0.035016791848
256,4837633,18897,5,0.75,7335,0.388156850294,0.566178563276,0.035021436724
256,4733441,18490,5,0.75,7177,0.388155759870,0.566176972748,0.035023027252
256,4499969,17578,5,0.75,6823,0.388155649107,0.566176811185,0.035023188815
256,4201217,16411,5,0.75,6370,0.388154286759,0.566174824019,0.035025175981
512,9059329,17694,5,0.75,6868,0.388154176557,0.566174663275,0.035025336725
256,4688641,18315,5,0.75,7109,0.388151788152,0.566171179467,0.035028820533
256,5071873,19812,5,0.75,7690,0.388148596810,0.566166524469,0.035033475531
512,9521153,18596,5,0.75,7218,0.388147988815,0.566165637627,0.035034362373
256,4260097,16641,5,0.75,6459,0.388137732107,0.566150676850,0.035049323150
512,8478209,16559,5,0.75,6427,0.388127302373,0.566135463691,0.035064536309
512,7718401,15075,5,0.75,5851,0.388126036484,0.566133617223,0.035066382777
256,4320257,16876,5,0.75,6550,0.388125148139,0.566132321454,0.035067678546
256,4801793,18757,5,0.75,7280,0.388121767873,0.566127390885,0.035072609115
512,9532417,18618,5,0.75,7226,0.388119024600,0.566123389454,0.035076610546
256,4045313,15802,5,0.75,6133,0.388115428427,0.566118143956,0.035081856044
256,3863297,15091,5,0.75,5857,0.388112119807,0.566113317892,0.035086682108
1024,17360897,16954,5,0.75,6580,0.388109000826,0.566108768442,0.035091231558
256,4111361,16060,5,0.75,6233,0.388107098381,0.566105993473,0.035094006527
1024,20287489,19812,5,0.75,7689,0.388098122350,0.566092900734,0.035107099266
1024,16617473,16228,5,0.75,6298,0.388094651220,0.566087837627,0.035112162373
1024,19878913,19413,5,0.75,7534,0.388090454850,0.566081716661,0.035118283339
512,7745537,15128,5,0.75,5871,0.388088313062,0.566078592578,0.035121407422
256,4133377,16146,5,0.75,6266,0.388083735910,0.566071916191,0.035128083809
1024,19264513,18813,5,0.75,7301,0.388082708765,0.566070417963,0.035129582037
256,4419073,17262,5,0.75,6699,0.388077858881,0.566063343760,0.035136656240
512,9361921,18285,5,0.75,7096,0.388077659284,0.566063052620,0.035136947380
1024,15781889,15412,5,0.75,5981,0.388074227874,0.566058047452,0.035141952548
512,8645633,16886,5,0.75,6553,0.388072959848,0.566056197867,0.035143802133
512,8326657,16263,5,0.75,6311,0.388058783742,0.566035520125,0.035164479875
512,9318913,18201,5,0.75,7063,0.388055601341,0.566030878167,0.035169121833
256,4686593,18307,5,0.75,7104,0.388048287540,0.566020210013,0.035179789987
1024,20356097,19879,5,0.75,7714,0.388047688516,0.566019336256,0.035180663744
256,4326401,16900,5,0.75,6558,0.388047337278,0.566018823929,0.035181176071
256,5015809,19593,5,0.75,7603,0.388046751391,0.566017969334,0.035182030666
1024,20382721,19905,5,0.75,7724,0.388043205225,0.566012796778,0.035187203222
256,3874561,15135,5,0.75,5873,0.388040964651,0.566009528603,0.035190471397
512,8604161,16805,5,0.75,6521,0.388039274026,0.566007062599,0.035192937401
256,4403713,17202,5,0.75,6675,0.388036274852,0.566002687904,0.035197312096
256,4308737,16831,5,0.75,6531,0.388033984909,0.565999347717,0.035200652283
512,10080769,19689,5,0.75,7640,0.388033927574,0.565999264086,0.035200735914
256,5095169,19903,5,0.75,7723,0.388031954982,0.565996386797,0.035203613203
512,9280001,18125,5,0.75,7033,0.388027586207,0.565990014356,0.035209985644
512,8849921,17285,5,0.75,6707,0.388024298525,0.565985218833,0.035214781167
1024,17182721,16780,5,0.75,6511,0.388021454112,0.565981069878,0.035218930122
256,4361729,17038,5,0.75,6611,0.388015025238,0.565971692506,0.035228307494
256,4869121,19020,5,0.75,7380,0.388012618297,0.565968181662,0.035231818338
1024,18328577,17899,5,0.75,6945,0.388010503380,0.565965096774,0.035234903226
1024,15525889,15162,5,0.75,5883,0.388009497428,0.565963629458,0.035236370542
512,9920513,19376,5,0.75,7518,0.388005780347,0.565958207599,0.035241792401
512,9113089,17799,5,0.75,6906,0.387999325805,0.565948792789,0.035251207211
256,4823809,18843,5,0.75,7311,0.387995542111,0.565943273766,0.035256726234
1024,20171777,19699,5,0.75,7643,0.387989238032,0.565934078426,0.035265921574
512,8266241,16145,5,0.75,6264,0.387983895943,0.565926286276,0.035273713724
256,4622081,18055,5,0.75,7005,0.387981168651,0.565922308157,0.035277691843
1024,19095553,18648,5,0.75,7235,0.387977262977,0.565916611210,0.035283388790
256,4721153,18442,5,0.75,7155,0.387973104869,0.565910546055,0.035289453945
512,8902657,17388,5,0.75,6746,0.387968714056,0.565904141467,0.035295858533
512,9080833,17736,5,0.75,6881,0.387967974741,0.565903063078,0.035296936922
1024,17114113,16713,5,0.75,6484,0.387961467121,0.565893570847,0.035306429153
1024,19869697,19404,5,0.75,7528,0.387961245104,0.565893247005,0.035306752995
256,3878657,15151,5,0.75,5878,0.387961190680,0.565893167621,0.035306832379
256,5005057,19551,5,0.75,7585,0.387959695156,0.565890986199,0.035309013801
1024,19795969,19332,5,0.75,7500,0.387957790192,0.565888207555,0.035311792445
256,4855297,18966,5,0.75,7358,0.387957397448,0.565887634685,0.035312365315
256,4319489,16873,5,0.75,6546,0.387957091211,0.565887187997,0.035312812003
512,10210817,19943,5,0.75,7737,0.387955673670,0.565885120325,0.035314879675
1024,16491521,16105,5,0.75,6248,0.387954051537,0.565882754227,0.035317245773
1024,17138689,16737,5,0.75,6493,0.387942881042,0.565866460570,0.035333539430
512,7879169,15389,5,0.75,5970,0.387939437260,0.565861437355,0.035338562645
1024,15373313,15013,5,0.75,5824,0.387930460268,0.565848343213,0.035351656787
1024,16693249,16302,5,0.75,6324,0.387927861612,0.565844552727,0.035355447273
256,4416257,17251,5,0.75,6692,0.387919540896,0.565832415853,0.035367584147
512,8144897,15908,5,0.75,6171,0.387918028665,0.565830210061,0.035369789939
512,8404993,16416,5,0.75,6368,0.387914230019,0.565824669230,0.035375330770
256,4388609,17143,5,0.75,6650,0.387913434055,0.565823508209,0.035376491791
1024,18705409,18267,5,0.75,7086,0.387912629332,0.565822334413,0.035377665587
256,3936001,15375,5,0.75,5964,0.387902439024,0.565807470490,0.035392529510
512,8766977,17123,5,0.75,6642,0.387899316709,0.565802916176,0.035397083824
512,8567809,16734,5,0.75,6491,0.387892912633,0.565793574977,0.035406425023
1024,16153601,15775,5,0.75,6119,0.387892234548,0.565792585900,0.035407414100
256,3936769,15378,5,0.75,5965,0.387891793471,0.565791942530,0.035408057470
512,9835009,19209,5,0.75,7451,0.387891092717,0.565790920387,0.035409079613
1024,19126273,18678,5,0.75,7245,0.387889495663,0.565788590871,0.035411409129
1024,15572993,15208,5,0.75,5899,0.387887953709,0.565786341724,0.035413658276
1024,15705089,15337,5,0.75,5949,0.387885505640,0.565782770890,0.035417229110
256,4039169,15778,5,0.75,6120,0.387881860819,0.565777454432,0.035422545568
256,4672769,18253,5,0.75,7080,0.387881444146,0.565776846659,0.035423153341
512,8760833,17111,5,0.75,6637,0.387879142072,0.565773488777,0.035426511223
256,4936193,19282,5,0.75,7479,0.387874701794,0.565767012039,0.035432987961
256,5068289,19798,5,0.75,7679,0.387867461360,0.565756450899,0.035443549101
256,4563457,17826,5,0.75,6914,0.387860428587,0.565746192662,0.035453807338
256,4928513,19252,5,0.75,7467,0.387855807189,0.565739451736,0.035460548264
1024,15732737,15364,5,0.75,5959,0.387854725332,0.565737873703,0.035462126297
256,5066497,19791,5,0.75,7676,0.387853064524,0.565735451193,0.035464548807
256,3963649,15483,5,0.75,6005,0.387844732933,0.565723298455,0.035476701545
256,4085761,15960,5,0.75,6190,0.387844611529,0.565723121371,0.035476878629
1024,20085761,19615,5,0.75,7607,0.387815447362,0.565680581542,0.035519418458
512,8949761,17480,5,0.75,6779,0.387814645309,0.565679411641,0.035520588359
256,3922433,15322,5,0.75,5942,0.387808380107,0.565670273008,0.035529726992
512,8844289,17274,5,0.75,6699,0.387808266759,0.565670107675,0.035529892325
256,4953601,19350,5,0.75,7504,0.387803617571,0.565663326214,0.035536673786
256,4747009,18543,5,0.75,7191,0.387801326646,0.565659984594,0.035540015406
256,4553729,17788,5,0.75,6898,0.387789521025,0.565642764521,0.035557235479
1024,16868353,16473,5,0.75,6388,0.387786074182,0.565637736840,0.035562263160
512,7922177,15473,5,0.75,6000,0.387772248433,0.565617570139,0.035582429861
256,4404737,17206,5,0.75,6672,0.387771707544,0.565616781181,0.035583218819
1024,19182593,18733,5,0.75,7264,0.387764906849,0.565606861460,0.035593138540
256,4542977,17746,5,0.75,6881,0.387749351967,0.565584172588,0.035615827412
512,8383489,16374,5,0.75,6349,0.387748870160,0.565583469809,0.035616530191
256,4811777,18796,5,0.75,7288,0.387742072781,0.565573554925,0.035626445075
256,4454657,17401,5,0.75,6747,0.387736336992,0.565565188511,0.035634811489
512,10158593,19841,5,0.75,7693,0.387732473162,0.565559552599,0.035640447401
1024,15920129,15547,5,0.75,6028,0.387727535859,0.565552350884,0.035647649116
256,4003841,15640,5,0.75,6064,0.387723785166,0.565546879998,0.035653120002
256,5050369,19728,5,0.75,7649,0.387723033252,0.565545783231,0.035654216769
512,7822849,15279,5,0.75,5924,0.387721709536,0.565543852414,0.035656147586
1024,15508481,15145,5,0.75,5872,0.387718719049,0.565539490390,0.035660509610
256,4291841,16765,5,0.75,6500,0.387712496272,0.565530413639,0.035669586361
256,4410113,17227,5,0.75,6679,0.387705346259,0.565519984391,0.035680015609
1024,17252353,16848,5,0.75,6532,0.387701804368,0.565514818071,0.035685181929
256,4520449,17658,5,0.75,6846,0.387699626232,0.565511640968,0.035688359032
256,4124929,16113,5,0.75,6247,0.387699373177,0.565511271854,0.035688728146
512,7845889,15324,5,0.75,5941,0.387692508483,0.565501258782,0.035698741218
1024,16552961,16165,5,0.75,6267,0.387689452521,0.565496801253,0.035703198747
1024,17440769,17032,5,0.75,6603,0.387682010333,0.565485945830,0.035714054170
256,4993537,19506,5,0.75,7562,0.387675586999,0.565476576539,0.035723423461
512,10028033,19586,5,0.75,7593,0.387674869805,0.565475530416,0.035724469584
512,9243649,18054,5,0.75,6999,0.387670322366,0.565468897370,0.035731102630
512,9765377,19073,5,0.75,7394,0.387668431815,0.565466139748,0.035733860252
512,8850433,17286,5,0.75,6701,0.387654749508,0.565446182278,0.035753817722
1024,15556609,15192,5,0.75,5889,0.387638230648,0.565422087316,0.035777912684
256,4087297,15966,5,0.75,6189,0.387636226982,0.565419164703,0.035780835297
256,4906241,19165,5,0.75,7429,0.387633707279,0.565415489379,0.035784510621
512,9329153,18221,5,0.75,7063,0.387629658087,0.565409583092,0.035790416908
1024,19419137,18964,5,0.75,7351,0.387629192154,0.565408903466,0.035791096534
256,4974337,19431,5,0.75,7532,0.387628017086,0.565407189473,0.035792810527
512,10112513,19751,5,0.75,7656,0.387625942990,0.565404164128,0.035795835872
512,9025537,17628,5,0.75,6833,0.387621965056,0.565398361779,0.035801638221
1024,16046081,15670,5,0.75,6074,0.387619655392,0.565394992827,0.035805007173
256,4006913,15652,5,0.75,6067,0.387618195758,0.565392863755,0.035807136245
1024,19243009,18792,5,0.75,7284,0.387611749681,0.565383461292,0.035816538708
256,4177409,16318,5,0.75,6325,0.387608775585,0.565379123177,0.035820876823
512,8311297,16233,5,0.75,6292,0.387605494979,0.565374337975,0.035825662025
512,8286209,16184,5,0.75,6273,0.387605042017,0.565373677269,0.035826322731
256,4890113,19102,5,0.75,7404,0.387603392315,0.565371270959,0.035828729041
256,5083649,19858,5,0.75,7697,0.387601974016,0.565369202180,0.035830797820
512,7825409,15284,5,0.75,5924,0.387594870453,0.565358840686,0.035841159314
512,8344577,16298,5,0.75,6317,0.387593569763,0.565356943456,0.035843056544
256,5032961,19660,5,0.75,7620,0.387589013225,0.565350297137,0.035849702863
256,4552193,17782,5,0.75,6892,0.387582949050,0.565341451728,0.035858548272
512,8903681,17390,5,0.75,6740,0.387579068430,0.565335791327,0.035864208673
1024,19022849,18577,5,0.75,7200,0.387576034882,0.565331366492,0.035868633508
256,4021249,15708,5,0.75,6088,0.387573211103,0.565327247633,0.035872752367
256,4675841,18265,5,0.75,7079,0.387571858746,0.565325275041,0.035874724959
512,10048001,19625,5,0.75,7606,0.387566878981,0.565318011389,0.035881988611
1024,15974401,15600,5,0.75,6046,0.387564102564,0.565313961614,0.035886038386
512,8972801,17525,5,0.75,6792,0.387560627675,0.565308893024,0.035891106976
512,7793153,15221,5,0.75,5899,0.387556665134,0.565303113129,0.035896886871
512,7941121,15510,5,0.75,6011,0.387556415216,0.565302748591,0.035897251409
256,4266497,16666,5,0.75,6459,0.387555502220,0.565301416865,0.035898583135
512,8828929,17244,5,0.75,6683,0.387555091626,0.565300817959,0.035899182041
512,8926721,17435,5,0.75,6757,0.387553771150,0.565298891868,0.035901108132
1024,20133889,19662,5,0.75,7620,0.387549588038,0.565292790241,0.035907209759
256,4457473,17412,5,0.75,6748,0.387548816908,0.565291665445,0.035908334555
512,8834561,17255,5,0.75,6687,0.387539843524,0.565278576566,0.035921423434
512,8201729,16019,5,0.75,6208,0.387539796492,0.565278507964,0.035921492036
256,4108801,16050,5,0.75,6220,0.387538940810,0.565277259838,0.035922740162
256,4477441,17490,5,0.75,6778,0.387535734706,0.565272583307,0.035927416693
1024,16247809,15867,5,0.75,6149,0.387533875339,0.565269871172,0.035930128828
1024,19624961,19165,5,0.75,7427,0.387529350378,0.565263270914,0.035936729086
512,9976321,19485,5,0.75,7551,0.387528868360,0.565262567826,0.035937432174
512,9129473,17831,5,0.75,6910,0.387527340026,0.565260338546,0.035939661454
256,4132097,16141,5,0.75,6255,0.387522458336,0.565253217950,0.035946782050
1024,19826689,19362,5,0.75,7503,0.387511620700,0.565237409812,0.035962590188
256,3911681,15280,5,0.75,5921,0.387500000000,0.565220459470,0.035979540530
1024,18841601,18400,5,0.75,7130,0.387500000000,0.565220459470,0.035979540530
512,8207873,16031,5,0.75,6212,0.387499220261,0.565219322117,0.035980677883
512,9702401,18950,5,0.75,7343,0.387493403694,0.565210837878,0.035989162122
512,10086913,19701,5,0.75,7634,0.387493020659,0.565210279170,0.035989720830
256,4996609,19518,5,0.75,7563,0.387488472180,0.565203644606,0.035996355394
256,4269313,16677,5,0.75,6462,0.387479762547,0.565190940445,0.036009059555
512,8633857,16863,5,0.75,6534,0.387475538160,0.565184778613,0.036015221387
512,8870401,17325,5,0.75,6713,0.387474747475,0.565183625292,0.036016374708
512,9286657,18138,5,0.75,7028,0.387473811887,0.565182260612,0.036017739388
256,4019713,15702,5,0.75,6084,0.387466564769,0.565171689724,0.036028310276
256,4836353,18892,5,0.75,7320,0.387465593902,0.565170273585,0.036029726415
1024,15928321,15555,5,0.75,6027,0.387463837994,0.565167712359,0.036032287641
256,4500737,17581,5,0.75,6812,0.387463739264,0.565167568348,0.036032431652
256,4718849,18433,5,0.75,7142,0.387457277708,0.565158143307,0.036041856693
256,4039681,15780,5,0.75,6114,0.387452471483,0.565151132786,0.036048867214
512,8574977,16748,5,0.75,6489,0.387449247671,0.565146430426,0.036053569574
256,4582913,17902,5,0.75,6936,0.387442743828,0.565136943702,0.036063056298
256,4630529,18088,5,0.75,7008,0.387439186201,0.565131754429,0.036068245571
512,8217089,16049,5,0.75,6218,0.387438469687,0.565130709297,0.036069290703
256,4327937,16906,5,0.75,6550,0.387436413108,0.565127709503,0.036072290497
256,4538113,17727,5,0.75,6868,0.387431601512,0.565120691148,0.036079308852
512,7875073,15381,5,0.75,5959,0.387426045121,0.565112586410,0.036087413590
1024,17719297,17304,5,0.75,6704,0.387424872862,0.565110876514,0.036089123486
1024,17959937,17539,5,0.75,6795,0.387422315982,0.565107146963,0.036092853037
512,9223169,18014,5,0.75,6979,0.387420894860,0.565105074067,0.036094925933
256,4525057,17676,5,0.75,6848,0.387417967866,0.565100804656,0.036099195344
1024,15998977,15624,5,0.75,6053,0.387416794675,0.565099093400,0.036100906600
256,4657921,18195,5,0.75,7049,0.387414124760,0.565095198973,0.036104801027
256,4779521,18670,5,0.75,7233,0.387412961971,0.565093502890,0.036106497110
1024,16398337,16014,5,0.75,6204,0.387411015362,0.565090663501,0.036109336499
256,4398337,17181,5,0.75,6656,0.387404691229,0.565081438909,0.036118561091
256,3991297,15591,5,0.75,6040,0.387402988904,0.565078955841,0.036121044159
1024,19470337,19014,5,0.75,7366,0.387398758809,0.565072785684,0.036127214316
256,3944449,15408,5,0.75,5969,0.387396157840,0.565068991823,0.036131008177
256,4511489,17623,5,0.75,6827,0.387391477047,0.565062164262,0.036137835738
512,9338881,18240,5,0.75,7066,0.387390350877,0.565060521593,0.036139478407
256,3900929,15238,5,0.75,5903,0.387386796167,0.565055336574,0.036144663426
1024,17367041,16960,5,0.75,6570,0.387382075472,0.565048450809,0.036151549191
256,4945153,19317,5,0.75,7483,0.387378992597,0.565043954026,0.036156045974
1024,20407297,19929,5,0.75,7720,0.387375181896,0.565038395609,0.036161604391
256,4546049,17758,5,0.75,6879,0.387374704359,0.565037699057,0.036162300943
256,4709377,18396,5,0.75,7126,0.387366818874,0.565026197025,0.036173802975
1024,19393537,18939,5,0.75,7336,0.387348856856,0.564999997026,0.036200002974
256,4957441,19365,5,0.75,7501,0.387348308805,0.564999197619,0.036200802381
1024,20392961,19915,5,0.75,7714,0.387346221441,0.564996152921,0.036203847079
1024,16115713,15738,5,0.75,6096,0.387342737324,0.564991070871,0.036208929129
256,4716289,18423,5,0.75,7136,0.387341909570,0.564989863481,0.036210136519
256,4667393,18232,5,0.75,7062,0.387340939008,0.564988447788,0.036211552212
1024,19623937,19164,5,0.75,7423,0.387340847422,0.564988314198,0.036211685802
256,4464641,17440,5,0.75,6755,0.387327981651,0.564969547754,0.036230452246
1024,17253377,16849,5,0.75,6526,0.387322689774,0.564961828845,0.036238171155
256,4789249,18708,5,0.75,7246,0.387320932222,0.564959265220,0.036240734780
1024,18070529,17647,5,0.75,6835,0.387317957727,0.564954926522,0.036245073478
256,4396033,17172,5,0.75,6651,0.387316561845,0.564952890442,0.036247109558
256,4984321,19470,5,0.75,7541,0.387313816127,0.564948885447,0.036251114553
1024,17692673,17278,5,0.75,6692,0.387313346452,0.564948200363,0.036251799637
512,8312321,16235,5,0.75,6288,0.387311364336,0.564945309183,0.036254690817
256,4704769,18378,5,0.75,7118,0.387310915225,0.564944654093,0.036255345907
1024,19673089,19212,5,0.75,7441,0.387310014574,0.564943340374,0.036256659626
256,4998913,19527,5,0.75,7563,0.387309878630,0.564943142081,0.036256857919
512,9963521,19460,5,0.75,7537,0.387307297020,0.564939376458,0.036260623542
256,4909057,19176,5,0.75,7427,0.387307050480,0.564939016847,0.036260983153
256,4813313,18802,5,0.75,7282,0.387299223487,0.564927600134,0.036272399866
512,9481217,18518,5,0.75,7172,0.387298844368,0.564927047138,0.036272952862
512,9269761,18105,5,0.75,7012,0.387296326981,0.564923375194,0.036276624806
256,4151809,16218,5,0.75,6281,0.387285731903,0.564907920858,0.036292079142
1024,17369089,16962,5,0.75,6569,0.387277443698,0.564895831405,0.036304168595
256,4048129,15813,5,0.75,6124,0.387276291659,0.564894151002,0.036305848998
1024,16414721,16030,5,0.75,6208,0.387273861510,0.564890606305,0.036309393695
1024,18966529,18522,5,0.75,7173,0.387269193392,0.564883797232,0.036316202768
1024,16132097,15754,5,0.75,6101,0.387266725911,0.564880198082,0.036319801918
1024,15931393,15558,5,0.75,6025,0.387260573338,0.564871223734,0.036328776266
512,8785409,17159,5,0.75,6645,0.387260329856,0.564870868583,0.036329131417
1024,18364417,17934,5,0.75,6945,0.387253261961,0.564860559114,0.036339440886
256,4561409,17818,5,0.75,6900,0.387248849478,0.564854122920,0.036345877080
256,5052673,19737,5,0.75,7643,0.387242235395,0.564844475397,0.036355524603
1024,19502081,19045,5,0.75,7375,0.387240745603,0.564842302336,0.036357697664
256,4899329,19138,5,0.75,7411,0.387240045982,0.564841281846,0.036358718154
512,9491969,18539,5,0.75,7179,0.387237715087,0.564837881925,0.036362118075
1024,20187137,19714,5,0.75,7634,0.387237496196,0.564837562642,0.036362437358
512,8159233,15936,5,0.75,6171,0.387236445783,0.564836030475,0.036363969525
256,5037569,19678,5,0.75,7620,0.387234475048,0.564833155896,0.036366844104
512,9161729,17894,5,0.75,6929,0.387224768079,0.564818996985,0.036381003015
256,4905473,19162,5,0.75,7420,0.387224715583,0.564818920413,0.036381079587
256,4627201,18075,5,0.75,6999,0.387219917012,0.564811921058,0.036388078942
1024,19701761,19240,5,0.75,7450,0.387214137214,0.564803490451,0.036396509549
256,4171777,16296,5,0.75,6310,0.387211585665,0.564799768676,0.036400231324
256,4138753,16167,5,0.75,6260,0.387208511165,0.564795284107,0.036404715893
256,5097473,19912,5,0.75,7710,0.387203696264,0.564788260931,0.036411739069
512,10173953,19871,5,0.75,7694,0.387197423381,0.564779111094,0.036420888906
1024,16121857,15744,5,0.75,6096,0.387195121951,0.564775754152,0.036424245848
256,4456961,17410,5,0.75,6741,0.387191269385,0.564770134671,0.036429865329
1024,18825217,18384,5,0.75,7118,0.387184508268,0.564760272679,0.036439727321
1024,15548417,15184,5,0.75,5879,0.387183877766,0.564759353008,0.036440646992
256,3877889,15148,5,0.75,5865,0.387179825720,0.564753442557,0.036446557443
1024,16577537,16189,5,0.75,6268,0.387176477855,0.564748559250,0.036451440750
256,4387073,17137,5,0.75,6635,0.387173951100,0.564744873640,0.036455126360
1024,15763457,15394,5,0.75,5960,0.387163830064,0.564730110758,0.036469889242
1024,17691649,17277,5,0.75,6689,0.387162123054,0.564727620857,0.036472379143
1024,19860481,19395,5,0.75,7509,0.387161639598,0.564726915672,0.036473084328
256,4294657,16776,5,0.75,6495,0.387160228898,0.564724857978,0.036475142022
256,3851009,15043,5,0.75,5824,0.387156817124,0.564719881450,0.036480118550
256,4523521,17670,5,0.75,6841,0.387153367289,0.564714849406,0.036485150594
512,9479681,18515,5,0.75,7168,0.387145557656,0.564703458013,0.036496541987
512,8567297,16733,5,0.75,6478,0.387139186040,0.564694164161,0.036505835839
256,4023809,15718,5,0.75,6085,0.387135767909,0.564689178362,0.036510821638
256,4829953,18867,5,0.75,7304,0.387130969418,0.564682179121,0.036517820879
1024,19454977,18999,5,0.75,7355,0.387125638191,0.564674402816,0.036525597184
256,4687873,18312,5,0.75,7089,0.387123197903,0.564670843330,0.036529156670
256,3931393,15357,5,0.75,5945,0.387119880185,0.564666003995,0.036533996005
512,9180161,17930,5,0.75,6941,0.387116564417,0.564661167506,0.036538832494
1024,19153921,18705,5,0.75,7241,0.387115744453,0.564659971479,0.036540028521
512,9799169,19139,5,0.75,7409,0.387115314280,0.564659344013,0.036540655987
256,4027393,15732,5,0.75,6090,0.387109077040,0.564650246168,0.036549753832
1024,16086017,15709,5,0.75,6081,0.387102934623,0.564641286633,0.036558713367
256,4727809,18468,5,0.75,7149,0.387102014295,0.564639944211,0.036560055789
256,4250369,16603,5,0.75,6427,0.387098717099,0.564635134811,0.036564865189
256,5028097,19641,5,0.75,7603,0.387098416578,0.564634696460,0.036565303540
256,4983809,19468,5,0.75,7536,0.387096774194,0.564632300824,0.036567699176
1024,19504129,19047,5,0.75,7373,0.387095080590,0.564629830477,0.036570169523
256,4641281,18130,5,0.75,7018,0.387093215665,0.564627110234,0.036572889766
256,4819201,18825,5,0.75,7287,0.387091633466,0.564624802387,0.036575197613
256,4081153,15942,5,0.75,6171,0.387090703801,0.564623446346,0.036576553654
512,8105473,15831,5,0.75,6128,0.387088623587,0.564620412076,0.036579587924
256,3960833,15472,5,0.75,5989,0.387086349535,0.564617095067,0.036582904933
256,5106433,19947,5,0.75,7721,0.387075750739,0.564601635310,0.036598364690
256,4859137,18981,5,0.75,7347,0.387071281808,0.564595116778,0.036604883222
256,4953089,19348,5,0.75,7489,0.387068430846,0.564590958268,0.036609041732
1024,16058369,15682,5,0.75,6070,0.387067976023,0.564590294850,0.036609705150
512,8527873,16656,5,0.75,6447,0.387067723343,0.564589926281,0.036610073719
512,9656321,18860,5,0.75,7300,0.387062566278,0.564582404014,0.036617595986
256,4764673,18612,5,0.75,7204,0.387062110466,0.564581739152,0.036618260848
256,4281857,16726,5,0.75,6474,0.387062059070,0.564581664183,0.036618335817
512,8967169,17514,5,0.75,6779,0.387061779148,0.564581255880,0.036618744120
256,4902913,19152,5,0.75,7413,0.387061403509,0.564580707960,0.036619292040
512,9520129,18594,5,0.75,7197,0.387060342046,0.564579159675,0.036620840325
256,4012033,15672,5,0.75,6066,0.387059724349,0.564578258681,0.036621741319
512,8987137,17553,5,0.75,6794,0.387056343645,0.564573327473,0.036626672527
512,8685569,16964,5,0.75,6566,0.387054939873,0.564571279884,0.036628720116
256,5117953,19992,5,0.75,7738,0.387054821929,0.564571107847,0.036628892153
1024,19228673,18778,5,0.75,7268,0.387048673980,0.564562140244,0.036637859756
1024,19101697,18654,5,0.75,7220,0.387048354240,0.564561673861,0.036638326139
256,4885249,19083,5,0.75,7386,0.387046061940,0.564558330234,0.036641669766
256,4683521,18295,5,0.75,7081,0.387045640885,0.564557716070,0.036642283930
1024,18382849,17952,5,0.75,6948,0.387032085561,0.564537943821,0.036662056179
1024,19089409,18642,5,0.75,7215,0.387029288703,0.564533864230,0.036666135770
512,9023489,17624,5,0.75,6821,0.387029051294,0.564533517937,0.036666482063
1024,19486721,19030,5,0.75,7365,0.387020493957,0.564521035919,0.036678964081
256,4046849,15808,5,0.75,6118,0.387019230769,0.564519193392,0.036680806608
256,4377601,17100,5,0.75,6618,0.387017543860,0.564516732809,0.036683267191
512,9035777,17648,5,0.75,6830,0.387012692656,0.564509656682,0.036690343318
256,4354561,17010,5,0.75,6583,0.387007642563,0.564502290447,0.036697709553
1024,17336321,16930,5,0.75,6552,0.387005316007,0.564498896854,0.036701103146
512,8455169,16514,5,0.75,6391,0.387004965484,0.564498385569,0.036701614431
256,4711169,18403,5,0.75,7122,0.387002119220,0.564494233913,0.036705766087
256,4654337,18181,5,0.75,7036,0.386997414884,0.564487372011,0.036712627989
1024,18485249,18052,5,0.75,6986,0.386993130955,0.564481123330,0.036718876670
512,9745409,19034,5,0.75,7366,0.386991699065,0.564479034727,0.036720965273
256,4688897,18316,5,0.75,7088,0.386984057655,0.564467888710,0.036732111290
256,4385281,17130,5,0.75,6629,0.386981903094,0.564464745996,0.036735254004
1024,18451457,18019,5,0.75,6973,0.386980409568,0.564462567489,0.036737432511
512,9929729,19394,5,0.75,7505,0.386975353202,0.564455192105,0.036744807895
1024,17028097,16629,5,0.75,6435,0.386974562511,0.564454038777,0.036745961223
512,9850369,19239,5,0.75,7445,0.386974374968,0.564453765219,0.036746234781
256,4644097,18141,5,0.75,7020,0.386968744832,0.564445552915,0.036754447085
512,7990273,15606,5,0.75,6039,0.386966551326,0.564442353394,0.036757646606
512,7974401,15575,5,0.75,6027,0.386966292135,0.564441975329,0.036758024671
1024,19336193,18883,5,0.75,7307,0.386961817508,0.564435448488,0.036764551512
256,4205569,16428,5,0.75,6357,0.386961285610,0.564434672644,0.036765327356
256,4658177,18196,5,0.75,7041,0.386953176522,0.564422844458,0.036777155542
1024,19633153,19173,5,0.75,7419,0.386950398999,0.564418793069,0.036781206931
1024,17135617,16734,5,0.75,6475,0.386936775427,0.564398921272,0.036801078728
256,3853313,15052,5,0.75,5824,0.386925325538,0.564382220081,0.036817779919
256,4307201,16825,5,0.75,6510,0.386924219911,0.564380607376,0.036819392624
1024,17197057,16794,5,0.75,6498,0.386923901393,0.564380142776,0.036819857224
512,9725953,18996,5,0.75,7350,0.386923562855,0.564379648973,0.036820351027
256,3898369,15228,5,0.75,5892,0.386918833727,0.564372750909,0.036827249091
1024,17231873,16828,5,0.75,6511,0.386914666033,0.564366671770,0.036833328230
512,9779201,19100,5,0.75,7390,0.386910994764,0.564361316735,0.036838683265
512,8603137,16803,5,0.75,6501,0.386895197286,0.564338274005,0.036861725995
512,8517121,16635,5,0.75,6436,0.386895100691,0.564338133109,0.036861866891
1024,20144129,19672,5,0.75,7611,0.386895079301,0.564338101907,0.036861898093
512,9960961,19455,5,0.75,7527,0.386892829607,0.564334820429,0.036865179571
1024,19749889,19287,5,0.75,7462,0.386892725670,0.564334668823,0.036865331177
1024,18889729,18447,5,0.75,7137,0.386892177590,0.564333869375,0.036866130625
512,7975937,15578,5,0.75,6027,0.386891770446,0.564333275501,0.036866724499
1024,20451329,19972,5,0.75,7727,0.386891648308,0.564333097346,0.036866902654
512,10114561,19755,5,0.75,7643,0.386889395090,0.564329810727,0.036870189273
256,4888577,19096,5,0.75,7388,0.386887306242,0.564326763864,0.036873236136
512,8050177,15723,5,0.75,6083,0.386885454430,0.564324062749,0.036875937251
1024,15616001,15250,5,0.75,5900,0.386885245902,0.564323758583,0.036876241417
1024,20435969,19957,5,0.75,7721,0.386881795861,0.564318726238,0.036881273762
1024,17212417,16809,5,0.75,6503,0.386876078291,0.564310386400,0.036889613600
256,4708097,18391,5,0.75,7115,0.386874014464,0.564307376032,0.036892623968
1024,20098049,19627,5,0.75,7593,0.386865032863,0.564294275168,0.036905724832
256,4852481,18955,5,0.75,7333,0.386863624374,0.564292220699,0.036907779301
256,4867073,19012,5,0.75,7355,0.386860929939,0.564288290506,0.036911709494
1024,16051201,15675,5,0.75,6064,0.386858054226,0.564284095896,0.036915904104
1024,17575937,17164,5,0.75,6640,0.386856210674,0.564281406828,0.036918593172
512,9588737,18728,5,0.75,7245,0.386853908586,0.564278048926,0.036921951074
1024,20236289,19762,5,0.75,7645,0.386853557332,0.564277536576,0.036922463424
1024,18039809,17617,5,0.75,6815,0.386842254640,0.564261050091,0.036938949909
256,3856129,15063,5,0.75,5827,0.386841930558,0.564260577374,0.036939422626
256,4591361,17935,5,0.75,6938,0.386841371620,0.564259762088,0.036940237912
512,9205249,17979,5,0.75,6955,0.386840202458,0.564258056710,0.036941943290
256,4593409,17943,5,0.75,6941,0.386836092069,0.564252061159,0.036947938841
1024,18982913,18538,5,0.75,7171,0.386827057935,0.564238883669,0.036961116331
512,8005121,15635,5,0.75,6048,0.386824432363,0.564235053922,0.036964946078
256,4772353,18642,5,0.75,7211,0.386814719451,0.564220886343,0.036979113657
512,8782337,17153,5,0.75,6635,0.386812802425,0.564218090105,0.036981909895
256,4274689,16698,5,0.75,6459,0.386812791951,0.564218074827,0.036981925173
1024,18478081,18045,5,0.75,6980,0.386810750901,0.564215097683,0.036984902317
512,10209281,19940,5,0.75,7713,0.386810431294,0.564214631494,0.036985368506
1024,19703809,19242,5,0.75,7443,0.386810102900,0.564214152487,0.036985847513
512,8304641,16220,5,0.75,6274,0.386806411837,0.564208768580,0.036991231420
512,8851457,17288,5,0.75,6687,0.386800092550,0.564199551056,0.037000448944
512,9681409,18909,5,0.75,7314,0.386799936538,0.564199323492,0.037000676508
1024,18941953,18498,5,0.75,7155,0.386798572819,0.564197334325,0.037002665675
512,10144769,19814,5,0.75,7664,0.386797214091,0.564195352440,0.037004647560
256,4079617,15936,5,0.75,6164,0.386797188755,0.564195315484,0.037004684516
256,4807681,18780,5,0.75,7264,0.386794462194,0.564191338430,0.037008661570
1024,17846273,17428,5,0.75,6741,0.386791370209,0.564186828358,0.037013171642
1024,18542593,18108,5,0.75,7004,0.386790368898,0.564185367812,0.037014632188
1024,20472833,19993,5,0.75,7733,0.386785374881,0.564178083372,0.037021916628
256,4493569,17553,5,0.75,6789,0.386771492053,0.564157833414,0.037042166586
1024,18588673,18153,5,0.75,7021,0.386768027323,0.564152779644,0.037047220356
1024,16110593,15733,5,0.75,6085,0.386766668785,0.564150798035,0.037049201965
1024,18800641,18360,5,0.75,7101,0.386764705882,0.564147934879,0.037052065121
1024,15906817,15534,5,0.75,6008,0.386764516544,0.564147658705,0.037052341295
1024,16900097,16504,5,0.75,6383,0.386754726127,0.564133378074,0.037066621926
512,10163201,19850,5,0.75,7677,0.386750629723,0.564127402922,0.037072597078
512,8352257,16313,5,0.75,6309,0.386746766383,0.564121767725,0.037078232275
256,4634881,18105,5,0.75,7002,0.386743993372,0.564117722919,0.037082277081
1024,18846721,18405,5,0.75,7118,0.386742732953,0.564115884430,0.037084115570
1024,15523841,15160,5,0.75,5863,0.386741424802,0.564113976317,0.037086023683
256,4783873,18687,5,0.75,7227,0.386739444534,0.564111087831,0.037088912169
1024,15952897,15579,5,0.75,6025,0.386738558316,0.564109795164,0.037090204836
256,4053761,15835,5,0.75,6124,0.386738238080,0.564109328058,0.037090671942
256,4750849,18558,5,0.75,7177,0.386733484212,0.564102393906,0.037097606094
1024,16607233,16218,5,0.75,6272,0.386730792946,0.564098468336,0.037101531664
256,4946177,19321,5,0.75,7472,0.386729465349,0.564096531858,0.037103468142
512,8163329,15944,5,0.75,6166,0.386728549925,0.564095196590,0.037104803410
1024,16909313,16513,5,0.75,6386,0.386725610125,0.564090908501,0.037109091499
256,4218113,16477,5,0.75,6372,0.386720883656,0.564084014314,0.037115985686
256,5064193,19782,5,0.75,7650,0.386715195632,0.564075717573,0.037124282427
256,3974657,15526,5,0.75,6004,0.386706170295,0.564062552914,0.037137447086
256,4369921,17070,5,0.75,6601,0.386701816052,0.564056201669,0.037143798331
1024,19603457,19144,5,0.75,7403,0.386700793982,0.564054710845,0.037145289155
1024,20316161,19840,5,0.75,7672,0.386693548387,0.564044142177,0.037155857823
1024,18290689,17862,5,0.75,6907,0.386686821185,0.564034329654,0.037165670346
1024,17236993,16833,5,0.75,6509,0.386680924375,0.564025728370,0.037174271630
256,5077249,19833,5,0.75,7669,0.386678767710,0.564022582588,0.037177417412
512,9512449,18579,5,0.75,7184,0.386673125572,0.564014352776,0.037185647224
512,8690177,16973,5,0.75,6563,0.386672951158,0.564014098369,0.037185901631
256,4924417,19236,5,0.75,7438,0.386670825535,0.564010997866,0.037189002134
256,3998209,15618,5,0.75,6039,0.386669227814,0.564008667376,0.037191332624
256,4766977,18621,5,0.75,7200,0.386660222330,0.563995531675,0.037204468325
1024,17495041,17085,5,0.75,6606,0.386654960492,0.563987856582,0.037212143418
256,4982273,19462,5,0.75,7525,0.386650909465,0.563981947619,0.037218052381
512,9817601,19175,5,0.75,7414,0.386649282920,0.563979575087,0.037220424913
256,5104129,19938,5,0.75,7709,0.386648610693,0.563978594554,0.037221405446
256,4973057,19426,5,0.75,7511,0.386646762071,0.563975898092,0.037224101908
1024,19534849,19077,5,0.75,7376,0.386643602244,0.563971289062,0.037228710938
1024,16078849,15702,5,0.75,6071,0.386638644759,0.563964057908,0.037235942092
1024,20170753,19698,5,0.75,7616,0.386638237385,0.563963463699,0.037236536301
512,8100353,15821,5,0.75,6117,0.386638012768,0.563963136065,0.037236863935
256,4306433,16822,5,0.75,6504,0.386636547378,0.563960998599,0.037239001401
256,4921601,19225,5,0.75,7433,0.386631989597,0.563954350467,0.037245649533
256,5053441,19740,5,0.75,7632,0.386626139818,0.563945817783,0.037254182217
512,8659457,16913,5,0.75,6539,0.386625672560,0.563945136225,0.037254863775
512,8426497,16458,5,0.75,6363,0.386620488516,0.563937574606,0.037262425394
1024,20478977,19999,5,0.75,7732,0.386619330967,0.563935886165,0.037264113835
256,4002049,15633,5,0.75,6044,0.386618051558,0.563934019977,0.037265980023
512,9371137,18303,5,0.75,7076,0.386603289078,0.563912486930,0.037287513070
1024,19107841,18660,5,0.75,7214,0.386602357985,0.563911128807,0.037288871193
1024,17179649,16777,5,0.75,6486,0.386600703344,0.563908715292,0.037291284708
1024,18795521,18355,5,0.75,7096,0.386597657314,0.563904272251,0.037295727749
256,4583681,17905,5,0.75,6922,0.386595922927,0.563901742415,0.037298257585
256,4949249,19333,5,0.75,7474,0.386592872291,0.563897292656,0.037302707344
256,4853249,18958,5,0.75,7329,0.386591412596,0.563895163497,0.037304836503
256,4233473,16537,5,0.75,6393,0.386587651932,0.563889678066,0.037310321934
256,4156673,16237,5,0.75,6277,0.386586192031,0.563887548605,0.037312451395
1024,16075777,15699,5,0.75,6069,0.386585132811,0.563886003592,0.037313996408
256,4815617,18811,5,0.75,7272,0.386582318856,0.563881899063,0.037318100937
256,4918273,19212,5,0.75,7427,0.386581303352,0.563880417815,0.037319582185
256,4576001,17875,5,0.75,6910,0.386573426573,0.563868928482,0.037331071518
512,8059393,15741,5,0.75,6085,0.386570103551,0.563864081411,0.037335918589
512,9295361,18155,5,0.75,7018,0.386560176260,0.563849601132,0.037350398868
256,5062913,19777,5,0.75,7645,0.386560145624,0.563849556445,0.037350443555
256,4188161,16360,5,0.75,6324,0.386552567237,0.563838502357,0.037361497643
256,5084929,19863,5,0.75,7678,0.386547852792,0.563831625709,0.037368374291
512,9169921,17910,5,0.75,6923,0.386543830262,0.563825758313,0.037374241687
256,5098241,19915,5,0.75,7698,0.386542806929,0.563824265645,0.037375734355
512,8939521,17460,5,0.75,6749,0.386540664376,0.563821140445,0.037378859555
512,10027009,19584,5,0.75,7570,0.386540032680,0.563820219032,0.037379780968
1024,19895297,19429,5,0.75,7510,0.386535591127,0.563813740434,0.037386259566
256,5033473,19662,5,0.75,7600,0.386532397518,0.563809082130,0.037390917870
256,3994369,15603,5,0.75,6031,0.386528231750,0.563803005802,0.037396994198
256,5071361,19810,5,0.75,7657,0.386521958607,0.563793855585,0.037406144415
256,4163329,16263,5,0.75,6286,0.386521551989,0.563793262479,0.037406737521
256,4619009,18043,5,0.75,6974,0.386521088511,0.563792586434,0.037407413566
1024,15922177,15549,5,0.75,6010,0.386520033443,0.563791047476,0.037408952524
256,4428289,17298,5,0.75,6686,0.386518672679,0.563789062620,0.037410937380
256,4682753,18292,5,0.75,7070,0.386507762956,0.563773149334,0.037426850666
1024,18895873,18453,5,0.75,7132,0.386495420799,0.563755146650,0.037444853350
256,4286209,16743,5,0.75,6471,0.386489876366,0.563747059356,0.037452940644
512,9683969,18914,5,0.75,7310,0.386486200698,0.563741697903,0.037458302097
1024,16986113,16588,5,0.75,6411,0.386484205450,0.563738787567,0.037461212433
512,8876033,17336,5,0.75,6700,0.386479003230,0.563731199436,0.037468800564
256,4960001,19375,5,0.75,7488,0.386477419355,0.563728889142,0.037471110858
1024,16957441,16560,5,0.75,6400,0.386473429952,0.563723070065,0.037476929935
512,7872001,15375,5,0.75,5942,0.386471544715,0.563720320197,0.037479679803
256,4263937,16656,5,0.75,6437,0.386467339097,0.563714185741,0.037485814259
256,4562689,17823,5,0.75,6888,0.386466924760,0.563713581375,0.037486418625
512,10024961,19580,5,0.75,7567,0.386465781410,0.563711913646,0.037488086354
1024,15418369,15057,5,0.75,5819,0.386464767218,0.563710434312,0.037489565688
1024,19594241,19135,5,0.75,7395,0.386464593677,0.563710181179,0.037489818821
512,9688577,18923,5,0.75,7313,0.386460920573,0.563704823467,0.037495176533
512,7729153,15096,5,0.75,5834,0.386459989401,0.563703465229,0.037496534771
512,8551937,16703,5,0.75,6455,0.386457522601,0.563699867071,0.037500132929
512,8770561,17130,5,0.75,6620,0.386456509048,0.563698388670,0.037501611330
1024,20471809,19992,5,0.75,7726,0.386454581833,0.563695577569,0.037504422431
512,9392129,18344,5,0.75,7089,0.386447884867,0.563685809151,0.037514190849
1024,16177153,15798,5,0.75,6105,0.386441321686,0.563676235876,0.037523764124
256,4602113,17977,5,0.75,6947,0.386438226623,0.563671721313,0.037528278687
256,3909889,15273,5,0.75,5902,0.386433575591,0.563664937162,0.037535062838
256,4579073,17887,5,0.75,6912,0.386425895902,0.563653735311,0.037546264689
1024,17778689,17362,5,0.75,6709,0.386418615367,0.563643115679,0.037556884321
256,4181761,16335,5,0.75,6312,0.386409550046,0.563629892698,0.037570107302
512,9968129,19469,5,0.75,7523,0.386409163285,0.563629328556,0.037570671444
1024,16515073,16128,5,0.75,6232,0.386408730159,0.563628696784,0.037571303216
512,8270849,16154,5,0.75,6242,0.386405843754,0.563624486577,0.037575513423
512,8412673,16431,5,0.75,6349,0.386403749011,0.563621431115,0.037578568885
512,8885761,17355,5,0.75,6706,0.386401613368,0.563618315995,0.037581684005
1024,16634881,16245,5,0.75,6277,0.386395814097,0.563609856984,0.037590143016
1024,16327681,15945,5,0.75,6161,0.386390718093,0.563602423783,0.037597576217
1024,15511553,15148,5,0.75,5853,0.386387641933,0.563597936792,0.037602063208
512,8447489,16499,5,0.75,6375,0.386387053761,0.563597078865,0.037602921135
512,9528833,18611,5,0.75,7191,0.386384396325,0.563593202640,0.037606797360
256,4366337,17056,5,0.75,6590,0.386374296435,0.563578470603,0.037621529397
256,4178177,16321,5,0.75,6306,0.386373383984,0.563577139671,0.037622860329
1024,17102849,16702,5,0.75,6453,0.386360914860,0.563558951790,0.037641048210
1024,15854593,15483,5,0.75,5982,0.386359232707,0.563556498145,0.037643501855
1024,15735809,15367,5,0.75,5937,0.386347367736,0.563539191502,0.037660808498
512,8038913,15701,5,0.75,6066,0.386344818801,0.563535473540,0.037664526460
1024,20104193,19633,5,0.75,7585,0.386339326644,0.563527462496,0.037672537504
512,9044993,17666,5,0.75,6825,0.386335333409,0.563521637830,0.037678362170
512,8752129,17094,5,0.75,6604,0.386334386334,0.563520256395,0.037679743605
256,4765697,18616,5,0.75,7192,0.386334336055,0.563520183056,0.037679816944
1024,17584129,17172,5,0.75,6634,0.386326578150,0.563508867117,0.037691132883
256,4995073,19512,5,0.75,7538,0.386326363264,0.563508553676,0.037691446324
256,4882433,19072,5,0.75,7368,0.386325503356,0.563507299385,0.037692700615
1024,20362241,19885,5,0.75,7682,0.386321347750,0.563501237879,0.037698762121
512,8406529,16419,5,0.75,6343,0.386320725988,0.563500330957,0.037699669043
256,4453121,17395,5,0.75,6720,0.386317907445,0.563496219735,0.037703780265
512,8494081,16590,5,0.75,6409,0.386317058469,0.563494981391,0.037705018609
256,4115201,16075,5,0.75,6210,0.386314152411,0.563490742517,0.037709257483
512,8527361,16655,5,0.75,6434,0.386310417292,0.563485294348,0.037714705652
256,4015873,15687,5,0.75,6060,0.386307133295,0.563480504201,0.037719495799
512,8382977,16373,5,0.75,6325,0.386306724485,0.563479907897,0.037720092103
512,8524801,16650,5,0.75,6432,0.386306306306,0.563479297927,0.037720702073
256,5035777,19671,5,0.75,7599,0.386304712521,0.563476973178,0.037723026822
1024,15833089,15462,5,0.75,5973,0.386301901436,0.563472872836,0.037727127164
256,4880129,19063,5,0.75,7364,0.386298064313,0.563467275880,0.037732724120
512,9811969,19164,5,0.75,7403,0.386297223962,0.563466050115,0.037733949885
512,9117697,17808,5,0.75,6879,0.386287061995,0.563451227530,0.037748772470
256,4075777,15921,5,0.75,6150,0.386282268702,0.563444235873,0.037755764127
512,10001921,19535,5,0.75,7546,0.386281034041,0.563442434956,0.037757565044
256,4790273,18712,5,0.75,7228,0.386276186404,0.563435364031,0.037764635969
256,4719361,18435,5,0.75,7121,0.386276105235,0.563435245634,0.037764754366
1024,18620417,18184,5,0.75,7024,0.386273647162,0.563431660207,0.037768339793
1024,16049153,15673,5,0.75,6054,0.386269380463,0.563425436657,0.037774563343
1024,19978241,19510,5,0.75,7536,0.386263454639,0.563416793051,0.037783206949
256,4934401,19275,5,0.75,7445,0.386251621271,0.563399532506,0.037800467494
1024,19422209,18967,5,0.75,7326,0.386249802288,0.563396879276,0.037803120724
256,3860737,15081,5,0.75,5825,0.386247596313,0.563393661568,0.037806338432
1024,17983489,17562,5,0.75,6783,0.386231636488,0.563370382033,0.037829617967
1024,18715649,18277,5,0.75,7059,0.386223121957,0.563357962452,0.037842037548
256,4049921,15820,5,0.75,6110,0.386219974716,0.563353371782,0.037846628218
1024,16361473,15978,5,0.75,6171,0.386218550507,0.563351294383,0.037848705617
1024,15587329,15222,5,0.75,5879,0.386217317041,0.563349495209,0.037850504791
256,4340993,16957,5,0.75,6549,0.386212183759,0.563342007632,0.037857992368
1024,16724993,16333,5,0.75,6308,0.386211963509,0.563341686368,0.037858313632
512,7968769,15564,5,0.75,6011,0.386211770753,0.563341405207,0.037858594793
1024,18623489,18187,5,0.75,7024,0.386209930170,0.563338720471,0.037861279529
512,9093121,17760,5,0.75,6859,0.386204954955,0.563331463456,0.037868536544
256,3955969,15453,5,0.75,5968,0.386203326215,0.563329087722,0.037870912278
256,5072897,19816,5,0.75,7653,0.386203068228,0.563328711413,0.037871288587
512,8609281,16815,5,0.75,6494,0.386202795123,0.563328313054,0.037871686946
256,4619521,18045,5,0.75,6969,0.386201163757,0.563325933489,0.037874066511
512,9513473,18581,5,0.75,7176,0.386200957968,0.563325633317,0.037874366683
256,4300801,16800,5,0.75,6488,0.386190476190,0.563310344246,0.037889655754
1024,17707009,17292,5,0.75,6678,0.386190145732,0.563309862229,0.037890137771
1024,15861761,15490,5,0.75,5982,0.386184635249,0.563301824453,0.037898175547
1024,16954369,16557,5,0.75,6394,0.386181071450,0.563296626178,0.037903373822
512,8713217,17018,5,0.75,6572,0.386179339523,0.563294099930,0.037905900070
512,9495553,18546,5,0.75,7162,0.386174916424,0.563287648251,0.037912351749
512,9131009,17834,5,0.75,6887,0.386172479533,0.563284093721,0.037915906279
512,10145281,19815,5,0.75,7652,0.386172091850,0.563283528232,0.037916471768
256,4339457,16951,5,0.75,6546,0.386171907262,0.563283258986,0.037916741014
1024,18734081,18295,5,0.75,7065,0.386171084996,0.563282059601,0.037917940399
512,9344513,18251,5,0.75,7048,0.386170620788,0.563281382492,0.037918617508
1024,19412993,18958,5,0.75,7321,0.386169427155,0.563279641419,0.037920358581
1024,19983361,19515,5,0.75,7536,0.386164488855,0.563272438249,0.037927561751
1024,18278401,17850,5,0.75,6893,0.386162464986,0.563269486167,0.037930513833
256,3928577,15346,5,0.75,5926,0.386159259742,0.563264810890,0.037935189110
512,9062401,17700,5,0.75,6835,0.386158192090,0.563263253578,0.037936746422
512,9104897,17783,5,0.75,6867,0.386155316876,0.563259059694,0.037940940306
512,9599489,18749,5,0.75,7240,0.386153928210,0.563257034139,0.037942965861
1024,17799169,17382,5,0.75,6712,0.386146588425,0.563246328084,0.037953671916
512,9882113,19301,5,0.75,7453,0.386145795555,0.563245171577,0.037954828423
512,9423361,18405,5,0.75,7107,0.386145069275,0.563244112200,0.037955887800
1024,20257793,19783,5,0.75,7639,0.386139614821,0.563236156151,0.037963843849
256,5114881,19980,5,0.75,7715,0.386136136136,0.563231082026,0.037968917974
256,4933889,19273,5,0.75,7442,0.386136045245,0.563230949448,0.037969050552
512,9341441,18245,5,0.75,7045,0.386133187175,0.563226780572,0.037973219428
256,4334593,16932,5,0.75,6538,0.386132766360,0.563226166757,0.037973833243
512,8498177,16598,5,0.75,6409,0.386130859140,0.563223384822,0.037976615178
512,8023553,15671,5,0.75,6051,0.386127241401,0.563218107868,0.037981892132
256,5043457,19701,5,0.75,7607,0.386122531851,0.563211238361,0.037988761639
256,4025089,15723,5,0.75,6071,0.386122241303,0.563210814557,0.037989185443
512,9699841,18945,5,0.75,7315,0.386117709158,0.563204203819,0.037995796181
512,10189313,19901,5,0.75,7684,0.386111250691,0.563194783283,0.038005216717
1024,17397761,16990,5,0.75,6560,0.386109476162,0.563192194896,0.038007805104
256,4761857,18601,5,0.75,7182,0.386108273749,0.563190441016,0.038009558984
1024,16008193,15633,5,0.75,6036,0.386106313567,0.563187581830,0.038012418170
256,4296449,16783,5,0.75,6480,0.386104987189,0.563185647130,0.038014352870
256,4878593,19057,5,0.75,7358,0.386104843365,0.563185437343,0.038014562657
256,3981569,15553,5,0.75,6005,0.386099144860,0.563177125312,0.038022874688
1024,20146177,19674,5,0.75,7596,0.386093321134,0.563168630632,0.038031369368
1024,15372289,15012,5,0.75,5796,0.386091127098,0.563165430338,0.038034569662
256,4400129,17188,5,0.75,6636,0.386083313940,0.563154033804,0.038045966196
512,8842753,17271,5,0.75,6668,0.386080713334,0.563150240474,0.038049759526
256,4707841,18390,5,0.75,7100,0.386079390973,0.563148311633,0.038051688367
512,8309761,16230,5,0.75,6266,0.386075169439,0.563142153963,0.038057846037
256,4179457,16326,5,0.75,6303,0.386071297317,0.563136505956,0.038063494044
256,4436737,17331,5,0.75,6691,0.386071201893,0.563136366766,0.038063633234
256,4131073,16137,5,0.75,6230,0.386069281775,0.563133566018,0.038066433982
1024,19821569,19357,5,0.75,7473,0.386061889756,0.563122783772,0.038077216228
256,4568833,17847,5,0.75,6890,0.386059281672,0.563118979534,0.038081020466
512,9040897,17658,5,0.75,6817,0.386057311134,0.563116105241,0.038083894759
1024,17824769,17407,5,0.75,6720,0.386051588441,0.563107757931,0.038092242069
512,7920641,15470,5,0.75,5972,0.386037491920,0.563087196273,0.038112803727
512,8183297,15983,5,0.75,6170,0.386035162360,0.563083798299,0.038116201701
512,9627649,18804,5,0.75,7259,0.386034886194,0.563083395475,0.038116604525
256,3880193,15157,5,0.75,5851,0.386026258494,0.563070810823,0.038129189177
1024,15812609,15442,5,0.75,5961,0.386025126279,0.563069159335,0.038130840665
1024,16921601,16525,5,0.75,6379,0.386021180030,0.563063403205,0.038136596795
512,7836161,15305,5,0.75,5908,0.386017641294,0.563058241486,0.038141758514
1024,19689473,19228,5,0.75,7422,0.385999583940,0.563031902426,0.038168097574
256,4936961,19285,5,0.75,7444,0.385999481462,0.563031752948,0.038168247052
1024,15840257,15469,5,0.75,5971,0.385997802056,0.563029303310,0.038170696690
1024,19580929,19122,5,0.75,7381,0.385995188788,0.563025491510,0.038174508490
1024,16018433,15643,5,0.75,6038,0.385987342581,0.563014046770,0.038185953230
1024,18469889,18037,5,0.75,6962,0.385984365471,0.563009704258,0.038190295742
512,10094593,19716,5,0.75,7610,0.385980929195,0.563004691990,0.038195308010
512,7799809,15234,5,0.75,5880,0.385978731784,0.563001486774,0.038198513226
512,9822721,19185,5,0.75,7405,0.385978629137,0.563001337050,0.038198662950
1024,18958337,18514,5,0.75,7146,0.385978178676,0.563000679991,0.038199320009
1024,15639553,15273,5,0.75,5895,0.385975250442,0.562996408772,0.038203591228
256,3942401,15400,5,0.75,5944,0.385974025974,0.562994622722,0.038205377278
512,8942081,17465,5,0.75,6741,0.385971943888,0.562991585721,0.038208414279
512,10051073,19631,5,0.75,7577,0.385971168051,0.562990454059,0.038209545941
512,8874497,17333,5,0.75,6690,0.385968960942,0.562987234696,0.038212765304
512,8398337,16403,5,0.75,6331,0.385965981833,0.562982889268,0.038217110732
1024,16751617,16359,5,0.75,6314,0.385964912281,0.562981329184,0.038218670816
256,5102593,19932,5,0.75,7693,0.385962271724,0.562977477579,0.038222522421
256,5105921,19945,5,0.75,7698,0.385961393833,0.562976197058,0.038223802942
1024,17396737,16989,5,0.75,6557,0.385955618341,0.562967772733,0.038232227267
1024,17781761,17365,5,0.75,6702,0.385948747481,0.562957750666,0.038242249334
1024,19676161,19215,5,0.75,7416,0.385948477752,0.562957357230,0.038242642770
1024,17763329,17347,5,0.75,6695,0.385945696662,0.562953300640,0.038246699360
512,9556993,18666,5,0.75,7204,0.385942355084,0.562948426502,0.038251573498
512,7808513,15251,5,0.75,5886,0.385941905449,0.562947770649,0.038252229351
512,8899073,17381,5,0.75,6708,0.385938668661,0.562943049363,0.038256950637
512,9139201,17850,5,0.75,6889,0.385938375350,0.562942621529,0.038257378471
512,9123329,17819,5,0.75,6877,0.385936360065,0.562939681967,0.038260318033
512,7760897,15158,5,0.75,5850,0.385934819897,0.562937435427,0.038262564573
256,4243969,16578,5,0.75,6398,0.385933164435,0.562935020714,0.038264979286
512,8020993,15666,5,0.75,6046,0.385931316226,0.562932324855,0.038267675145
1024,20305921,19830,5,0.75,7653,0.385930408472,0.562931000774,0.038268999226
1024,17814529,17397,5,0.75,6714,0.385928608381,0.562928375101,0.038271624899
256,4700417,18361,5,0.75,7086,0.385926692446,0.562925580455,0.038274419545
512,9102337,17778,5,0.75,6861,0.385926425920,0.562925191690,0.038274808310
256,4841729,18913,5,0.75,7299,0.385925025115,0.562923148430,0.038276851570
256,4150529,16213,5,0.75,6257,0.385924875100,0.562922929613,0.038277070387
512,8656897,16908,5,0.75,6525,0.385911994322,0.562904141280,0.038295858720
512,9309697,18183,5,0.75,7017,0.385909915855,0.562901109559,0.038298890441
512,9011201,17600,5,0.75,6792,0.385909090909,0.562899906264,0.038300093736
256,4191233,16372,5,0.75,6318,0.385902760811,0.562890672972,0.038309327028
256,4607233,17997,5,0.75,6945,0.385897649608,0.562883217600,0.038316782400
256,3993089,15598,5,0.75,6019,0.385882805488,0.562861565470,0.038338434530
512,9581057,18713,5,0.75,7221,0.385881472773,0.562859621527,0.038340378473
512,8607233,16811,5,0.75,6487,0.385878293974,0.562854984825,0.038345015175
1024,18098177,17674,5,0.75,6820,0.385877560258,0.562853914602,0.038346085398
512,10183681,19890,5,0.75,7675,0.385872297637,0.562846238367,0.038353761633
512,9638401,18825,5,0.75,7264,0.385869853918,0.562842673876,0.038357326124
1024,18024449,17602,5,0.75,6792,0.385865242586,0.562835947634,0.038364052366
1024,16161793,15783,5,0.75,6090,0.385858201863,0.562825677799,0.038374322201
256,4474369,17478,5,0.75,6744,0.385856505321,0.562823203167,0.038376796833
1024,15618049,15252,5,0.75,5885,0.385851035930,0.562815225330,0.038384774670
256,4127489,16123,5,0.75,6221,0.385846306519,0.562808326853,0.038391673147
512,8232449,16079,5,0.75,6204,0.385844890851,0.562806261913,0.038393738087
256,4781057,18676,5,0.75,7206,0.385842792889,0.562803201755,0.038396798245
1024,18428929,17997,5,0.75,6944,0.385842084792,0.562802168901,0.038397831099
512,7774721,15185,5,0.75,5859,0.385841290747,0.562801010681,0.038398989319
256,4138241,16165,5,0.75,6237,0.385833591092,0.562789779706,0.038410220294
1024,19732481,19270,5,0.75,7435,0.385832900882,0.562788772943,0.038411227057
1024,19674113,19213,5,0.75,7413,0.385832509239,0.562788201678,0.038411798322
1024,18875393,18433,5,0.75,7112,0.385829761840,0.562784194231,0.038415805769
1024,19265537,18814,5,0.75,7259,0.385829701286,0.562784105905,0.038415894095
1024,17861633,17443,5,0.75,6730,0.385828125896,0.562781807988,0.038418192012
256,4359937,17031,5,0.75,6571,0.385825846985,0.562778483892,0.038421516108
256,4423681,17280,5,0.75,6667,0.385821759259,0.562772521399,0.038427478601
256,4979713,19452,5,0.75,7505,0.385821509356,0.562772156882,0.038427843118
256,4422401,17275,5,0.75,6665,0.385817655572,0.562766535623,0.038433464377
512,8234497,16083,5,0.75,6205,0.385811104893,0.562756980585,0.038443019415
1024,15513601,15150,5,0.75,5845,0.385808580858,0.562753298942,0.038446701058
512,9711617,18968,5,0.75,7318,0.385807676086,0.562751979212,0.038448020788
512,10220033,19961,5,0.75,7701,0.385802314513,0.562744158642,0.038455841358
256,4547329,17763,5,0.75,6853,0.385801947869,0.562743623843,0.038456376157
512,8441857,16488,5,0.75,6361,0.385795730228,0.562734554584,0.038465445416
512,8901121,17385,5,0.75,6707,0.385792349727,0.562729623671,0.038470376329
1024,17093633,16693,5,0.75,6440,0.385790451087,0.562726854252,0.038473145748
512,7925761,15480,5,0.75,5972,0.385788113695,0.562723444854,0.038476555146
1024,16321537,15939,5,0.75,6149,0.385783298827,0.562716421726,0.038483578274
256,4793857,18726,5,0.75,7224,0.385773790452,0.562702552492,0.038497447508
512,8650753,16896,5,0.75,6518,0.385771780303,0.562699620422,0.038500379578
1024,16592897,16204,5,0.75,6251,0.385768945939,0.562695486124,0.038504513876
512,9159169,17889,5,0.75,6901,0.385767790262,0.562693800415,0.038506199585
512,8401409,16409,5,0.75,6330,0.385763910049,0.562688140607,0.038511859393
512,9911809,19359,5,0.75,7468,0.385763727465,0.562687874284,0.038512125716
512,10081793,19691,5,0.75,7596,0.385759991874,0.562682425426,0.038517574574
256,4481537,17506,5,0.75,6753,0.385753455958,0.562672891920,0.038527108080
256,4283137,16731,5,0.75,6454,0.385751001136,0.562669311234,0.038530688766
1024,16599041,16210,5,0.75,6253,0.385749537323,0.562667176067,0.038532823933
256,3878401,15150,5,0.75,5844,0.385742574257,0.562657019507,0.038542980493
1024,19639297,19179,5,0.75,7398,0.385734396997,0.562645091881,0.038554908119
512,9165313,17901,5,0.75,6905,0.385732640635,0.562642529993,0.038557470007
256,4229633,16522,5,0.75,6373,0.385728120082,0.562635936164,0.038564063836
256,4715521,18420,5,0.75,7105,0.385722041260,0.562627069390,0.038572930610
512,7867393,15366,5,0.75,5927,0.385721723285,0.562626605582,0.038573394418
1024,19618817,19159,5,0.75,7390,0.385719505193,0.562623370199,0.038576629801
1024,16736257,16344,5,0.75,6304,0.385707293196,0.562605557371,0.038594442629
1024,16731137,16339,5,0.75,6302,0.385702919395,0.562599177599,0.038600822401
512,9639937,18828,5,0.75,7262,0.385702145740,0.562598049120,0.038601950880
256,4620289,18048,5,0.75,6961,0.385693705674,0.562585738157,0.038614261843
256,4863233,18997,5,0.75,7327,0.385692477760,0.562583947080,0.038616052920
512,9994753,19521,5,0.75,7529,0.385687208647,0.562576261376,0.038623738624
512,8342017,16293,5,0.75,6284,0.385687104892,0.562576110035,0.038623889965
256,4120577,16096,5,0.75,6208,0.385685884692,0.562574330211,0.038625669789
512,9284609,18134,5,0.75,6994,0.385684349840,0.562572091425,0.038627908575
256,4169729,16288,5,0.75,6282,0.385682711198,0.562569701247,0.038630298753
1024,16490497,16104,5,0.75,6211,0.385680576254,0.562566587146,0.038633412854
256,4913921,19195,5,0.75,7403,0.385673352436,0.562556050243,0.038643949757
256,5023489,19623,5,0.75,7568,0.385669877185,0.562550981126,0.038649018874
256,4513793,17632,5,0.75,6800,0.385662431942,0.562540121246,0.038659878754
1024,16064513,15688,5,0.75,6050,0.385645079041,0.562514809724,0.038685190276
256,4104449,16033,5,0.75,6183,0.385642113142,0.562510483564,0.038689516436
256,4952833,19347,5,0.75,7461,0.385641184680,0.562509129278,0.038690870722
256,3850241,15040,5,0.75,5800,0.385638297872,0.562504918485,0.038695081515
512,8363009,16334,5,0.75,6299,0.385637320926,0.562503493477,0.038696506523
512,8947201,17475,5,0.75,6739,0.385636623748,0.562502476551,0.038697523449
1024,19904513,19438,5,0.75,7496,0.385636382344,0.562502124431,0.038697875569
1024,18149377,17724,5,0.75,6835,0.385635296773,0.562500540980,0.038699459020
256,5027329,19638,5,0.75,7573,0.385629901212,0.562492670835,0.038707329165
1024,16384001,16000,5,0.75,6170,0.385625000000,0.562485521763,0.038714478237
512,8802817,17193,5,0.75,6630,0.385622055488,0.562481226799,0.038718773201
512,9742849,19029,5,0.75,7338,0.385621945452,0.562481066297,0.038718933703
1024,18097153,17673,5,0.75,6815,0.385616477112,0.562473089994,0.038726910006
256,5115137,19981,5,0.75,7705,0.385616335519,0.562472883461,0.038727116539
256,4826369,18853,5,0.75,7270,0.385615021482,0.562470966763,0.038729033237
1024,18920449,18477,5,0.75,7125,0.385614547816,0.562470275858,0.038729724142
1024,18445313,18013,5,0.75,6946,0.385610392494,0.562464214767,0.038735785233
256,4518401,17650,5,0.75,6806,0.385609065156,0.562462278667,0.038737721333
1024,19210241,18760,5,0.75,7234,0.385607675906,0.562460252261,0.038739747739
512,7825921,15285,5,0.75,5894,0.385606804056,0.562458980551,0.038741019449
512,8906753,17396,5,0.75,6708,0.385605886411,0.562457642043,0.038742357957
1024,17258497,16854,5,0.75,6499,0.385605790910,0.562457502742,0.038742497258
1024,19731457,19269,5,0.75,7430,0.385593440241,0.562439487643,0.038760512357
512,9026561,17630,5,0.75,6798,0.385592739648,0.562438465735,0.038761534265
512,9075713,17726,5,0.75,6835,0.385591786077,0.562437074824,0.038762925176
256,5065729,19788,5,0.75,7630,0.385587224581,0.562430421273,0.038769578727
512,9661441,18870,5,0.75,7276,0.385585585586,0.562428030580,0.038771969420
512,7741441,15120,5,0.75,5830,0.385582010582,0.562422815960,0.038777184040
512,8519681,16640,5,0.75,6416,0.385576923077,0.562415395155,0.038784604845
1024,18810881,18370,5,0.75,7083,0.385574305934,0.562411577703,0.038788422297
256,3904001,15250,5,0.75,5880,0.385573770492,0.562410796689,0.038789203311
512,9781249,19104,5,0.75,7366,0.385573701843,0.562410696555,0.038789303445
512,9922049,19379,5,0.75,7472,0.385572010940,0.562408230148,0.038791769852
256,5041409,19693,5,0.75,7593,0.385568476108,0.562403074124,0.038796925876
256,4430593,17307,5,0.75,6673,0.385566533772,0.562400240968,0.038799759032
256,3949313,15427,5,0.75,5948,0.385557788293,0.562387484520,0.038812515480
256,3843841,15015,5,0.75,5789,0.385547785548,0.562372894181,0.038827105819
256,4962049,19383,5,0.75,7473,0.385544033431,0.562367421218,0.038832578782
512,8581633,16761,5,0.75,6462,0.385537855737,0.562358410226,0.038841589774
512,8055809,15734,5,0.75,6066,0.385534511250,0.562353531845,0.038846468155
512,10175489,19874,5,0.75,7662,0.385528831639,0.562345247376,0.038854752624
1024,17264641,16860,5,0.75,6500,0.385527876631,0.562343854369,0.038856145631
256,4581121,17895,5,0.75,6899,0.385526683431,0.562342113928,0.038857886072
256,4488193,17532,5,0.75,6759,0.385523613963,0.562337636699,0.038862363301
256,4423169,17278,5,0.75,6661,0.385519157310,0.562331136076,0.038868863924
1024,17522689,17112,5,0.75,6597,0.385518934081,0.562330810467,0.038869189533
256,4330241,16915,5,0.75,6521,0.385515814366,0.562326259946,0.038873740054
256,4291073,16762,5,0.75,6462,0.385514855029,0.562324860625,0.038875139375
256,4350209,16993,5,0.75,6551,0.385511681281,0.562320231289,0.038879768711
512,9737729,19019,5,0.75,7332,0.385509227614,0.562316652290,0.038883347710
256,4135169,16153,5,0.75,6227,0.385501145298,0.562304863153,0.038895136847
1024,17935361,17515,5,0.75,6752,0.385498144448,0.562300486012,0.038899513988
512,8726017,17043,5,0.75,6570,0.385495511354,0.562296645293,0.038903354707
256,4235521,16545,5,0.75,6378,0.385494106981,0.562294596828,0.038905403172
512,9747457,19038,5,0.75,7339,0.385492173548,0.562291776658,0.038908223342
256,4759553,18592,5,0.75,7167,0.385488382100,0.562286246325,0.038913753675
256,4494593,17557,5,0.75,6768,0.385487270035,0.562284624230,0.038915375770
512,9782273,19106,5,0.75,7365,0.385481000733,0.562275479616,0.038924520384
256,4050433,15822,5,0.75,6099,0.385475919606,0.562268068114,0.038931931886
512,10186753,19896,5,0.75,7669,0.385454362686,0.562236624470,0.038963375530
1024,17400833,16993,5,0.75,6550,0.385452833520,0.562234393977,0.038965606023
256,4271873,16687,5,0.75,6432,0.385449751303,0.562229898153,0.038970101847
1024,20041729,19572,5,0.75,7544,0.385448600041,0.562228218883,0.038971781117
1024,18365441,17935,5,0.75,6913,0.385447449122,0.562226540114,0.038973459886
256,4907009,19168,5,0.75,7388,0.385434056761,0.562207005569,0.038992994431
1024,19824641,19360,5,0.75,7462,0.385433884298,0.562206754008,0.038993245992
512,8484353,16571,5,0.75,6387,0.385432381872,0.562204562520,0.038995437480
1024,18666497,18229,5,0.75,7026,0.385429809644,0.562200810582,0.038999189418
256,4745729,18538,5,0.75,7145,0.385424533391,0.562193114463,0.039006885537
512,10098689,19724,5,0.75,7602,0.385418779152,0.562184721138,0.039015278862
1024,15370241,15010,5,0.75,5785,0.385409726849,0.562171517145,0.039028482855
256,4206593,16432,5,0.75,6333,0.385406523856,0.562166845153,0.039033154847
1024,20078593,19608,5,0.75,7557,0.385403916769,0.562163042368,0.039036957632
512,9547777,18648,5,0.75,7187,0.385403260403,0.562162084972,0.039037915028
256,4449793,17382,5,0.75,6699,0.385398688298,0.562155415946,0.039044584054
1024,16189441,15810,5,0.75,6093,0.385388994307,0.562141275967,0.039058724033
512,8058881,15740,5,0.75,6066,0.385387547649,0.562139165823,0.039060834177
1024,19787777,19324,5,0.75,7447,0.385375698613,0.562121882423,0.039078117577
256,4796929,18738,5,0.75,7221,0.385366634646,0.562108661417,0.039091338583
1024,19735553,19273,5,0.75,7427,0.385357754371,0.562095708352,0.039104291648
1024,16863233,16468,5,0.75,6346,0.385353412679,0.562089375414,0.039110624586
512,7746049,15129,5,0.75,5830,0.385352634014,0.562088239627,0.039111760373
256,4068353,15892,5,0.75,6124,0.385351120060,0.562086031324,0.039113968676
512,8330753,16271,5,0.75,6270,0.385348165448,0.562081721627,0.039118278373
512,7973377,15573,5,0.75,6001,0.385346432929,0.562079194517,0.039120805483
1024,19720193,19258,5,0.75,7421,0.385346349569,0.562079072925,0.039120927075
1024,18880513,18438,5,0.75,7105,0.385345482156,0.562077807688,0.039122192312
256,4588289,17923,5,0.75,6906,0.385314958433,0.562033284765,0.039166715235
1024,18946049,18502,5,0.75,7129,0.385309696249,0.562025609167,0.039174390833
512,9988609,19509,5,0.75,7517,0.385309344405,0.562025095956,0.039174904044
1024,16708609,16317,5,0.75,6287,0.385303671018,0.562016820564,0.039183179436
512,9619457,18788,5,0.75,7239,0.385299127102,0.562010192656,0.039189807344
256,4446977,17371,5,0.75,6693,0.385297334638,0.562007578108,0.039192421892
256,4843009,18918,5,0.75,7289,0.385294428587,0.562003339244,0.039196660756
512,9587713,18726,5,0.75,7215,0.385293175264,0.562001511106,0.039198488894
256,3867649,15108,5,0.75,5821,0.385292560233,0.562000614001,0.039199385999
1024,16844801,16450,5,0.75,6338,0.385288753799,0.561995061810,0.039204938190
512,9296897,18158,5,0.75,6996,0.385284722987,0.561989182332,0.039210817668
512,9356801,18275,5,0.75,7041,0.385280437756,0.561982931751,0.039217068249
256,3857153,15067,5,0.75,5805,0.385279086746,0.561980961122,0.039219038878
256,4899073,19137,5,0.75,7373,0.385274598944,0.561974415065,0.039225584935
512,9748993,19041,5,0.75,7336,0.385273882674,0.561973370289,0.039226629711
512,9788929,19119,5,0.75,7366,0.385271196192,0.561969451697,0.039230548303
1024,18644993,18208,5,0.75,7015,0.385270210896,0.561968014511,0.039231985489
512,7791617,15218,5,0.75,5863,0.385267446445,0.561963982190,0.039236017810
1024,20428801,19950,5,0.75,7686,0.385263157895,0.561957726767,0.039242273233
256,4565761,17835,5,0.75,6871,0.385253714606,0.561943952470,0.039256047530
512,10010113,19551,5,0.75,7532,0.385248836377,0.561936836922,0.039263163078
1024,15950849,15577,5,0.75,6001,0.385247480259,0.561934858844,0.039265141156
512,8245249,16104,5,0.75,6204,0.385245901639,0.561932556216,0.039267443784
512,9103873,17781,5,0.75,6850,0.385242674765,0.561927849389,0.039272150611
1024,19010561,18565,5,0.75,7152,0.385241044977,0.561925472126,0.039274527874
256,4872961,19035,5,0.75,7333,0.385237719989,0.561920622188,0.039279377812
1024,19768321,19305,5,0.75,7437,0.385236985237,0.561919550453,0.039280449547
256,4151297,16216,5,0.75,6247,0.385236803157,0.561919284866,0.039280715134
1024,17974273,17553,5,0.75,6762,0.385233293454,0.561914165495,0.039285834505
1024,17001473,16603,5,0.75,6396,0.385231584653,0.561911672981,0.039288327019
256,4183297,16341,5,0.75,6295,0.385227342268,0.561905484896,0.039294515104
512,8179201,15975,5,0.75,6154,0.385226917058,0.561904864670,0.039295135330
256,4035841,15765,5,0.75,6073,0.385220424992,0.561895395126,0.039304604874
512,8667137,16928,5,0.75,6521,0.385219754253,0.561894416764,0.039305583236
512,9565697,18683,5,0.75,7197,0.385216506985,0.561889680190,0.039310319810
512,9188353,17946,5,0.75,6913,0.385211189123,0.561881923378,0.039318076622
256,4400897,17191,5,0.75,6622,0.385201558955,0.561867876494,0.039332123506
1024,20466689,19987,5,0.75,7699,0.385200380247,0.561866157191,0.039333842809
1024,17633281,17220,5,0.75,6633,0.385191637631,0.561853404918,0.039346595082
512,10212353,19946,5,0.75,7683,0.385190013035,0.561851035229,0.039348964771
256,4635649,18108,5,0.75,6975,0.385188866799,0.561849363291,0.039350636709
512,10064897,19658,5,0.75,7572,0.385186692441,0.561846191699,0.039353808301
512,8709121,17010,5,0.75,6552,0.385185185185,0.561843993165,0.039356006835
1024,18399233,17968,5,0.75,6921,0.385184772930,0.561843391836,0.039356608164
1024,15799297,15429,5,0.75,5943,0.385183744896,0.561841892311,0.039358107689
512,7703041,15045,5,0.75,5795,0.385177799934,0.561833220790,0.039366779210
256,3943937,15406,5,0.75,5934,0.385174607296,0.561828563902,0.039371436098
256,4340737,16956,5,0.75,6531,0.385173389950,0.561826788241,0.039373211759
512,9047041,17670,5,0.75,6806,0.385172608942,0.561825649036,0.039374350964
1024,16371713,15988,5,0.75,6158,0.385163872905,0.561812906360,0.039387093640
512,9908737,19353,5,0.75,7454,0.385159923526,0.561807145664,0.039392854336
512,10039297,19608,5,0.75,7552,0.385148918809,0.561791093816,0.039408906184
512,7848961,15330,5,0.75,5904,0.385127201566,0.561759416318,0.039440583682
256,4357889,17023,5,0.75,6556,0.385126005992,0.561757672415,0.039442327585
512,8640001,16875,5,0.75,6499,0.385125925926,0.561757555628,0.039442444372
256,4646401,18150,5,0.75,6990,0.385123966942,0.561754698189,0.039445301811
1024,17118209,16717,5,0.75,6438,0.385116946821,0.561744458404,0.039455541596
256,4408577,17221,5,0.75,6632,0.385111201440,0.561736078000,0.039463922000
512,9812993,19166,5,0.75,7381,0.385109047271,0.561732935858,0.039467064142
1024,18908161,18465,5,0.75,7111,0.385106959112,0.561729889998,0.039470110002
256,4049153,15817,5,0.75,6091,0.385091989631,0.561708055014,0.039491944986
512,8409601,16425,5,0.75,6325,0.385083713851,0.561695983683,0.039504016317
512,8422913,16451,5,0.75,6335,0.385082973679,0.561694904045,0.039505095955
1024,17545217,17134,5,0.75,6598,0.385082292518,0.561693910479,0.039506089521
1024,19959809,19492,5,0.75,7506,0.385081058896,0.561692111077,0.039507888923
512,8816641,17220,5,0.75,6631,0.385075493612,0.561683993368,0.039516006632
1024,19196929,18747,5,0.75,7219,0.385074945325,0.561683193618,0.039516806382
256,4105217,16036,5,0.75,6175,0.385071090047,0.561677570181,0.039522429819
512,9958913,19451,5,0.75,7490,0.385070176341,0.561676237418,0.039523762582
512,9470977,18498,5,0.75,7123,0.385068656071,0.561674019902,0.039525980098
512,7749121,15135,5,0.75,5828,0.385067723819,0.561672660088,0.039527339912
512,9530881,18615,5,0.75,7168,0.385065807145,0.561669864363,0.039530135637
512,9763841,19070,5,0.75,7343,0.385055060304,0.561654188662,0.039545811338
1024,16565249,16177,5,0.75,6229,0.385052852816,0.561650968745,0.039549031255
1024,18631681,18195,5,0.75,7006,0.385050838142,0.561648030075,0.039551969925
256,3989761,15585,5,0.75,6001,0.385049727302,0.561646409766,0.039553590234
512,7983617,15593,5,0.75,6004,0.385044571282,0.561638889023,0.039561110977
512,9328129,18219,5,0.75,7015,0.385037598112,0.561628717724,0.039571282276
1024,20174849,19702,5,0.75,7586,0.385037052076,0.561627921258,0.039572078742
1024,20432897,19954,5,0.75,7683,0.385035581838,0.561625776720,0.039574223280
512,9005057,17588,5,0.75,6772,0.385035251308,0.561625294597,0.039574705403
1024,16709633,16318,5,0.75,6283,0.385034930751,0.561624827023,0.039575172977
1024,17978369,17557,5,0.75,6760,0.385031611323,0.561619985194,0.039580014806
256,4861697,18991,5,0.75,7312,0.385024485283,0.561609590913,0.039590409087
512,7767553,15171,5,0.75,5841,0.385010876013,0.561589739978,0.039610260022
256,3859201,15075,5,0.75,5804,0.385008291874,0.561585970665,0.039614029335
256,4264193,16657,5,0.75,6413,0.385003301915,0.561578692145,0.039621307855
1024,15538177,15174,5,0.75,5842,0.385000659022,0.561574837132,0.039625162868
256,4553473,17787,5,0.75,6848,0.385000281104,0.561574285889,0.039625714111
512,8743937,17078,5,0.75,6575,0.384998243354,0.561571313558,0.039628686442
256,5019649,19608,5,0.75,7549,0.384995920033,0.561567924684,0.039632075316
256,4504321,17595,5,0.75,6774,0.384995737425,0.561567658327,0.039632341673
256,3957761,15460,5,0.75,5952,0.384993531695,0.561564440974,0.039635559026
512,8378369,16364,5,0.75,6300,0.384991444635,0.561561396719,0.039638603281
256,4450561,17385,5,0.75,6693,0.384987057808,0.561554997947,0.039645002053
256,4098817,16011,5,0.75,6164,0.384985322591,0.561552466901,0.039647533099
512,9784321,19110,5,0.75,7357,0.384981684982,0.561547160963,0.039652839037
512,8122369,15864,5,0.75,6107,0.384959657085,0.561515030336,0.039684969664
512,8053249,15729,5,0.75,6055,0.384957721406,0.561512206890,0.039687793110
512,8146433,15911,5,0.75,6125,0.384953805543,0.561506495081,0.039693504919
512,8166401,15950,5,0.75,6140,0.384952978056,0.561505288081,0.039694711919
256,4677121,18270,5,0.75,7033,0.384948002189,0.561498030115,0.039701969885
1024,18748417,18309,5,0.75,7048,0.384947293681,0.561496996661,0.039703003339
256,4662529,18213,5,0.75,7011,0.384944819634,0.561493387934,0.039706612066
1024,18307073,17878,5,0.75,6882,0.384942387292,0.561489840038,0.039710159962
1024,20100097,19629,5,0.75,7556,0.384940649040,0.561487304565,0.039712695435
1024,15569921,15205,5,0.75,5853,0.384939164748,0.561485139528,0.039714860472
1024,17064961,16665,5,0.75,6415,0.384938493849,0.561484160933,0.039715839067
1024,16125953,15748,5,0.75,6062,0.384937769876,0.561483104920,0.039716895080
512,9519617,18593,5,0.75,7157,0.384929812295,0.561471497727,0.039728502273
256,4788481,18705,5,0.75,7200,0.384923817161,0.561462753024,0.039737246976
512,7681537,15003,5,0.75,5775,0.384923015397,0.561461583544,0.039738416456
256,4614913,18027,5,0.75,6939,0.384922616076,0.561461001081,0.039738998919
256,4162049,16258,5,0.75,6258,0.384918194120,0.561454551068,0.039745448932
512,7705601,15050,5,0.75,5793,0.384916943522,0.561452726904,0.039747273096
1024,16807937,16414,5,0.75,6318,0.384915316193,0.561450353228,0.039749646772
512,8263169,16139,5,0.75,6212,0.384906128013,0.561436951041,0.039763048959
256,4441601,17350,5,0.75,6678,0.384899135447,0.561426751450,0.039773248550
512,9614849,18779,5,0.75,7228,0.384898024389,0.561425130824,0.039774869176
512,8033281,15690,5,0.75,6039,0.384894837476,0.561420482286,0.039779517714
1024,17136641,16735,5,0.75,6441,0.384881983866,0.561401733581,0.039798266419
1024,18634753,18198,5,0.75,7004,0.384877459061,0.561395133550,0.039804866450
512,9937409,19409,5,0.75,7470,0.384872997063,0.561388625130,0.039811374870
1024,15474689,15112,5,0.75,5816,0.384859714134,0.561369250206,0.039830749794
256,4595713,17952,5,0.75,6909,0.384859625668,0.561369121166,0.039830878834
512,7790593,15216,5,0.75,5856,0.384858044164,0.561366814331,0.039833185669
512,8219137,16053,5,0.75,6178,0.384850183766,0.561355348892,0.039844651108
512,10121729,19769,5,0.75,7608,0.384844959280,0.561347728281,0.039852271719
256,4005889,15648,5,0.75,6022,0.384841513292,0.561342701849,0.039857298151
1024,16494593,16108,5,0.75,6199,0.384839831140,0.561340248205,0.039859751795
512,8440321,16485,5,0.75,6344,0.384834698210,0.561332761142,0.039867238858
512,9498113,18551,5,0.75,7139,0.384831006415,0.561327376166,0.039872623834
512,7994881,15615,5,0.75,6009,0.384822286263,0.561314656661,0.039885343339
256,4711937,18406,5,0.75,7083,0.384820167337,0.561311565924,0.039888434076
1024,17437697,17029,5,0.75,6553,0.384814140584,0.561302775100,0.039897224900
512,9750017,19043,5,0.75,7328,0.384813317229,0.561301574128,0.039898425872
256,5080577,19846,5,0.75,7637,0.384813060566,0.561301199751,0.039898800249
256,4301569,16803,5,0.75,6466,0.384812235910,0.561299996880,0.039900003120
512,10058753,19646,5,0.75,7560,0.384811157488,0.561298423857,0.039901576143
512,8644609,16884,5,0.75,6497,0.384802179578,0.561285328378,0.039914671622
512,7724033,15086,5,0.75,5805,0.384793848601,0.561273176536,0.039926823464
512,9692161,18930,5,0.75,7284,0.384786053883,0.561261806899,0.039938193101
1024,19597313,19138,5,0.75,7364,0.384784198976,0.561259101270,0.039940898730
256,3926017,15336,5,0.75,5901,0.384780907668,0.561254300458,0.039945699542
256,5095681,19905,5,0.75,7659,0.384777694047,0.561249612963,0.039950387037
1024,17271809,16867,5,0.75,6490,0.384775004447,0.561245689822,0.039954310178
1024,15818753,15448,5,0.75,5944,0.384774728120,0.561245286763,0.039954713237
512,8624129,16844,5,0.75,6481,0.384766088815,0.561232685184,0.039967314816
512,8037377,15698,5,0.75,6040,0.384762390113,0.561227290134,0.039972709866
1024,19366913,18913,5,0.75,7277,0.384761804050,0.561226435282,0.039973564718
1024,19276801,18825,5,0.75,7243,0.384754316069,0.561215513063,0.039984486937
1024,17597441,17185,5,0.75,6612,0.384754146058,0.561215265078,0.039984734922
1024,18476033,18043,5,0.75,6942,0.384747547525,0.561205640238,0.039994359762
512,7862273,15356,5,0.75,5908,0.384735608231,0.561188225185,0.040011774815
1024,18170881,17745,5,0.75,6827,0.384728092420,0.561177262372,0.040022737628
256,4740353,18517,5,0.75,7124,0.384727547659,0.561176467764,0.040023532236
256,3953921,15445,5,0.75,5942,0.384719974102,0.561165420720,0.040034579280
1024,15605761,15240,5,0.75,5863,0.384711286089,0.561152748095,0.040047251905
512,8753153,17096,5,0.75,6577,0.384709873655,0.561150687871,0.040049312129
256,4941569,19303,5,0.75,7426,0.384707040356,0.561146555127,0.040053444873
1024,17003521,16605,5,0.75,6388,0.384703402590,0.561141248959,0.040058751041
256,4748033,18547,5,0.75,7135,0.384698333962,0.561133855689,0.040066144311
256,4817921,18820,5,0.75,7240,0.384697130712,0.561132100588,0.040067899412
1024,16091137,15714,5,0.75,6045,0.384688812524,0.561119967401,0.040080032599
512,10071553,19671,5,0.75,7567,0.384677952316,0.561104126338,0.040095873662
256,4527361,17685,5,0.75,6803,0.384676279333,0.561101686069,0.040098313931
512,9624577,18798,5,0.75,7231,0.384668581764,0.561090458138,0.040109541862
256,3969793,15507,5,0.75,5965,0.384664990005,0.561085219077,0.040114780923
1024,18075649,17652,5,0.75,6790,0.384658962157,0.561076426658,0.040123573342
1024,20210689,19737,5,0.75,7592,0.384658256067,0.561075396731,0.040124603269
512,8380417,16368,5,0.75,6296,0.384652981427,0.561067702965,0.040132297035
256,4933633,19272,5,0.75,7413,0.384651307597,0.561065261459,0.040134738541
256,4480513,17502,5,0.75,6732,0.384641755228,0.561051328055,0.040148671945
512,8813569,17214,5,0.75,6621,0.384628790519,0.561032417298,0.040167582702
256,5011969,19578,5,0.75,7530,0.384615384615,0.561012862998,0.040187137002
512,10118657,19763,5,0.75,7601,0.384607600061,0.561001508186,0.040198491814
256,5006081,19555,5,0.75,7521,0.384607517259,0.561001387409,0.040198612591
1024,20413441,19935,5,0.75,7667,0.384599949837,0.560990349314,0.040209650686
512,9811457,19163,5,0.75,7370,0.384595313886,0.560983587161,0.040216412839
1024,16521217,16134,5,0.75,6205,0.384591545804,0.560978090910,0.040221909090
512,8211457,16038,5,0.75,6168,0.384586606809,0.560970886727,0.040229113273
512,9413633,18386,5,0.75,7071,0.384586098118,0.560970144733,0.040229855267
512,9604097,18758,5,0.75,7214,0.384582578100,0.560965010317,0.040234989683
256,4664321,18220,5,0.75,7007,0.384577387486,0.560957439115,0.040242560885
512,7964161,15555,5,0.75,5982,0.384570877531,0.560947943477,0.040252056523
1024,19382273,18928,5,0.75,7279,0.384562552832,0.560935800791,0.040264199209
256,4611329,18013,5,0.75,6927,0.384555598734,0.560925657312,0.040274342688
512,10180097,19883,5,0.75,7646,0.384549615249,0.560916929601,0.040283070399
512,9409537,18378,5,0.75,7067,0.384535858091,0.560896862950,0.040303137050
256,3978497,15541,5,0.75,5976,0.384531239946,0.560890126769,0.040309873231
256,5099009,19918,5,0.75,7659,0.384526558891,0.560883298826,0.040316701174
512,8832001,17250,5,0.75,6633,0.384521739130,0.560876268562,0.040323731438
1024,20084737,19614,5,0.75,7542,0.384521260324,0.560875570159,0.040324429841
1024,18242561,17815,5,0.75,6850,0.384507437553,0.560855407802,0.040344592198
1024,15941633,15568,5,0.75,5986,0.384506680370,0.560854303350,0.040345696650
1024,20227073,19753,5,0.75,7595,0.384498557181,0.560842454595,0.040357545405
1024,20248577,19774,5,0.75,7603,0.384494791140,0.560836961321,0.040363038679
512,10188289,19899,5,0.75,7651,0.384491682999,0.560832427683,0.040367572317
1024,19479553,19023,5,0.75,7314,0.384481942911,0.560818220465,0.040381779535
256,4539649,17733,5,0.75,6818,0.384480911295,0.560816715716,0.040383284284
512,9870337,19278,5,0.75,7412,0.384479717813,0.560814974863,0.040385025137
1024,19461121,19005,5,0.75,7307,0.384477769008,0.560812132271,0.040387867729
1024,19921921,19455,5,0.75,7480,0.384476998201,0.560811007946,0.040388992054
1024,18720769,18282,5,0.75,7029,0.384476534296,0.560810331278,0.040389668722
1024,15578113,15213,5,0.75,5849,0.384473805298,0.560806350671,0.040393649329
1024,19424257,18969,5,0.75,7293,0.384469397438,0.560799921218,0.040400078782
256,4816897,18816,5,0.75,7234,0.384460034014,0.560786263415,0.040413736585
1024,15403009,15042,5,0.75,5783,0.384456854142,0.560781625147,0.040418374853
512,9189377,17948,5,0.75,6900,0.384443949187,0.560762801548,0.040437198452
256,3866881,15105,5,0.75,5807,0.384442237670,0.560760305072,0.040439694928
1024,19900417,19434,5,0.75,7471,0.384429350623,0.560741507594,0.040458492406
512,7702529,15044,5,0.75,5783,0.384405743153,0.560707072950,0.040492927050
256,4089089,15973,5,0.75,6140,0.384398672760,0.560696759838,0.040503240162
1024,18362369,17932,5,0.75,6893,0.384396609413,0.560693750171,0.040506249829
512,9326593,18216,5,0.75,7002,0.384387351779,0.560680246676,0.040519753324
256,4046593,15807,5,0.75,6076,0.384386664136,0.560679243658,0.040520756342
256,4476929,17488,5,0.75,6722,0.384377859103,0.560666400342,0.040533599658
1024,15710209,15342,5,0.75,5897,0.384369704080,0.560654505153,0.040545494847
256,4754177,18571,5,0.75,7138,0.384362716063,0.560644312197,0.040555687803
1024,15846401,15475,5,0.75,5948,0.384361873990,0.560643083922,0.040556916078
1024,17391617,16984,5,0.75,6528,0.384361752237,0.560642906329,0.040557093671
512,8452097,16508,5,0.75,6345,0.384359098619,0.560639035672,0.040560964328
256,4585729,17913,5,0.75,6885,0.384357729024,0.560637037935,0.040562962065
1024,18244609,17817,5,0.75,6848,0.384352023348,0.560628715446,0.040571284554
256,4920833,19222,5,0.75,7388,0.384351264176,0.560627608092,0.040572391908
512,9815041,19170,5,0.75,7368,0.384350547731,0.560626563061,0.040573436939
256,4958209,19368,5,0.75,7444,0.384345311855,0.560618925837,0.040581074163
256,4247809,16593,5,0.75,6377,0.384318688604,0.560580092272,0.040619907728
1024,17995777,17574,5,0.75,6754,0.384317742119,0.560578711698,0.040621288302
512,7853569,15339,5,0.75,5895,0.384314492470,0.560573971652,0.040626028348
512,9902593,19341,5,0.75,7433,0.384313117212,0.560571965654,0.040628034346
512,8848897,17283,5,0.75,6642,0.384308279813,0.560564909662,0.040635090338
512,9251329,18069,5,0.75,6944,0.384304610106,0.560559556905,0.040640443095
1024,18497537,18064,5,0.75,6942,0.384300265722,0.560553220041,0.040646779959
512,8971777,17523,5,0.75,6734,0.384294926668,0.560545432318,0.040654567682
512,10040321,19610,5,0.75,7536,0.384293727690,0.560543683449,0.040656316551
512,9037313,17651,5,0.75,6783,0.384284176534,0.560529751813,0.040670248187
512,10050049,19629,5,0.75,7543,0.384278363646,0.560521272940,0.040678727060
1024,18011137,17589,5,0.75,6759,0.384274262323,0.560515290614,0.040684709386
512,8051713,15726,5,0.75,6043,0.384268091059,0.560506289002,0.040693710998
512,9641473,18831,5,0.75,7236,0.384259996814,0.560494482465,0.040705517535
256,4829441,18865,5,0.75,7249,0.384256559767,0.560489469073,0.040710530927
256,4323841,16890,5,0.75,6490,0.384251036116,0.560481412091,0.040718587909
1024,18063361,17640,5,0.75,6778,0.384240362812,0.560465843653,0.040734156347
512,9957889,19449,5,0.75,7473,0.384235693352,0.560459032623,0.040740967377
256,4435969,17328,5,0.75,6658,0.384233610342,0.560455994274,0.040744005726
512,9676801,18900,5,0.75,7262,0.384232804233,0.560454818457,0.040745181543
1024,20457473,19978,5,0.75,7676,0.384222644909,0.560439999728,0.040760000272
1024,15628289,15262,5,0.75,5864,0.384222251343,0.560439425659,0.040760574341
256,4691969,18328,5,0.75,7042,0.384220864251,0.560437402401,0.040762597599
256,3875329,15138,5,0.75,5816,0.384198705245,0.560405080533,0.040794919467
256,4832257,18876,5,0.75,7252,0.384191566010,0.560394667006,0.040805332994
256,5113601,19975,5,0.75,7674,0.384180225282,0.560378125040,0.040821874960
1024,18887681,18445,5,0.75,7086,0.384169151532,0.560361972498,0.040838027502
256,3941633,15397,5,0.75,5915,0.384165746574,0.560357005913,0.040842994087
512,9330689,18224,5,0.75,7001,0.384163740123,0.560354079236,0.040845920764
1024,15889409,15517,5,0.75,5961,0.384159309145,0.560347616064,0.040852383936
1024,17759233,17343,5,0.75,6662,0.384131926426,0.560307674714,0.040892325286
1024,18881537,18439,5,0.75,7083,0.384131460491,0.560306995086,0.040893004914
512,9073153,17721,5,0.75,6807,0.384120534959,0.560291058739,0.040908941261
256,4592641,17940,5,0.75,6891,0.384113712375,0.560281107090,0.040918892910
256,4638721,18120,5,0.75,6960,0.384105960265,0.560269799603,0.040930200397
1024,19568641,19110,5,0.75,7340,0.384092098378,0.560249580191,0.040950419809
1024,19667969,19207,5,0.75,7377,0.384078721300,0.560230067937,0.040969932063
1024,16362497,15979,5,0.75,6137,0.384066587396,0.560212369020,0.040987630980
1024,18927617,18484,5,0.75,7099,0.384061891366,0.560205519233,0.040994480767
1024,18669569,18232,5,0.75,7002,0.384050021939,0.560188206091,0.041011793909
512,8128513,15876,5,0.75,6097,0.384038800705,0.560171838424,0.041028161576
256,4660993,18207,5,0.75,6992,0.384028121052,0.560156260724,0.041043739276
1024,16727041,16335,5,0.75,6273,0.384022038567,0.560147388609,0.041052611391
1024,19799041,19335,5,0.75,7425,0.384018619085,0.560142400836,0.041057599164
1024,20242433,19768,5,0.75,7591,0.384004451639,0.560121735727,0.041078264273
512,7719937,15078,5,0.75,5790,0.384003183446,0.560119885898,0.041080114102
256,4147457,16201,5,0.75,6221,0.383988642676,0.560098676245,0.041101323755
256,4143617,16186,5,0.75,6215,0.383973804522,0.560077032817,0.041122967183
1024,17950721,17530,5,0.75,6731,0.383970336566,0.560071974340,0.041128025660
256,3894529,15213,5,0.75,5841,0.383947939262,0.560039304884,0.041160695116
1024,18995201,18550,5,0.75,7122,0.383935309973,0.560020883380,0.041179116620
1024,17078273,16678,5,0.75,6403,0.383918935124,0.559996998478,0.041203001522
1024,16519169,16132,5,0.75,6193,0.383895363253,0.559962615759,0.041237384241
512,7822337,15278,5,0.75,5865,0.383885325304,0.559947974071,0.041252025929
512,8896001,17375,5,0.75,6670,0.383884892086,0.559947342164,0.041252657836
512,9098753,17771,5,0.75,6822,0.383883855720,0.559945830486,0.041254169514
1024,16608257,16219,5,0.75,6226,0.383870768851,0.559926741542,0.041273258458
512,10218497,19958,5,0.75,7661,0.383856097805,0.559905341863,0.041294658137
512,8117761,15855,5,0.75,6086,0.383853673920,0.559901806303,0.041298193697
1024,15977473,15603,5,0.75,5989,0.383836441710,0.559876670825,0.041323329175
1024,16674817,16284,5,0.75,6250,0.383812331123,0.559841502316,0.041358497684
1024,18820097,18379,5,0.75,7054,0.383807606507,0.559834610834,0.041365389166
1024,18788353,18348,5,0.75,7042,0.383802049270,0.559826504862,0.041373495138
1024,17129473,16728,5,0.75,6420,0.383787661406,0.559805518242,0.041394481758
256,3973633,15522,5,0.75,5957,0.383777863677,0.559791226948,0.041408773052
512,7768577,15173,5,0.75,5823,0.383773808739,0.559785312279,0.041414687721
256,4556033,17797,5,0.75,6830,0.383772545935,0.559783470310,0.041416529690
512,7918081,15465,5,0.75,5935,0.383769802780,0.559779469054,0.041420530946
256,5099777,19921,5,0.75,7645,0.383765875207,0.559773740164,0.041426259836
1024,18416641,17985,5,0.75,6902,0.383764247984,0.559771366643,0.041428633357
256,4086529,15963,5,0.75,6126,0.383762450667,0.559768745016,0.041431254984
1024,19516417,19059,5,0.75,7314,0.383755705966,0.559758906968,0.041441093032
512,8716289,17024,5,0.75,6533,0.383752349624,0.559754011296,0.041445988704
256,4274177,16696,5,0.75,6407,0.383744609487,0.559742721274,0.041457278726
1024,19637249,19177,5,0.75,7359,0.383740939667,0.559737368352,0.041462631648
256,4367617,17061,5,0.75,6547,0.383740695153,0.559737011695,0.041462988305
256,4246273,16587,5,0.75,6365,0.383734249714,0.559727610162,0.041472389838
512,8025601,15675,5,0.75,6015,0.383732057416,0.559724412403,0.041475587597
1024,20054017,19584,5,0.75,7515,0.383731617647,0.559723770941,0.041476229059
256,4495873,17562,5,0.75,6739,0.383726227081,0.559715908082,0.041484091918
512,10191361,19905,5,0.75,7638,0.383722682743,0.559710738191,0.041489261809
1024,16700417,16309,5,0.75,6258,0.383714513459,0.559698822200,0.041501177800
1024,15563777,15199,5,0.75,5832,0.383709454569,0.559691443135,0.041508556865
1024,16215041,15835,5,0.75,6076,0.383706978213,0.559687831038,0.041512168962
512,8320001,16250,5,0.75,6235,0.383692307692,0.559666432127,0.041533567873
256,3903233,15247,5,0.75,5850,0.383682035810,0.559651449216,0.041548550784
256,4810753,18792,5,0.75,7210,0.383673903789,0.559639587578,0.041560412422
512,9257473,18081,5,0.75,6937,0.383662408053,0.559622819512,0.041577180488
1024,19345409,18892,5,0.75,7248,0.383654456913,0.559611221714,0.041588778286
256,4807169,18778,5,0.75,7204,0.383640430291,0.559590762014,0.041609237986
256,4823297,18841,5,0.75,7228,0.383631442068,0.559577651491,0.041622348509
512,8075777,15773,5,0.75,6051,0.383630254232,0.559575918874,0.041624081126
512,8205313,16026,5,0.75,6148,0.383626606764,0.559570598555,0.041629401445
1024,18319361,17890,5,0.75,6863,0.383622135271,0.559564076286,0.041635923714
256,4612609,18018,5,0.75,6912,0.383616383616,0.559555686730,0.041644313270
512,8292353,16196,5,0.75,6213,0.383613237837,0.559551098191,0.041648901809
1024,16307201,15925,5,0.75,6109,0.383610675039,0.559547360009,0.041652639991
512,9484289,18524,5,0.75,7106,0.383610451306,0.559547033665,0.041652966335
1024,17006593,16608,5,0.75,6371,0.383610308285,0.559546825049,0.041653174951
512,7913473,15456,5,0.75,5929,0.383605072464,0.559539187905,0.041660812095
512,8599553,16796,5,0.75,6443,0.383603238866,0.559536513358,0.041663486642
256,4396801,17175,5,0.75,6588,0.383580786026,0.559503762895,0.041696237105
1024,16562177,16174,5,0.75,6204,0.383578582911,0.559500549357,0.041699450643
256,4850689,18948,5,0.75,7268,0.383576103019,0.559496932104,0.041703067896
256,4091393,15982,5,0.75,6130,0.383556501064,0.559468340036,0.041731659964
512,7914497,15458,5,0.75,5929,0.383555440549,0.559466793133,0.041733206867
1024,17925121,17505,5,0.75,6714,0.383547557841,0.559455295152,0.041744704848
1024,16355329,15972,5,0.75,6126,0.383546205860,0.559453323108,0.041746676892
256,4775681,18655,5,0.75,7155,0.383543285982,0.559449064077,0.041750935923
256,4899841,19140,5,0.75,7341,0.383542319749,0.559447654697,0.041752345303
512,8273921,16160,5,0.75,6198,0.383539603960,0.559443693356,0.041756306644
256,4868609,19018,5,0.75,7294,0.383531391313,0.559431714115,0.041768285885
1024,20032513,19563,5,0.75,7503,0.383530133415,0.559429879302,0.041770120698
1024,15640577,15274,5,0.75,5858,0.383527563179,0.559426130270,0.041773869730
1024,15590401,15225,5,0.75,5839,0.383513957307,0.559406284290,0.041793715710
512,7952897,15533,5,0.75,5957,0.383506083822,0.559394799761,0.041805200239
1024,16261121,15880,5,0.75,6090,0.383501259446,0.559387762765,0.041812237235
256,4137473,16162,5,0.75,6198,0.383492142062,0.559374463843,0.041825536157
1024,16293889,15912,5,0.75,6102,0.383484162896,0.559362825165,0.041837174835
1024,20208641,19735,5,0.75,7568,0.383481124905,0.559358393850,0.041841606150
1024,19296257,18844,5,0.75,7226,0.383464232647,0.559333754238,0.041866245762
512,9856513,19251,5,0.75,7382,0.383460599449,0.559328454734,0.041871545266
512,8206337,16028,5,0.75,6146,0.383453955578,0.559318763761,0.041881236239
256,4916993,19207,5,0.75,7365,0.383453949081,0.559318754285,0.041881245715
256,4096513,16002,5,0.75,6136,0.383452068491,0.559316011194,0.041883988806
256,4856321,18970,5,0.75,7274,0.383447548761,0.559309418564,0.041890581436
1024,16899073,16503,5,0.75,6328,0.383445434163,0.559306334141,0.041893665859
256,4521217,17661,5,0.75,6772,0.383443746107,0.559303871886,0.041896128114
256,4806401,18775,5,0.75,7199,0.383435419441,0.559291726332,0.041908273668
1024,15935489,15562,5,0.75,5967,0.383434005912,0.559289664511,0.041910335489
512,8248321,16110,5,0.75,6177,0.383426443203,0.559278633291,0.041921366709
256,3967489,15498,5,0.75,5942,0.383404310234,0.559246349402,0.041953650598
1024,19473409,19017,5,0.75,7291,0.383393805542,0.559231026908,0.041968973092
1024,18506753,18073,5,0.75,6929,0.383389586676,0.559224873128,0.041975126872
512,9750529,19044,5,0.75,7301,0.383375341315,0.559204094368,0.041995905632
512,9836033,19211,5,0.75,7365,0.383374108584,0.559202296265,0.041997703735
512,7704577,15048,5,0.75,5769,0.383373205742,0.559200979349,0.041999020651
1024,16760833,16368,5,0.75,6275,0.383369990225,0.559196289089,0.042003710911
512,9857537,19253,5,0.75,7381,0.383368825638,0.559194590383,0.042005409617
1024,19117057,18669,5,0.75,7157,0.383362793936,0.559185792342,0.042014207658
1024,20463617,19984,5,0.75,7661,0.383356685348,0.559176882151,0.042023117849
1024,19540993,19083,5,0.75,7315,0.383325472934,0.559131354680,0.042068645320
256,4955393,19357,5,0.75,7420,0.383323862169,0.559129005164,0.042070994836
1024,17233921,16830,5,0.75,6451,0.383303624480,0.559099485794,0.042100514206
256,4624129,18063,5,0.75,6923,0.383269667276,0.559049954680,0.042150045320
1024,19009537,18564,5,0.75,7115,0.383268692092,0.559048532245,0.042151467755
1024,18436097,18004,5,0.75,6900,0.383248167074,0.559018593767,0.042181406233
1024,16079873,15703,5,0.75,6018,0.383238871553,0.559005035010,0.042194964990
256,4165633,16272,5,0.75,6236,0.383235004916,0.558999395004,0.042200604996
1024,17688577,17274,5,0.75,6620,0.383234919532,0.558999270460,0.042200729540
256,4323329,16888,5,0.75,6472,0.383230696352,0.558993110388,0.042206889612
512,9020929,17619,5,0.75,6752,0.383222657359,0.558981384443,0.042218615557
256,4452353,17392,5,0.75,6665,0.383222171113,0.558980675189,0.042219324811
512,8573441,16745,5,0.75,6417,0.383218871305,0.558975861978,0.042224138022
512,9275393,18116,5,0.75,6942,0.383197173769,0.558944213227,0.042255786773
512,9950209,19434,5,0.75,7447,0.383194401564,0.558940169596,0.042259830404
256,4311809,16843,5,0.75,6454,0.383185893249,0.558927759084,0.042272240916
256,4331009,16918,5,0.75,6482,0.383142215392,0.558864049100,0.042335950900
512,10063873,19656,5,0.75,7531,0.383140008140,0.558860829529,0.042339170471
256,4097281,16005,5,0.75,6132,0.383130271790,0.558846627763,0.042353372237
512,9451009,18459,5,0.75,7072,0.383119345577,0.558830690423,0.042369309577
1024,19070977,18624,5,0.75,7135,0.383107817869,0.558813875723,0.042386124277
1024,16588801,16200,5,0.75,6206,0.383086419753,0.558782663715,0.042417336285
1024,16017409,15642,5,0.75,5992,0.383071218514,0.558760490680,0.042439509320
512,8115713,15851,5,0.75,6072,0.383067314365,0.558754795957,0.042445204043
1024,16015361,15640,5,0.75,5991,0.383056265985,0.558738680420,0.042461319580
256,4784641,18690,5,0.75,7159,0.383039058320,0.558713580745,0.042486419255
1024,19302401,18850,5,0.75,7220,0.383023872679,0.558691430461,0.042508569539
512,9758209,19059,5,0.75,7300,0.383021144866,0.558687451582,0.042512548418
1024,16699393,16308,5,0.75,6246,0.383002207506,0.558659828915,0.042540171085
1024,17771521,17355,5,0.75,6647,0.383002016710,0.558659550614,0.042540449386
1024,19809281,19345,5,0.75,7409,0.382993021453,0.558646429831,0.042553570169
256,4888321,19095,5,0.75,7313,0.382979837654,0.558627199501,0.042572800499
1024,19415041,18960,5,0.75,7261,0.382964135021,0.558604295116,0.042595704884
512,8995841,17570,5,0.75,6728,0.382925441093,0.558547854858,0.042652145142
512,10060801,19650,5,0.75,7524,0.382900763359,0.558511859089,0.042688140911
1024,19090433,18643,5,0.75,7138,0.382878292120,0.558479081790,0.042720918210
256,4427009,17293,5,0.75,6621,0.382871682184,0.558469440315,0.042730559685
1024,18686977,18249,5,0.75,6987,0.382870294263,0.558467415847,0.042732584153
256,4376321,17095,5,0.75,6545,0.382860485522,0.558453108490,0.042746891510
1024,18548737,18114,5,0.75,6935,0.382853041846,0.558442250895,0.042757749105
1024,16270337,15889,5,0.75,6083,0.382843476619,0.558428298735,0.042771701265
512,8578049,16754,5,0.75,6414,0.382833950101,0.558414403038,0.042785596962
256,4797953,18742,5,0.75,7175,0.382830007470,0.558408652184,0.042791347816
512,10076161,19680,5,0.75,7534,0.382825203252,0.558401644591,0.042798355409
512,8214529,16044,5,0.75,6142,0.382822238843,0.558397320605,0.042802679395
512,9435649,18429,5,0.75,7055,0.382820554561,0.558394863854,0.042805136146
512,9596417,18743,5,0.75,7175,0.382809582244,0.558378859266,0.042821140734
256,4303361,16810,5,0.75,6435,0.382807852469,0.558376336158,0.042823663842
1024,17083393,16683,5,0.75,6386,0.382784870827,0.558342814366,0.042857185634
512,10180609,19884,5,0.75,7611,0.382770066385,0.558321220113,0.042878779887
512,7944193,15516,5,0.75,5939,0.382766176850,0.558315546706,0.042884453294
1024,18189313,17763,5,0.75,6799,0.382761920847,0.558309338758,0.042890661242
512,8860673,17306,5,0.75,6624,0.382757425170,0.558302781214,0.042897218786
1024,18835457,18394,5,0.75,7040,0.382733500054,0.558267883240,0.042932116760
512,10067969,19664,5,0.75,7526,0.382729861676,0.558262576180,0.042937423820
512,9610753,18771,5,0.75,7184,0.382718022481,0.558245307134,0.042954692866
1024,19968001,19500,5,0.75,7463,0.382717948718,0.558245199540,0.042954800460
1024,20293633,19818,5,0.75,7584,0.382682409930,0.558193361476,0.043006638524
1024,19961857,19494,5,0.75,7460,0.382681850826,0.558192545948,0.043007454052
512,7919617,15468,5,0.75,5919,0.382660977502,0.558162099419,0.043037900581
1024,16960513,16563,5,0.75,6338,0.382660146109,0.558160886722,0.043039113278
1024,18598913,18163,5,0.75,6950,0.382646038650,0.558140309110,0.043059690890
512,8825857,17238,5,0.75,6596,0.382642998028,0.558135873957,0.043064126043
512,8954369,17489,5,0.75,6692,0.382640516896,0.558132254896,0.043067745104
1024,20207617,19734,5,0.75,7551,0.382639100030,0.558130188208,0.043069811792
1024,19694593,19233,5,0.75,7359,0.382623615661,0.558107602188,0.043092397812
512,9546241,18645,5,0.75,7134,0.382622687047,0.558106247682,0.043093752318
256,4009729,15663,5,0.75,5993,0.382621464598,0.558104464576,0.043095535424
256,4642817,18136,5,0.75,6939,0.382609175121,0.558086538734,0.043113461266
256,4228097,16516,5,0.75,6319,0.382598692177,0.558071247962,0.043128752038
1024,15404033,15043,5,0.75,5755,0.382569966097,0.558029347141,0.043170652859
256,4356353,17017,5,0.75,6510,0.382558617853,0.558012794212,0.043187205788
256,4170497,16291,5,0.75,6232,0.382542508133,0.557989296036,0.043210703964
512,8392193,16391,5,0.75,6270,0.382526996522,0.557966670282,0.043233329718
1024,16172033,15793,5,0.75,6041,0.382511239157,0.557943686061,0.043256313939
1024,16380929,15997,5,0.75,6119,0.382509220479,0.557940741550,0.043259258450
256,4639489,18123,5,0.75,6932,0.382497379021,0.557923469204,0.043276530796
1024,17789953,17373,5,0.75,6645,0.382490070800,0.557912809187,0.043287190813
1024,20192257,19719,5,0.75,7542,0.382473756276,0.557889012277,0.043310987723
256,4694017,18336,5,0.75,7013,0.382471640489,0.557885926120,0.043314073880
256,4022017,15711,5,0.75,6009,0.382470880275,0.557884817247,0.043315182753
512,9679361,18905,5,0.75,7230,0.382438508331,0.557837598447,0.043362401553
512,9733121,19010,5,0.75,7270,0.382430299842,0.557825625270,0.043374374730
256,5010689,19573,5,0.75,7485,0.382414550657,0.557802652981,0.043397347019
1024,20468737,19989,5,0.75,7644,0.382410325679,0.557796490288,0.043403509712
256,4771841,18640,5,0.75,7128,0.382403433476,0.557786437090,0.043413562910
1024,19548161,19090,5,0.75,7300,0.382399161865,0.557780206375,0.043419793625
1024,19695617,19234,5,0.75,7355,0.382395757513,0.557775240673,0.043424759327
256,4498177,17571,5,0.75,6719,0.382391440442,0.557768943649,0.043431056351
1024,18892801,18450,5,0.75,7055,0.382384823848,0.557759292464,0.043440707536
256,4503041,17590,5,0.75,6726,0.382376350199,0.557746932516,0.043453067484
256,4674049,18258,5,0.75,6981,0.382352941176,0.557712787333,0.043487212667
512,7691777,15023,5,0.75,5744,0.382347067829,0.557704220273,0.043495779727
1024,19233793,18783,5,0.75,7181,0.382313794389,0.557655686519,0.043544313481
1024,16914433,16518,5,0.75,6315,0.382310207047,0.557650453902,0.043549546098
512,10219009,19959,5,0.75,7630,0.382283681547,0.557611762922,0.043588237078
1024,16296961,15915,5,0.75,6084,0.382280867107,0.557607657684,0.043592342316
1024,18358273,17928,5,0.75,6853,0.382251227131,0.557564423824,0.043635576176
512,8280577,16173,5,0.75,6182,0.382242008285,0.557550976908,0.043649023092
256,3908609,15268,5,0.75,5836,0.382237359183,0.557544195571,0.043655804429
512,8941057,17463,5,0.75,6674,0.382179465155,0.557459749406,0.043740250594
512,8365057,16338,5,0.75,6244,0.382176520994,0.557455454955,0.043744545045
512,9051137,17678,5,0.75,6756,0.382169928725,0.557445839251,0.043754160749
256,4005377,15646,5,0.75,5979,0.382142400614,0.557405685827,0.043794314173
512,9126913,17826,5,0.75,6812,0.382138449456,0.557399922536,0.043800077464
1024,15603713,15238,5,0.75,5823,0.382136763355,0.557397463133,0.043802536867
1024,18444289,18012,5,0.75,6883,0.382134132800,0.557393626118,0.043806373882
1024,16598017,16209,5,0.75,6194,0.382133382689,0.557392531980,0.043807468020
256,5026817,19636,5,0.75,7503,0.382104298228,0.557350108413,0.043849891587
1024,16465921,16080,5,0.75,6144,0.382089552239,0.557328599420,0.043871400580
256,4173569,16303,5,0.75,6228,0.382015579955,0.557220700972,0.043979299028
512,9166849,17904,5,0.75,6839,0.381981680071,0.557171253469,0.044028746531
256,4461313,17427,5,0.75,6656,0.381936076204,0.557104734142,0.044095265858
256,4097537,16006,5,0.75,6113,0.381919280270,0.557080235032,0.044119764968
512,8799233,17186,5,0.75,6563,0.381880600489,0.557023815409,0.044176184591
256,4920577,19221,5,0.75,7340,0.381873991988,0.557014176029,0.044185823971
512,10083841,19695,5,0.75,7520,0.381822797664,0.556939502276,0.044260497724
512,10214401,19950,5,0.75,7617,0.381804511278,0.556912829142,0.044287170858
512,9403393,18366,5,0.75,7011,0.381737994120,0.556815804990,0.044384195010
512,8434177,16473,5,0.75,6287,0.381654829114,0.556694497732,0.044505502268
512,8416769,16439,5,0.75,6274,0.381653385242,0.556692391652,0.044507608348
1024,17276929,16872,5,0.75,6439,0.381638217165,0.556670266986,0.044529733014
1024,15831041,15460,5,0.75,5900,0.381630012937,0.556658300025,0.044541699975
256,4399361,17185,5,0.75,6558,0.381611870818,0.556631837323,0.044568162677
256,4119809,16093,5,0.75,6141,0.381594482073,0.556606473519,0.044593526481
1024,18210817,17784,5,0.75,6786,0.381578947368,0.556583814079,0.044616185921
512,7781377,15198,5,0.75,5799,0.381563363600,0.556561083074,0.044638916926
1024,19725313,19263,5,0.75,7350,0.381560504594,0.556556912832,0.044643087168
256,4323073,16887,5,0.75,6443,0.381536092852,0.556521305049,0.044678694951
256,4669697,18241,5,0.75,6959,0.381503207061,0.556473336734,0.044726663266
1024,17519617,17109,5,0.75,6527,0.381495119528,0.556461539987,0.044738460013
1024,16580609,16192,5,0.75,6177,0.381484683794,0.556446318078,0.044753681922
512,9732097,19008,5,0.75,7250,0.381418350168,0.556349561632,0.044850438368
256,4526593,17682,5,0.75,6744,0.381404818459,0.556329823829,0.044870176171
1024,18241537,17814,5,0.75,6794,0.381385427192,0.556301539078,0.044898460922
1024,15817729,15447,5,0.75,5891,0.381368550528,0.556276922211,0.044923077789
1024,17806337,17389,5,0.75,6631,0.381333026626,0.556225105860,0.044974894140
256,4393217,17161,5,0.75,6544,0.381329759338,0.556220340084,0.044979659916
512,8243201,16100,5,0.75,6139,0.381304347826,0.556183274003,0.045016725997
256,4740097,18516,5,0.75,7060,0.381291855692,0.556165052559,0.045034947441
512,8487937,16578,5,0.75,6321,0.381288454578,0.556160091581,0.045039908419
1024,18834433,18393,5,0.75,7013,0.381286358941,0.556157034814,0.045042965186
256,4171009,16293,5,0.75,6212,0.381268029215,0.556130298463,0.045069701537
512,8866817,17318,5,0.75,6602,0.381221850098,0.556062940058,0.045137059942
1024,17628161,17215,5,0.75,6562,0.381179204182,0.556000735299,0.045199264701
256,4763137,18606,5,0.75,7092,0.381167365366,0.555983466806,0.045216533194
1024,20308993,19833,5,0.75,7559,0.381132456008,0.555932546848,0.045267453152
256,3985409,15568,5,0.75,5933,0.381102261048,0.555888503471,0.045311496529
1024,19476481,19020,5,0.75,7247,0.381019978970,0.555768484079,0.045431515921
1024,17201153,16798,5,0.75,6400,0.380997737826,0.555736042403,0.045463957597
1024,17351681,16945,5,0.75,6456,0.380997344349,0.555735468465,0.045464531535
1024,17523713,17113,5,0.75,6520,0.380996902939,0.555734824609,0.045465175391
512,9834497,19208,5,0.75,7318,0.380987088713,0.555720509251,0.045479490749
1024,17467393,17058,5,0.75,6498,0.380935631375,0.555645451857,0.045554548143
512,8114177,15848,5,0.75,6036,0.380868248359,0.555547164736,0.045652835264
512,8681473,16956,5,0.75,6458,0.380868129276,0.555546991037,0.045653008963
256,4224769,16503,5,0.75,6285,0.380839847300,0.555505738002,0.045694261998
256,4088321,15970,5,0.75,6082,0.380839073262,0.555504608964,0.045695391036
1024,18964481,18520,5,0.75,7053,0.380831533477,0.555493611182,0.045706388818
512,8293889,16199,5,0.75,6169,0.380825976912,0.555485506190,0.045714493810
512,7891969,15414,5,0.75,5870,0.380822628779,0.555480622491,0.045719377509
1024,18605057,18169,5,0.75,6918,0.380758434696,0.555386986855,0.045813013145
1024,19848193,19383,5,0.75,7380,0.380746014549,0.555368870412,0.045831129588
1024,18488321,18055,5,0.75,6874,0.380725560786,0.555339035871,0.045860964129
1024,18838529,18397,5,0.75,7004,0.380714246888,0.555322533040,0.045877466960
512,9544193,18641,5,0.75,7096,0.380666273269,0.555252557114,0.045947442886
256,4393729,17163,5,0.75,6532,0.380586144613,0.555135678778,0.046064321222
256,4104193,16032,5,0.75,6101,0.380551397206,0.555084995047,0.046115004953
1024,17857537,17439,5,0.75,6636,0.380526406331,0.555048542521,0.046151457479
256,3965441,15490,5,0.75,5894,0.380503550678,0.555015204501,0.046184795499
1024,17283073,16878,5,0.75,6421,0.380436070624,0.554916775839,0.046283224161
1024,16832513,16438,5,0.75,6252,0.380338240662,0.554774077783,0.046425922217
1024,16650241,16260,5,0.75,6184,0.380319803198,0.554747184282,0.046452815718
1024,16165889,15787,5,0.75,6004,0.380312915690,0.554737137933,0.046462862067
256,4768769,18628,5,0.75,7084,0.380287738888,0.554700414207,0.046499585793
512,9392641,18345,5,0.75,6976,0.380267102753,0.554670313650,0.046529686350
512,8819201,17225,5,0.75,6550,0.380261248186,0.554661773983,0.046538226017
512,8457217,16518,5,0.75,6280,0.380191306454,0.554559754633,0.046640245367
512,9829889,19199,5,0.75,7298,0.380123964790,0.554461527830,0.046738472170
512,9177089,17924,5,0.75,6813,0.380104887302,0.554433700768,0.046766299232
512,9695233,18936,5,0.75,7197,0.380069708492,0.554382387779,0.046817612221
512,9962497,19458,5,0.75,7395,0.380049337034,0.554352673289,0.046847326711
512,9399809,18359,5,0.75,6977,0.380031592135,0.554326789986,0.046873210014
1024,17059841,16660,5,0.75,6331,0.380012004802,0.554298219247,0.046901780753
512,8150017,15918,5,0.75,6049,0.380010051514,0.554295370116,0.046904629884
1024,16339969,15957,5,0.75,6063,0.379958638842,0.554220377873,0.046979622127
256,4446721,17370,5,0.75,6599,0.379907887162,0.554146349775,0.047053650225
1024,15900673,15528,5,0.75,5898,0.379829984544,0.554032718412,0.047167281588
512,9720833,18986,5,0.75,7211,0.379806172970,0.553997986053,0.047202013947
256,4074241,15915,5,0.75,6044,0.379767514923,0.553941598133,0.047258401867
256,4187137,16356,5,0.75,6211,0.379738322328,0.553899016838,0.047300983162
256,3844097,15016,5,0.75,5702,0.379728289824,0.553884383092,0.047315616908
256,4438529,17338,5,0.75,6583,0.379686238320,0.553823045363,0.047376954637
1024,16720897,16329,5,0.75,6198,0.379570090024,0.553653627573,0.047546372427
256,4753921,18570,5,0.75,7048,0.379536887453,0.553605197192,0.047594802808
256,4333057,16926,5,0.75,6424,0.379534444051,0.553601633164,0.047598366836
512,8885249,17354,5,0.75,6586,0.379509046906,0.553564588039,0.047635411961
512,9190913,17951,5,0.75,6812,0.379477466436,0.553518523710,0.047681476290
512,8814593,17216,5,0.75,6533,0.379472583643,0.553511401505,0.047688598495
512,8355329,16319,5,0.75,6189,0.379251179607,0.553188454173,0.048011545827
1024,16254977,15874,5,0.75,6019,0.379173491244,0.553075135328,0.048124864672
1024,17832961,17415,5,0.75,6603,0.379155900086,0.553049476278,0.048150523722
1024,16214017,15834,5,0.75,6001,0.378994568650,0.552814152849,0.048385847151
256,4705537,18381,5,0.75,6960,0.378651868778,0.552314279354,0.048885720646
512,8134657,15888,5,0.75,6012,0.378398791541,0.551945132433,0.049254867567
512,8253953,16121,5,0.75,6095,0.378078282985,0.551477627934,0.049722372066
1024,20119553,19648,5,0.75,7426,0.377951954397,0.551293360831,0.049906639169
1024,16665601,16275,5,0.75,6145,0.377572964670,0.550740553740,0.050459446260
256,4287233,16747,5,0.75,6319,0.377321311280,0.550373483689,0.050826516311
1024,19845121,19380,5,0.75,7312,0.377296181631,0.550336828742,0.050863171258
512,8025089,15674,5,0.75,5907,0.376866147761,0.549709566958,0.051490433042
256,5018369,19603,5,0.75,7384,0.376677039229,0.549433726928,0.051766273072
256,4930049,19258,5,0.75,7253,0.376622702254,0.549354469199,0.051845530801
256,4032257,15751,5,0.75,5925,0.376166592597,0.548689172401,0.052510827599
1024,18128897,17704,5,0.75,6652,0.375734297334,0.548058612072,0.053141387928
