n,p,M,trim,theta,count,survival,micro_cost,slack
512,10695169,20889,5,0.75,8218,0.393412800996,0.573845068749,0.027354931251
256,5792513,22627,5,0.75,8898,0.393247005790,0.573603234317,0.027596765683
512,12789761,24980,5,0.75,9816,0.392954363491,0.573176376473,0.028023623527
256,5584129,21813,5,0.75,8568,0.392793288406,0.572941426967,0.028258573033
256,5414657,21151,5,0.75,8302,0.392510992388,0.572529660554,0.028670339446
512,11859457,23163,5,0.75,9091,0.392479385226,0.572483557291,0.028716442709
512,10639873,20781,5,0.75,8156,0.392473894423,0.572475548221,0.028724451779
1024,22142977,21624,5,0.75,8483,0.392295597484,0.572215478344,0.028984521656
256,5843969,22828,5,0.75,8952,0.392149991239,0.572003092205,0.029196907795
512,11673089,22799,5,0.75,8939,0.392078599939,0.571898958466,0.029301041534
256,5489921,21445,5,0.75,8408,0.392072744229,0.571890417133,0.029309582867
256,6239489,24373,5,0.75,9555,0.392032166742,0.571831229453,0.029368770547
512,10848769,21189,5,0.75,8305,0.391948652603,0.571709412937,0.029490587063
256,5463041,21340,5,0.75,8364,0.391940018744,0.571696819302,0.029503180698
256,6301697,24616,5,0.75,9646,0.391858953526,0.571578574864,0.029621425136
1024,23780353,23223,5,0.75,9100,0.391852904448,0.571569751476,0.029630248524
256,5955841,23265,5,0.75,9116,0.391833225876,0.571541047652,0.029658952348
1024,24717313,24138,5,0.75,9457,0.391788880603,0.571476364155,0.029723635845
256,6041089,23598,5,0.75,9245,0.391770489024,0.571449537583,0.029750462417
256,5261569,20553,5,0.75,8051,0.391718970467,0.571374390891,0.029825609109
1024,20571137,20089,5,0.75,7869,0.391706904276,0.571356790742,0.029843209258
1024,20780033,20293,5,0.75,7948,0.391662149510,0.571291509943,0.029908490057
512,12257281,23940,5,0.75,9375,0.391604010025,0.571206705747,0.029993294253
256,5366017,20961,5,0.75,8206,0.391488955680,0.571038883630,0.030161116370
512,11455489,22374,5,0.75,8756,0.391347099312,0.570831967188,0.030368032812
512,10664449,20829,5,0.75,8151,0.391329396514,0.570806145296,0.030393854704
512,11300353,22071,5,0.75,8637,0.391327986951,0.570804089260,0.030395910740
1024,25550849,24952,5,0.75,9764,0.391311317730,0.570779774976,0.030420225024
256,6389249,24958,5,0.75,9766,0.391297379598,0.570759444350,0.030440555650
512,11957249,23354,5,0.75,9138,0.391282007365,0.570737021897,0.030462978103
256,5492737,21456,5,0.75,8395,0.391265846383,0.570713448949,0.030486551051
512,11059201,21600,5,0.75,8451,0.391250000000,0.570690334885,0.030509665115
256,6393857,24976,5,0.75,9771,0.391215566944,0.570640109678,0.030559890322
512,10707457,20913,5,0.75,8181,0.391192081480,0.570605852995,0.030594147005
512,11341313,22151,5,0.75,8663,0.391088438445,0.570454675797,0.030745324203
512,11253761,21980,5,0.75,8596,0.391082802548,0.570446455089,0.030753544911
256,6321409,24693,5,0.75,9657,0.391082493014,0.570446003593,0.030753996407
1024,23412737,22864,5,0.75,8941,0.391051434570,0.570400700707,0.030799299293
256,5145601,20100,5,0.75,7860,0.391044776119,0.570390988469,0.030809011531
256,5315329,20763,5,0.75,8119,0.391032124452,0.570372534324,0.030827465676
512,11069441,21620,5,0.75,8454,0.391026827012,0.570364807301,0.030835192699
256,5613313,21927,5,0.75,8574,0.391024763990,0.570361798107,0.030838201893
1024,21476353,20973,5,0.75,8200,0.390978877605,0.570294866691,0.030905133309
256,5561089,21723,5,0.75,8492,0.390922064172,0.570211996718,0.030988003282
1024,25110529,24522,5,0.75,9586,0.390914281054,0.570200644002,0.030999355998
1024,23666689,23112,5,0.75,9034,0.390879196954,0.570149469161,0.031050530839
1024,21719041,21210,5,0.75,8290,0.390853371051,0.570111798635,0.031088201365
1024,24921089,24337,5,0.75,9512,0.390845215105,0.570099902099,0.031100097901
512,10963457,21413,5,0.75,8369,0.390837341802,0.570088417836,0.031111582164
1024,24828929,24247,5,0.75,9476,0.390811234380,0.570050336676,0.031149663324
256,5141249,20083,5,0.75,7848,0.390778270179,0.570002253991,0.031197746009
1024,23618561,23065,5,0.75,9013,0.390765228701,0.569983231256,0.031216768744
1024,22269953,21748,5,0.75,8498,0.390748574582,0.569958939000,0.031241061000
256,5640961,22035,5,0.75,8610,0.390742001361,0.569949351081,0.031250648919
1024,25378817,24784,5,0.75,9684,0.390735958683,0.569940537028,0.031259462972
1024,23801857,23244,5,0.75,9082,0.390724488040,0.569923805564,0.031276194436
1024,20586497,20104,5,0.75,7855,0.390718265022,0.569914728462,0.031285271538
1024,21145601,20650,5,0.75,8068,0.390702179177,0.569891265111,0.031308734889
512,11186177,21848,5,0.75,8536,0.390699377517,0.569887178516,0.031312821484
256,5234689,20448,5,0.75,7989,0.390698356808,0.569885689675,0.031314310325
1024,22571009,22042,5,0.75,8610,0.390617911260,0.569768349109,0.031431650891
512,10928641,21345,5,0.75,8337,0.390583274772,0.569717827169,0.031482172831
256,5174017,20211,5,0.75,7894,0.390579387462,0.569712157009,0.031487842991
256,6234113,24352,5,0.75,9511,0.390563403417,0.569688842146,0.031511157854
1024,23193601,22650,5,0.75,8846,0.390551876380,0.569672028424,0.031527971576
512,12587009,24584,5,0.75,9601,0.390538561666,0.569652607138,0.031547392862
512,10757633,21011,5,0.75,8205,0.390509732997,0.569610556677,0.031589443323
1024,24698881,24120,5,0.75,9419,0.390505804312,0.569604826165,0.031595173835
512,12054017,23543,5,0.75,9193,0.390476999533,0.569562810551,0.031637189449
512,10618369,20739,5,0.75,8098,0.390472057476,0.569555601902,0.031644398098
256,5855489,22873,5,0.75,8931,0.390460368120,0.569538551416,0.031661448584
256,5767681,22530,5,0.75,8797,0.390457168220,0.569533883935,0.031666116065
1024,21780481,21270,5,0.75,8305,0.390456041373,0.569532240278,0.031667759722
1024,22069249,21552,5,0.75,8415,0.390451002227,0.569524890012,0.031675109988
256,6238721,24370,5,0.75,9515,0.390439064423,0.569507477132,0.031692522868
1024,22614017,22084,5,0.75,8622,0.390418402463,0.569477338906,0.031722661094
256,6317569,24678,5,0.75,9634,0.390388200016,0.569433284606,0.031766715394
256,5460737,21331,5,0.75,8327,0.390370821809,0.569407936172,0.031792063828
512,10493953,20496,5,0.75,8001,0.390368852459,0.569405063612,0.031794936388
512,11762689,22974,5,0.75,8968,0.390354313572,0.569383856705,0.031816143295
1024,22327297,21804,5,0.75,8511,0.390341221794,0.569364760601,0.031835239399
256,5439233,21247,5,0.75,8293,0.390313926672,0.569324947022,0.031875052978
1024,24591361,24015,5,0.75,9373,0.390297730585,0.569301322868,0.031898677132
1024,23861249,23302,5,0.75,9094,0.390266929877,0.569256395926,0.031943604074
512,11374081,22215,5,0.75,8669,0.390231825343,0.569205191279,0.031994808721
256,5930497,23166,5,0.75,9040,0.390227056894,0.569198235859,0.032001764141
256,5790209,22618,5,0.75,8826,0.390220178619,0.569188202977,0.032011797023
512,12272129,23969,5,0.75,9353,0.390212357629,0.569176795019,0.032023204981
1024,22552577,22024,5,0.75,8594,0.390210679259,0.569174346893,0.032025653107
256,6274049,24508,5,0.75,9563,0.390199118655,0.569157484209,0.032042515791
512,12426241,24270,5,0.75,9470,0.390193654718,0.569149514328,0.032050485672
512,10890241,21270,5,0.75,8299,0.390173953926,0.569120778094,0.032079221906
256,5976577,23346,5,0.75,9109,0.390173905594,0.569120707595,0.032079292405
256,5878529,22963,5,0.75,8959,0.390149370727,0.569084920217,0.032115079783
1024,22429697,21904,5,0.75,8545,0.390111395179,0.569029527813,0.032170472187
512,12283393,23991,5,0.75,9359,0.390104622567,0.569019649055,0.032180350945
512,12519937,24453,5,0.75,9539,0.390095284832,0.569006028723,0.032193971277
256,5577217,21786,5,0.75,8498,0.390067015515,0.568964794151,0.032235205849
256,5625857,21976,5,0.75,8572,0.390061885693,0.568957311622,0.032242688378
512,12692993,24791,5,0.75,9670,0.390060909201,0.568955887277,0.032244112723
512,11295233,22061,5,0.75,8605,0.390054847922,0.568947046093,0.032252953907
256,5835521,22795,5,0.75,8891,0.390041675806,0.568927832804,0.032272167196
256,6057473,23662,5,0.75,9229,0.390034654721,0.568917591614,0.032282408386
1024,20746241,20260,5,0.75,7902,0.390029615005,0.568910240516,0.032289759484
1024,23351297,22804,5,0.75,8894,0.390019294861,0.568895187209,0.032304812791
1024,23354369,22807,5,0.75,8895,0.390011838471,0.568884311069,0.032315688931
512,10410497,20333,5,0.75,7930,0.390006393547,0.568876368922,0.032323631078
256,5890561,23010,5,0.75,8974,0.390004345937,0.568873382208,0.032326617792
512,11175937,21828,5,0.75,8513,0.390003665017,0.568872388997,0.032327611003
512,10673153,20846,5,0.75,8130,0.390002878250,0.568871241392,0.032328758608
512,10819073,21131,5,0.75,8241,0.389995740855,0.568860830548,0.032339169452
512,11060737,21603,5,0.75,8425,0.389992130723,0.568855564689,0.032344435311
1024,21562369,21057,5,0.75,8212,0.389989077266,0.568851110815,0.032348889185
512,11410433,22286,5,0.75,8691,0.389975769541,0.568831699723,0.032368300277
512,12454913,24326,5,0.75,9486,0.389953136562,0.568798686501,0.032401313499
256,5989889,23398,5,0.75,9124,0.389947858791,0.568790988169,0.032409011831
256,5846273,22837,5,0.75,8905,0.389937382318,0.568775706835,0.032424293165
1024,20628481,20145,5,0.75,7855,0.389923057831,0.568754812658,0.032445187342
512,12637697,24683,5,0.75,9624,0.389903982498,0.568726988740,0.032473011260
256,6140929,23988,5,0.75,9353,0.389903284976,0.568725971311,0.032474028689
512,10882049,21254,5,0.75,8286,0.389856027101,0.568657039394,0.032542960606
1024,24677377,24099,5,0.75,9395,0.389850201253,0.568648541618,0.032551458382
256,5406977,21121,5,0.75,8234,0.389848965485,0.568646739084,0.032553260916
1024,21964801,21450,5,0.75,8362,0.389836829837,0.568629037623,0.032570962377
256,5912321,23095,5,0.75,9003,0.389824637367,0.568611253279,0.032588746721
1024,22835201,22300,5,0.75,8693,0.389820627803,0.568605404794,0.032594595206
512,11919361,23280,5,0.75,9075,0.389819587629,0.568603887562,0.032596112438
512,10587649,20679,5,0.75,8061,0.389815755114,0.568598297327,0.032601702673
512,10754561,21005,5,0.75,8188,0.389811949536,0.568592746384,0.032607253616
512,10610177,20723,5,0.75,8078,0.389808425421,0.568587605992,0.032612394008
1024,23938049,23377,5,0.75,9112,0.389784831244,0.568553190737,0.032646809263
1024,24726529,24147,5,0.75,9412,0.389779268646,0.568545076945,0.032654923055
256,5824513,22752,5,0.75,8868,0.389767932489,0.568528541648,0.032671458352
256,6291713,24577,5,0.75,9579,0.389754648655,0.568509165403,0.032690834597
1024,22392833,21868,5,0.75,8523,0.389747576367,0.568498849527,0.032701150473
256,5586433,21822,5,0.75,8505,0.389744294748,0.568494062848,0.032705937152
1024,20659201,20175,5,0.75,7863,0.389739776952,0.568487473039,0.032712526961
512,12366337,24153,5,0.75,9412,0.389682441105,0.568403841055,0.032796158945
512,12207617,23843,5,0.75,9291,0.389674118190,0.568391700973,0.032808299027
512,11017217,21518,5,0.75,8385,0.389673761502,0.568391180696,0.032808819304
1024,25043969,24457,5,0.75,9530,0.389663491025,0.568376199835,0.032823800165
1024,21396481,20895,5,0.75,8142,0.389662598708,0.568374898271,0.032825101729
512,11496449,22454,5,0.75,8749,0.389641043912,0.568343457725,0.032856542275
512,11384833,22236,5,0.75,8664,0.389638424177,0.568339636492,0.032860363508
512,11804161,23055,5,0.75,8983,0.389633485144,0.568332432253,0.032867567747
256,5602561,21885,5,0.75,8527,0.389627598812,0.568323846252,0.032876153748
1024,25246721,24655,5,0.75,9606,0.389616710606,0.568307964352,0.032892035648
1024,22592513,22063,5,0.75,8596,0.389611566877,0.568300461535,0.032899538465
1024,25259009,24667,5,0.75,9610,0.389589329874,0.568268025900,0.032931974100
512,12244481,23915,5,0.75,9317,0.389588124608,0.568266267858,0.032933732142
512,10822657,21138,5,0.75,8235,0.389582741981,0.568258416579,0.032941583421
1024,22079489,21562,5,0.75,8400,0.389574250997,0.568246031346,0.032953968654
256,6223873,24312,5,0.75,9471,0.389560710760,0.568226281103,0.032973718897
256,5796097,22641,5,0.75,8820,0.389558765072,0.568223443058,0.032976556942
512,10877441,21245,5,0.75,8276,0.389550482466,0.568211361772,0.032988638228
512,10279937,20078,5,0.75,7821,0.389530829764,0.568182695683,0.033017304317
512,10571777,20648,5,0.75,8043,0.389529252228,0.568180394636,0.033019605364
1024,24204289,23637,5,0.75,9207,0.389516436096,0.568161700597,0.033038299403
1024,21409793,20908,5,0.75,8144,0.389515974747,0.568161027657,0.033038972343
256,6108929,23863,5,0.75,9295,0.389515148975,0.568159823160,0.033040176840
256,5293313,20677,5,0.75,8054,0.389514919959,0.568159489110,0.033040510890
256,5175041,20215,5,0.75,7874,0.389512738066,0.568156306527,0.033043693473
512,11614721,22685,5,0.75,8836,0.389508485784,0.568150104006,0.033049895994
512,12508673,24431,5,0.75,9516,0.389505136916,0.568145219236,0.033054780764
512,11453441,22370,5,0.75,8713,0.389494859186,0.568130227795,0.033069772205
1024,20816897,20329,5,0.75,7918,0.389492842737,0.568127286535,0.033072713465
256,6181633,24147,5,0.75,9405,0.389489377562,0.568122232115,0.033077767885
1024,20901889,20412,5,0.75,7950,0.389476778366,0.568103854505,0.033096145495
512,12513793,24441,5,0.75,9519,0.389468516018,0.568091802769,0.033108197231
1024,25101313,24513,5,0.75,9547,0.389466813528,0.568089319459,0.033110680541
256,5984513,23377,5,0.75,9104,0.389442614536,0.568054022000,0.033145978000
512,11160577,21798,5,0.75,8489,0.389439398110,0.568049330414,0.033150669586
256,5206273,20337,5,0.75,7920,0.389437970202,0.568047247620,0.033152752380
1024,22208513,21688,5,0.75,8446,0.389431943932,0.568038457501,0.033161542499
512,12031489,23499,5,0.75,9151,0.389420826418,0.568022241124,0.033177758876
1024,22422529,21897,5,0.75,8527,0.389414074987,0.568012393261,0.033187606739
512,12436993,24291,5,0.75,9459,0.389403482771,0.567996943100,0.033203056900
256,5945089,23223,5,0.75,9043,0.389398441201,0.567989589296,0.033210410704
512,10940929,21369,5,0.75,8321,0.389395853807,0.567985815238,0.033214184762
256,6318593,24682,5,0.75,9611,0.389393079977,0.567981769237,0.033218230763
512,11155457,21788,5,0.75,8484,0.389388654305,0.567975313804,0.033224686196
512,11974657,23388,5,0.75,9107,0.389387720198,0.567973951284,0.033226048716
512,11555329,22569,5,0.75,8788,0.389383667863,0.567968040412,0.033231959588
512,11376641,22220,5,0.75,8652,0.389378937894,0.567961141121,0.033238858879
512,11501569,22464,5,0.75,8747,0.389378561254,0.567960591741,0.033239408259
1024,23497729,22947,5,0.75,8935,0.389375517497,0.567956152016,0.033243847984
512,10782721,21060,5,0.75,8200,0.389363722697,0.567938947726,0.033261052274
512,11964929,23369,5,0.75,9099,0.389361975266,0.567936398865,0.033263601135
256,5995777,23421,5,0.75,9119,0.389351436745,0.567921027025,0.033278972975
256,5701889,22273,5,0.75,8672,0.389350334486,0.567919419233,0.033280580767
256,6110977,23871,5,0.75,9294,0.389342717104,0.567908308266,0.033291691734
256,5767169,22528,5,0.75,8771,0.389337713068,0.567901009212,0.033298990788
1024,21869569,21357,5,0.75,8315,0.389333707918,0.567895167165,0.033304832835
1024,23079937,22539,5,0.75,8775,0.389325169706,0.567882713044,0.033317286956
256,5227009,20418,5,0.75,7949,0.389313350965,0.567865473833,0.033334526167
512,11369473,22206,5,0.75,8645,0.389309195713,0.567859412843,0.033340587157
1024,24801281,24220,5,0.75,9429,0.389306358382,0.567855274217,0.033344725783
256,5227777,20421,5,0.75,7950,0.389305127075,0.567853478192,0.033346521808
512,12599297,24608,5,0.75,9580,0.389304291287,0.567852259084,0.033347740916
1024,21626881,21120,5,0.75,8222,0.389299242424,0.567844894644,0.033355105356
256,6045953,23617,5,0.75,9194,0.389295846212,0.567839940816,0.033360059184
1024,25596929,24997,5,0.75,9731,0.389286714406,0.567826620857,0.033373379143
256,5591041,21840,5,0.75,8502,0.389285714286,0.567825162049,0.033374837951
512,11632129,22719,5,0.75,8844,0.389277697082,0.567813467887,0.033386532113
512,10415617,20343,5,0.75,7919,0.389273951728,0.567808004788,0.033391995212
256,6324481,24705,5,0.75,9617,0.389273426432,0.567807238574,0.033392761426
512,10759169,21014,5,0.75,8180,0.389264299990,0.567793926441,0.033406073559
1024,21439489,20937,5,0.75,8150,0.389263027177,0.567792069873,0.033407930127
512,11297281,22065,5,0.75,8589,0.389259007478,0.567786206605,0.033413793395
512,11594753,22646,5,0.75,8815,0.389251965027,0.567775934251,0.033424065749
1024,20751361,20265,5,0.75,7888,0.389242536393,0.567762181330,0.033437818670
1024,21027841,20535,5,0.75,7993,0.389237886535,0.567755398892,0.033444601108
1024,20610049,20127,5,0.75,7834,0.389228399662,0.567741561022,0.033458438978
512,12791297,24983,5,0.75,9724,0.389224672777,0.567736124863,0.033463875137
1024,24004609,23442,5,0.75,9124,0.389215937207,0.567723382867,0.033476617133
256,6084097,23766,5,0.75,9250,0.389211478583,0.567716879370,0.033483120630
256,5986817,23386,5,0.75,9102,0.389207217994,0.567710664732,0.033489335268
256,6254593,24432,5,0.75,9509,0.389202685003,0.567704052760,0.033495947240
512,12438529,24294,5,0.75,9455,0.389190746686,0.567686639132,0.033513360868
1024,25446401,24850,5,0.75,9671,0.389175050302,0.567663743861,0.033536256139
256,6376193,24907,5,0.75,9693,0.389167703858,0.567653028092,0.033546971908
512,11086849,21654,5,0.75,8427,0.389165973954,0.567650504796,0.033549495204
256,5212673,20362,5,0.75,7924,0.389156271486,0.567636352452,0.033563647548
512,11759617,22968,5,0.75,8938,0.389150121909,0.567627382473,0.033572617527
256,5237761,20460,5,0.75,7962,0.389149560117,0.567626563025,0.033573436975
512,10944001,21375,5,0.75,8318,0.389146198830,0.567621660139,0.033578339861
256,6277889,24523,5,0.75,9543,0.389144884394,0.567619742859,0.033580257141
256,5728001,22375,5,0.75,8707,0.389139664804,0.567612129391,0.033587870609
256,6358273,24837,5,0.75,9665,0.389137174377,0.567608496770,0.033591503230
256,5962241,23290,5,0.75,9063,0.389136968656,0.567608196698,0.033591803302
256,5184001,20250,5,0.75,7880,0.389135802469,0.567606495659,0.033593504341
1024,22033409,21517,5,0.75,8373,0.389134172980,0.567604118831,0.033595881169
512,12748289,24899,5,0.75,9689,0.389132093658,0.567601085864,0.033598914136
512,11947009,23334,5,0.75,9080,0.389131739093,0.567600568683,0.033599431317
512,10994689,21474,5,0.75,8356,0.389121728602,0.567585967046,0.033614032954
512,10650113,20801,5,0.75,8094,0.389115907889,0.567577476759,0.033622523241
1024,22445057,21919,5,0.75,8529,0.389114466901,0.567575374886,0.033624625114
1024,24067073,23503,5,0.75,9145,0.389099263924,0.567553199315,0.033646800685
256,5456897,21316,5,0.75,8294,0.389097391631,0.567550468326,0.033649531674
256,6147073,24012,5,0.75,9343,0.389097118108,0.567550069356,0.033649930644
256,6145793,24007,5,0.75,9341,0.389094847336,0.567546757133,0.033653242867
512,10746881,20990,5,0.75,8167,0.389090042878,0.567539749189,0.033660250811
1024,24368129,23797,5,0.75,9259,0.389082657478,0.567528976598,0.033671023402
256,6231553,24342,5,0.75,9471,0.389080601430,0.567525977577,0.033674022423
256,5442049,21258,5,0.75,8271,0.389077053345,0.567520802221,0.033679197779
256,6241537,24381,5,0.75,9486,0.389073458841,0.567515559158,0.033684440842
256,6356737,24831,5,0.75,9661,0.389070113970,0.567510680218,0.033689319782
512,10780673,21056,5,0.75,8192,0.389057750760,0.567492646826,0.033707353174
1024,20577281,20095,5,0.75,7818,0.389052002986,0.567484262930,0.033715737070
1024,20530177,20049,5,0.75,7800,0.389046835254,0.567476725103,0.033723274897
512,11086337,21653,5,0.75,8424,0.389045397866,0.567474628482,0.033725371518
256,5786113,22602,5,0.75,8793,0.389036368463,0.567461457892,0.033738542108
256,6007297,23466,5,0.75,9129,0.389030938379,0.567453537390,0.033746462610
256,5934337,23181,5,0.75,9018,0.389025495017,0.567445597521,0.033754402479
512,11960833,23361,5,0.75,9088,0.389024442447,0.567444062206,0.033755937794
256,5340161,20860,5,0.75,8115,0.389022051774,0.567440575091,0.033759424909
256,5179649,20233,5,0.75,7871,0.389017940987,0.567434578960,0.033765421040
1024,23869441,23310,5,0.75,9068,0.389017589018,0.567434065565,0.033765934435
512,10785793,21066,5,0.75,8195,0.389015475173,0.567430982241,0.033769017759
512,10933249,21354,5,0.75,8307,0.389013767912,0.567428491973,0.033771508027
256,5494273,21462,5,0.75,8349,0.389013139502,0.567427575354,0.033772424646
256,6240001,24375,5,0.75,9482,0.389005128205,0.567415889807,0.033784110193
1024,20485121,20005,5,0.75,7782,0.389002749313,0.567412419875,0.033787580125
1024,21240833,20743,5,0.75,8069,0.388998698356,0.567406511015,0.033793488985
512,10619393,20741,5,0.75,8068,0.388987994793,0.567390898439,0.033809101561
256,5810689,22698,5,0.75,8829,0.388977002379,0.567374864537,0.033825135463
256,6253057,24426,5,0.75,9501,0.388970768853,0.567365772107,0.033834227893
512,12397057,24213,5,0.75,9418,0.388964605790,0.567356782458,0.033843217542
512,11094529,21669,5,0.75,8428,0.388942729245,0.567324872597,0.033875127403
256,5677057,22176,5,0.75,8625,0.388933982684,0.567312114571,0.033887885429
256,6286081,24555,5,0.75,9550,0.388922826308,0.567295841508,0.033904158492
1024,24373249,23802,5,0.75,9257,0.388916897740,0.567287193900,0.033912806100
512,12264449,23954,5,0.75,9316,0.388912081490,0.567280168756,0.033919831244
1024,24708097,24129,5,0.75,9384,0.388909610842,0.567276564987,0.033923435013
512,11243009,21959,5,0.75,8540,0.388906598661,0.567272171319,0.033927828681
512,10670593,20841,5,0.75,8105,0.388896885946,0.567258004028,0.033941995972
256,5610497,21916,5,0.75,8523,0.388893958752,0.567253734325,0.033946265675
256,5501953,21492,5,0.75,8358,0.388888888889,0.567246339253,0.033953660747
256,6097153,23817,5,0.75,9262,0.388881891086,0.567236132024,0.033963867976
512,10559489,20624,5,0.75,8020,0.388867339022,0.567214905898,0.033985094102
512,11749889,22949,5,0.75,8924,0.388862259793,0.567207497164,0.033992502836
256,6190337,24181,5,0.75,9403,0.388859021546,0.567202773748,0.033997226252
512,11721217,22893,5,0.75,8902,0.388852487660,0.567193243203,0.034006756797
512,11638273,22731,5,0.75,8839,0.388852228235,0.567192864797,0.034007135203
256,6053633,23647,5,0.75,9195,0.388844250856,0.567181228726,0.034018771274
256,5486849,21433,5,0.75,8334,0.388839639808,0.567174502897,0.034025497103
256,5168897,20191,5,0.75,7851,0.388836610371,0.567170084059,0.034029915941
256,6167809,24093,5,0.75,9368,0.388826630142,0.567155526562,0.034044473438
1024,20484097,20004,5,0.75,7778,0.388822235553,0.567149116468,0.034050883532
256,5296897,20691,5,0.75,8045,0.388816393601,0.567140595202,0.034059404798
512,11316737,22103,5,0.75,8594,0.388815997828,0.567140017915,0.034059982085
512,11673601,22800,5,0.75,8865,0.388815789474,0.567139714002,0.034060285998
256,5734913,22402,5,0.75,8710,0.388804571020,0.567123350391,0.034076649609
512,11494913,22451,5,0.75,8729,0.388802280522,0.567120009393,0.034079990607
512,12187649,23804,5,0.75,9255,0.388800201647,0.567116977076,0.034083022924
1024,24701953,24123,5,0.75,9379,0.388799071426,0.567115328498,0.034084671502
256,5483521,21420,5,0.75,8328,0.388795518207,0.567110145654,0.034089854346
512,12391937,24203,5,0.75,9410,0.388794777507,0.567109065244,0.034090934756
1024,21913601,21400,5,0.75,8320,0.388785046729,0.567094871606,0.034105128394
512,10335233,20186,5,0.75,7848,0.388784305955,0.567093791088,0.034106208912
256,5319169,20778,5,0.75,8078,0.388776590625,0.567082537250,0.034117462750
512,10577921,20660,5,0.75,8032,0.388770571152,0.567073757045,0.034126242955
1024,24511489,23937,5,0.75,9306,0.388770522622,0.567073686258,0.034126313742
512,10621441,20745,5,0.75,8065,0.388768377922,0.567070557927,0.034129442073
512,11619841,22695,5,0.75,8823,0.388764044944,0.567064237700,0.034135762300
256,5713153,22317,5,0.75,8676,0.388761930367,0.567061153307,0.034138846693
256,5519617,21561,5,0.75,8382,0.388757478781,0.567054660075,0.034145339925
256,5596673,21862,5,0.75,8499,0.388756746867,0.567053592480,0.034146407520
256,5672449,22158,5,0.75,8614,0.388753497608,0.567048853003,0.034151146997
512,11068417,21618,5,0.75,8404,0.388750115644,0.567043919958,0.034156080042
1024,20622337,20139,5,0.75,7829,0.388748200010,0.567041125749,0.034158874251
512,11802113,23051,5,0.75,8961,0.388746692117,0.567038926287,0.034161073713
1024,20717569,20232,5,0.75,7865,0.388740608936,0.567030053156,0.034169946844
512,12383233,24186,5,0.75,9402,0.388737286033,0.567025206258,0.034174793742
512,10926593,21341,5,0.75,8296,0.388735298252,0.567022306814,0.034177693186
256,6287873,24562,5,0.75,9548,0.388730559401,0.567015394567,0.034184605433
256,6100993,23832,5,0.75,9264,0.388721047331,0.567001519944,0.034198480056
512,10298881,20115,5,0.75,7819,0.388714889386,0.566992537759,0.034207462241
256,5651969,22078,5,0.75,8582,0.388712745720,0.566989410936,0.034210589064
256,5505793,21507,5,0.75,8360,0.388710652346,0.566986357471,0.034213642529
512,12421121,24260,5,0.75,9430,0.388705688376,0.566979116858,0.034220883142
256,5468417,21361,5,0.75,8303,0.388699030944,0.566969406106,0.034230593894
1024,23749633,23193,5,0.75,9015,0.388694864830,0.566963329272,0.034236670728
1024,22643713,22113,5,0.75,8595,0.388685388685,0.566949507051,0.034250492949
1024,20812801,20325,5,0.75,7900,0.388683886839,0.566947316407,0.034252683593
256,5806081,22680,5,0.75,8815,0.388668430335,0.566924771034,0.034275228966
256,6283009,24543,5,0.75,9539,0.388664792405,0.566919464628,0.034280535372
1024,23580673,23028,5,0.75,8950,0.388657286781,0.566908516674,0.034291483326
256,5352449,20908,5,0.75,8126,0.388655060264,0.566905269001,0.034294730999
256,6048769,23628,5,0.75,9183,0.388649060437,0.566896517452,0.034303482548
256,5336833,20847,5,0.75,8102,0.388641051470,0.566884835306,0.034315164694
256,5969921,23320,5,0.75,9063,0.388636363636,0.566877997475,0.034322002525
1024,23252993,22708,5,0.75,8825,0.388629557865,0.566868070349,0.034331929651
512,11575297,22608,5,0.75,8786,0.388623496108,0.566859228467,0.034340771533
256,5445889,21273,5,0.75,8267,0.388614675880,0.566846362988,0.034353637012
256,5658113,22102,5,0.75,8589,0.388607365849,0.566835700333,0.034364299667
256,6358529,24838,5,0.75,9652,0.388598115790,0.566822207887,0.034377792113
1024,24072193,23508,5,0.75,9135,0.388591117917,0.566812000556,0.034387999444
1024,23294977,22749,5,0.75,8840,0.388588509385,0.566808195663,0.034391804337
1024,21577729,21072,5,0.75,8188,0.388572513288,0.566784863221,0.034415136779
256,5412353,21142,5,0.75,8215,0.388563049853,0.566771059539,0.034428940461
1024,23546881,22995,5,0.75,8935,0.388562731028,0.566770594490,0.034429405510
256,6381569,24928,5,0.75,9686,0.388559050064,0.566765225313,0.034434774687
512,12100609,23634,5,0.75,9183,0.388550393501,0.566752598560,0.034447401440
256,5479169,21403,5,0.75,8316,0.388543662103,0.566742779918,0.034457220082
256,6236929,24363,5,0.75,9466,0.388539999179,0.566737437054,0.034462562946
512,10640897,20783,5,0.75,8075,0.388538709522,0.566735555918,0.034464444082
1024,21092353,20598,5,0.75,8003,0.388532867269,0.566727034211,0.034472965789
512,11097089,21674,5,0.75,8421,0.388530035988,0.566722904410,0.034477095590
256,5782529,22588,5,0.75,8776,0.388524880468,0.566715384396,0.034484615604
512,10974721,21435,5,0.75,8328,0.388523442967,0.566713287610,0.034486712390
512,12264961,23955,5,0.75,9307,0.388520141933,0.566708472611,0.034491527389
512,11996161,23430,5,0.75,9103,0.388518992744,0.566706796366,0.034493203634
256,5353729,20913,5,0.75,8125,0.388514321236,0.566699982347,0.034500017653
512,11732993,22916,5,0.75,8903,0.388505847443,0.566687622190,0.034512377810
512,11485697,22433,5,0.75,8715,0.388490170731,0.566664755613,0.034535244387
512,11822081,23090,5,0.75,8970,0.388479861412,0.566649718096,0.034550281904
512,10513409,20534,5,0.75,7977,0.388477646830,0.566646487832,0.034553512168
256,5905153,23067,5,0.75,8961,0.388477045129,0.566645610172,0.034554389828
512,10533377,20573,5,0.75,7992,0.388470325183,0.566635808234,0.034564191766
1024,23692289,23137,5,0.75,8988,0.388468686519,0.566633418024,0.034566581976
256,5306369,20728,5,0.75,8052,0.388460054033,0.566620826391,0.034579173609
1024,21046273,20553,5,0.75,7984,0.388459105727,0.566619443159,0.034580556841
1024,21752833,21243,5,0.75,8252,0.388457374194,0.566616917488,0.034583082512
512,10662913,20826,5,0.75,8090,0.388456736771,0.566615987722,0.034584012278
256,5529857,21601,5,0.75,8391,0.388454238230,0.566612343266,0.034587656734
512,10515457,20538,5,0.75,7978,0.388450676794,0.566607148437,0.034592851563
1024,24629249,24052,5,0.75,9343,0.388450024946,0.566606197629,0.034593802371
256,6320129,24688,5,0.75,9590,0.388447828905,0.566602994410,0.034597005590
256,5331713,20827,5,0.75,8090,0.388438085178,0.566588781884,0.034611218116
256,5286913,20652,5,0.75,8022,0.388436955259,0.566587133746,0.034612866254
512,10447361,20405,5,0.75,7926,0.388434207302,0.566583125485,0.034616874515
256,5533441,21615,5,0.75,8396,0.388433957900,0.566582761698,0.034617238302
1024,22239233,21718,5,0.75,8436,0.388433557418,0.566582177542,0.034617822458
512,10667521,20835,5,0.75,8093,0.388432925366,0.566581255610,0.034618744390
512,12046337,23528,5,0.75,9139,0.388430805848,0.566578164010,0.034621835990
256,5264641,20565,5,0.75,7988,0.388426938974,0.566572523658,0.034627476342
512,10678273,20856,5,0.75,8101,0.388425393172,0.566570268900,0.034629731100
512,11350529,22169,5,0.75,8611,0.388425278542,0.566570101697,0.034629898303
1024,22337537,21814,5,0.75,8473,0.388420280554,0.566562811464,0.034637188536
1024,21594113,21088,5,0.75,8191,0.388419954476,0.566562335836,0.034637664164
1024,25572353,24973,5,0.75,9700,0.388419493052,0.566561662788,0.034638337212
1024,23110657,22569,5,0.75,8766,0.388408879436,0.566546181413,0.034653818587
1024,20585473,20103,5,0.75,7808,0.388399741332,0.566532852268,0.034667147732
256,5865473,22912,5,0.75,8899,0.388399092179,0.566531905391,0.034668094609
256,5523457,21576,5,0.75,8380,0.388394512421,0.566525225204,0.034674774796
256,5182721,20245,5,0.75,7863,0.388392195604,0.566521845816,0.034678154184
512,12498433,24411,5,0.75,9481,0.388390479702,0.566519342944,0.034680657056
256,5243393,20482,5,0.75,7955,0.388389805683,0.566518359798,0.034681640202
512,12576257,24563,5,0.75,9540,0.388389040427,0.566517243570,0.034682756430
512,12167681,23765,5,0.75,9230,0.388386282348,0.566513220544,0.034686779456
512,10800641,21095,5,0.75,8193,0.388385873430,0.566512624082,0.034687375918
256,5267201,20575,5,0.75,7991,0.388383961118,0.566509834720,0.034690165280
256,6086657,23776,5,0.75,9234,0.388374831763,0.566496518338,0.034703481662
256,5972737,23331,5,0.75,9061,0.388367408169,0.566485690036,0.034714309964
1024,20914177,20424,5,0.75,7932,0.388366627497,0.566484551321,0.034715448679
256,5324801,20800,5,0.75,8078,0.388365384615,0.566482738412,0.034717261588
256,5634049,22008,5,0.75,8547,0.388358778626,0.566473102695,0.034726897305
256,5955073,23262,5,0.75,9034,0.388358696587,0.566472983030,0.034727016970
1024,24416257,23844,5,0.75,9260,0.388357658111,0.566471468274,0.034728531726
512,10352129,20219,5,0.75,7852,0.388347593847,0.566456788203,0.034743211797
512,10693633,20886,5,0.75,8111,0.388346260653,0.566454843561,0.034745156439
1024,25351169,24757,5,0.75,9614,0.388334612433,0.566437853077,0.034762146923
512,10319873,20156,5,0.75,7827,0.388321095455,0.566418136762,0.034781863238
512,10981889,21449,5,0.75,8329,0.388316471630,0.566411392296,0.034788607704
256,5725697,22366,5,0.75,8685,0.388312617366,0.566405770337,0.034794229663
256,5820673,22737,5,0.75,8829,0.388309803404,0.566401665798,0.034798334202
256,6263809,24468,5,0.75,9501,0.388303089750,0.566391873038,0.034808126962
256,5667841,22140,5,0.75,8597,0.388301716350,0.566389869752,0.034810130248
512,10739713,20976,5,0.75,8145,0.388300915332,0.566388701359,0.034811298641
512,12152321,23735,5,0.75,9216,0.388287339372,0.566368899010,0.034831100990
256,5189633,20272,5,0.75,7871,0.388269534333,0.566342927985,0.034857072015
512,10656257,20813,5,0.75,8081,0.388266948542,0.566339156263,0.034860843737
256,5392129,21063,5,0.75,8178,0.388263780088,0.566334534651,0.034865465349
256,5587969,21828,5,0.75,8475,0.388262781748,0.566333078439,0.034866921561
256,5382401,21025,5,0.75,8163,0.388252080856,0.566317469759,0.034882530241
512,10379777,20273,5,0.75,7871,0.388250382282,0.566314992162,0.034885007838
1024,21253121,20755,5,0.75,8058,0.388243796675,0.566305386177,0.034894613823
1024,21875713,21363,5,0.75,8294,0.388241351870,0.566301820102,0.034898179898
256,5943809,23218,5,0.75,9014,0.388233267293,0.566290027667,0.034909972333
256,6307841,24640,5,0.75,9566,0.388230519481,0.566286019616,0.034913980384
256,5684737,22206,5,0.75,8621,0.388228406737,0.566282937897,0.034917062103
256,6216961,24285,5,0.75,9428,0.388223183035,0.566275318431,0.034924681569
512,12042241,23520,5,0.75,9131,0.388222789116,0.566274743847,0.034925256153
256,5372929,20988,5,0.75,8148,0.388221841052,0.566273360970,0.034926639030
512,10606081,20715,5,0.75,8042,0.388221095824,0.566272273956,0.034927726044
1024,25224193,24633,5,0.75,9563,0.388219055738,0.566269298218,0.034930701782
256,6309377,24646,5,0.75,9568,0.388217154914,0.566266525612,0.034933474388
512,12774401,24950,5,0.75,9686,0.388216432866,0.566265472408,0.034934527592
1024,20843521,20355,5,0.75,7902,0.388209285188,0.566255046567,0.034944953433
512,11591681,22640,5,0.75,8789,0.388206713781,0.566251295826,0.034948704174
256,5522177,21571,5,0.75,8374,0.388206388206,0.566250820932,0.034949179068
256,6055681,23655,5,0.75,9183,0.388205453393,0.566249457382,0.034950542618
512,11225089,21924,5,0.75,8511,0.388204707170,0.566248368917,0.034951631083
1024,25064449,24477,5,0.75,9502,0.388201168444,0.566243207212,0.034956792788
256,5202433,20322,5,0.75,7889,0.388199980317,0.566241474171,0.034958525829
512,11435009,22334,5,0.75,8670,0.388197367243,0.566237662653,0.034962337347
256,5691137,22231,5,0.75,8630,0.388196662318,0.566236634427,0.034963365573
256,6369793,24882,5,0.75,9659,0.388192267503,0.566230224002,0.034969775998
256,6065153,23692,5,0.75,9197,0.388190106365,0.566227071694,0.034972928306
256,5575169,21778,5,0.75,8454,0.388189916429,0.566226794648,0.034973205352
256,6347521,24795,5,0.75,9625,0.388183101432,0.566216854064,0.034983145936
256,6086401,23775,5,0.75,9229,0.388180862250,0.566213587919,0.034986412081
256,5221889,20398,5,0.75,7918,0.388175311305,0.566205491125,0.034994508875
1024,20579329,20097,5,0.75,7801,0.388167388167,0.566193934171,0.035006065829
1024,21993473,21478,5,0.75,8337,0.388164633579,0.566189916236,0.035010083764
512,11610113,22676,5,0.75,8802,0.388163697301,0.566188550550,0.035011449450
512,10275329,20069,5,0.75,7790,0.388160845084,0.566184390212,0.035015609788
512,11433473,22331,5,0.75,8668,0.388159957010,0.566183094837,0.035016905163
1024,24523777,23949,5,0.75,9296,0.388158169443,0.566180487432,0.035019512568
1024,24835073,24253,5,0.75,9414,0.388158166000,0.566180482410,0.035019517590
1024,22896641,22360,5,0.75,8679,0.388148479428,0.566166353251,0.035033646749
512,12285953,23996,5,0.75,9314,0.388148024671,0.566165689928,0.035034310072
512,12695041,24795,5,0.75,9624,0.388142770720,0.566158026339,0.035041973661
512,12630529,24669,5,0.75,9575,0.388138959828,0.566152467645,0.035047532355
512,12080641,23595,5,0.75,9158,0.388133079042,0.566143889734,0.035056110266
512,10627073,20756,5,0.75,8056,0.388128733860,0.566137551706,0.035062448294
1024,24407041,23835,5,0.75,9251,0.388126704426,0.566134591506,0.035065408494
256,5708033,22297,5,0.75,8654,0.388123962865,0.566130592573,0.035069407427
512,10534913,20576,5,0.75,7986,0.388122083981,0.566127851970,0.035072148030
512,10877953,21246,5,0.75,8246,0.388120116728,0.566124982469,0.035075017531
512,12199937,23828,5,0.75,9248,0.388114822897,0.566117260711,0.035082739289
512,12796417,24993,5,0.75,9700,0.388108670428,0.566108286512,0.035091713488
1024,24521729,23947,5,0.75,9294,0.388107069779,0.566105951753,0.035094048247
512,10398209,20309,5,0.75,7882,0.388103796346,0.566101177014,0.035098822986
512,10882561,21255,5,0.75,8249,0.388096918372,0.566091144571,0.035108855429
512,11957761,23355,5,0.75,9064,0.388096767288,0.566090924194,0.035109075806
1024,23759873,23203,5,0.75,9005,0.388096366849,0.566090340101,0.035109659899
512,12521473,24456,5,0.75,9491,0.388084723585,0.566073356847,0.035126643153
256,5882113,22977,5,0.75,8917,0.388083735910,0.566071916191,0.035128083809
1024,21620737,21114,5,0.75,8194,0.388083735910,0.566071916191,0.035128083809
256,5838593,22807,5,0.75,8851,0.388082606217,0.566070268384,0.035129731616
512,12344833,24111,5,0.75,9357,0.388080129402,0.566066655617,0.035133344383
256,5817601,22725,5,0.75,8819,0.388074807481,0.566058892885,0.035141107115
256,5864449,22908,5,0.75,8890,0.388074035272,0.566057766515,0.035142233485
256,5382913,21027,5,0.75,8160,0.388072478242,0.566055495380,0.035144504620
512,12430849,24279,5,0.75,9422,0.388071996375,0.566054792513,0.035145207487
512,10523137,20553,5,0.75,7976,0.388069868146,0.566051688206,0.035148311794
256,5260289,20548,5,0.75,7974,0.388066965155,0.566047453807,0.035152546193
1024,21666817,21159,5,0.75,8211,0.388061817666,0.566039945508,0.035160054492
512,12401153,24221,5,0.75,9399,0.388051690682,0.566025173949,0.035174826051
256,5360129,20938,5,0.75,8125,0.388050434616,0.566023341811,0.035176658189
512,11446273,22356,5,0.75,8675,0.388039005189,0.566006670465,0.035193329535
256,6182401,24150,5,0.75,9371,0.388033126294,0.565998095312,0.035201904688
1024,25199617,24609,5,0.75,9549,0.388028769962,0.565991741021,0.035208258979
512,12100097,23633,5,0.75,9170,0.388016756231,0.565974217391,0.035225782609
256,5775617,22561,5,0.75,8754,0.388014715660,0.565971240946,0.035228759054
256,6108161,23860,5,0.75,9258,0.388013411567,0.565969338753,0.035230661247
512,11857409,23159,5,0.75,8986,0.388013299365,0.565969175091,0.035230824909
256,5688577,22221,5,0.75,8622,0.388011340624,0.565966318005,0.035233681995
512,10384897,20283,5,0.75,7870,0.388009663265,0.565963871353,0.035236128647
1024,23723009,23167,5,0.75,8989,0.388008805629,0.565962620377,0.035237379623
1024,20920321,20430,5,0.75,7927,0.388007831620,0.565961199655,0.035238800345
256,5706497,22291,5,0.75,8649,0.388004127226,0.565955796302,0.035244203698
1024,22591489,22062,5,0.75,8560,0.387997461699,0.565946073741,0.035253926259
512,11046401,21575,5,0.75,8371,0.387995365006,0.565943015435,0.035256984565
512,11736577,22923,5,0.75,8894,0.387994590586,0.565941885840,0.035258114160
1024,24011777,23449,5,0.75,9098,0.387990959103,0.565936588837,0.035263411163
256,5656577,22096,5,0.75,8573,0.387988776249,0.565933404854,0.035266595146
256,5813761,22710,5,0.75,8811,0.387978863937,0.565918946423,0.035281053577
512,10354177,20223,5,0.75,7846,0.387974088909,0.565911981408,0.035288018592
512,11469313,22401,5,0.75,8691,0.387973751172,0.565911488774,0.035288511226
256,6000641,23440,5,0.75,9094,0.387969283276,0.565904971752,0.035295028248
256,5697793,22257,5,0.75,8635,0.387967830346,0.565902852458,0.035297147542
256,5121793,20007,5,0.75,7762,0.387964212526,0.565897575385,0.035302424615
256,6130177,23946,5,0.75,9290,0.387956234862,0.565885938898,0.035314061102
1024,25122817,24534,5,0.75,9518,0.387951414364,0.565878907558,0.035321092442
1024,22330369,21807,5,0.75,8460,0.387948823772,0.565875128835,0.035324871165
256,5189377,20271,5,0.75,7864,0.387943367372,0.565867169947,0.035332830053
512,11148289,21774,5,0.75,8447,0.387939744650,0.565861885723,0.035338114277
256,5794561,22635,5,0.75,8781,0.387939032472,0.565860846917,0.035339153083
512,11648513,22751,5,0.75,8826,0.387938991693,0.565860787435,0.035339212565
256,6247937,24406,5,0.75,9468,0.387937392444,0.565858454718,0.035341545282
512,10990081,21465,5,0.75,8327,0.387933845795,0.565853281457,0.035346718543
512,10674689,20849,5,0.75,8088,0.387932274929,0.565850990139,0.035349009861
256,5901569,23053,5,0.75,8943,0.387932156335,0.565850817154,0.035349182846
256,6019073,23512,5,0.75,9121,0.387929567880,0.565847041547,0.035352958453
512,12147713,23726,5,0.75,9204,0.387928854421,0.565846000872,0.035353999128
512,11816449,23079,5,0.75,8953,0.387928419776,0.565845366883,0.035354633117
256,6067969,23703,5,0.75,9195,0.387925579041,0.565841223292,0.035358776708
256,6296321,24595,5,0.75,9541,0.387924374873,0.565839466853,0.035360533147
512,12644353,24696,5,0.75,9580,0.387917071591,0.565828814041,0.035371185959
256,5834497,22791,5,0.75,8841,0.387916282743,0.565827663402,0.035372336598
1024,25172993,24583,5,0.75,9536,0.387910344547,0.565819001750,0.035380998250
256,5187841,20265,5,0.75,7861,0.387910189983,0.565818776297,0.035381223703
1024,23586817,23034,5,0.75,8935,0.387904836329,0.565810967279,0.035389032721
256,5784577,22596,5,0.75,8765,0.387900513365,0.565804661659,0.035395338341
512,11205121,21885,5,0.75,8489,0.387891249714,0.565791149389,0.035408850611
1024,21998593,21483,5,0.75,8333,0.387888097566,0.565786551559,0.035413448441
512,11725313,22901,5,0.75,8883,0.387886991834,0.565784938702,0.035415061298
1024,22276097,21754,5,0.75,8438,0.387882688241,0.565778661338,0.035421338662
1024,24499201,23925,5,0.75,9280,0.387878787879,0.565772972138,0.035427027862
1024,25307137,24714,5,0.75,9586,0.387877316501,0.565770825937,0.035429174063
256,5621249,21958,5,0.75,8517,0.387876855816,0.565770153966,0.035429846034
512,10326529,20169,5,0.75,7823,0.387872477565,0.565763767703,0.035436232297
256,5664257,22126,5,0.75,8582,0.387869474826,0.565759387808,0.035440612192
256,5849089,22848,5,0.75,8862,0.387867647059,0.565756721766,0.035443278234
256,6200321,24220,5,0.75,9394,0.387861271676,0.565747422420,0.035452577580
256,5529089,21598,5,0.75,8377,0.387859987036,0.565745548600,0.035454451400
256,6306049,24633,5,0.75,9554,0.387853692202,0.565736366744,0.035463633256
256,6034177,23571,5,0.75,9142,0.387849476051,0.565730216926,0.035469783074
256,6281729,24538,5,0.75,9517,0.387847420328,0.565727218379,0.035472781621
256,5551873,21687,5,0.75,8411,0.387836030802,0.565710605236,0.035489394764
256,5913601,23100,5,0.75,8959,0.387835497835,0.565709827833,0.035490172167
256,6138113,23977,5,0.75,9299,0.387830003754,0.565701813982,0.035498186018
1024,23789569,23232,5,0.75,9010,0.387827134986,0.565697629502,0.035502370498
256,6241793,24382,5,0.75,9456,0.387827085555,0.565697557400,0.035502442600
256,5722369,22353,5,0.75,8669,0.387822663625,0.565691107424,0.035508892576
512,10967041,21420,5,0.75,8307,0.387815126050,0.565680112866,0.035519887134
512,12226561,23880,5,0.75,9261,0.387814070352,0.565678572989,0.035521427011
512,12098561,23630,5,0.75,9164,0.387812103259,0.565675703721,0.035524296279
512,12433921,24285,5,0.75,9418,0.387811406218,0.565674686994,0.035525313006
512,12387841,24195,5,0.75,9383,0.387807398223,0.565668840799,0.035531159201
1024,21293057,20794,5,0.75,8064,0.387804174281,0.565664138249,0.035535861751
512,10436609,20384,5,0.75,7905,0.387804160126,0.565664117602,0.035535882398
256,6240257,24376,5,0.75,9453,0.387799474893,0.565657283565,0.035542716435
1024,25024513,24438,5,0.75,9477,0.387797692119,0.565654683151,0.035545316849
256,5953793,23257,5,0.75,9019,0.387797222342,0.565653997918,0.035546002082
512,12685313,24776,5,0.75,9608,0.387794639974,0.565650231191,0.035549768809
512,12420097,24258,5,0.75,9407,0.387789595185,0.565642872692,0.035557127308
256,5362433,20947,5,0.75,8123,0.387788227431,0.565640877641,0.035559122359
1024,22699009,22167,5,0.75,8596,0.387783642351,0.565634189690,0.035565810310
512,11885569,23214,5,0.75,9002,0.387783234255,0.565633594427,0.035566405573
1024,25371649,24777,5,0.75,9608,0.387778988578,0.565627401541,0.035572598459
1024,21460993,20958,5,0.75,8127,0.387775551102,0.565622387523,0.035577612477
256,6107393,23857,5,0.75,9251,0.387768789035,0.565612524146,0.035587475854
512,11272193,22016,5,0.75,8537,0.387763444767,0.565604728819,0.035595271181
512,12298241,24020,5,0.75,9314,0.387760199833,0.565599995649,0.035600004351
256,5309441,20740,5,0.75,8042,0.387753134041,0.565589689248,0.035610310752
512,11478529,22419,5,0.75,8693,0.387751460814,0.565587248624,0.035612751376
256,5432321,21220,5,0.75,8228,0.387747408106,0.565581337207,0.035618662793
256,5225729,20413,5,0.75,7915,0.387743104884,0.565575060385,0.035624939615
1024,22070273,21553,5,0.75,8357,0.387741845683,0.565573223671,0.035626776329
512,10713089,20924,5,0.75,8113,0.387736570445,0.565565529034,0.035634470966
1024,25216001,24625,5,0.75,9548,0.387736040609,0.565564756197,0.035635243803
1024,22794241,22260,5,0.75,8631,0.387735849057,0.565564476792,0.035635523208
256,5810177,22696,5,0.75,8800,0.387733521325,0.565561081485,0.035638918515
256,5551361,21685,5,0.75,8408,0.387733456306,0.565560986646,0.035639013354
1024,24062977,23499,5,0.75,9111,0.387718626325,0.565539355139,0.035660644861
1024,21144577,20649,5,0.75,8006,0.387718533585,0.565539219866,0.035660780134
512,12656129,24719,5,0.75,9584,0.387717949755,0.565538368272,0.035661631728
512,12318209,24059,5,0.75,9328,0.387713537554,0.565531932487,0.035668067513
1024,21316609,20817,5,0.75,8071,0.387711966181,0.565529640432,0.035670359568
256,6082561,23760,5,0.75,9212,0.387710437710,0.565527410953,0.035672589047
256,5993473,23412,5,0.75,9077,0.387707158722,0.565522628110,0.035677371890
256,5409793,21132,5,0.75,8193,0.387705848949,0.565520717632,0.035679282368
256,5386753,21042,5,0.75,8158,0.387700788898,0.565513336873,0.035686663127
256,5959937,23281,5,0.75,9026,0.387698122933,0.565509448206,0.035690551794
512,11085313,21651,5,0.75,8394,0.387695718443,0.565505940936,0.035694059064
256,5133313,20052,5,0.75,7774,0.387692000798,0.565500518255,0.035699481745
1024,23943169,23382,5,0.75,9065,0.387691386537,0.565499622273,0.035700377727
1024,20929537,20439,5,0.75,7924,0.387690200108,0.565497891708,0.035702108292
512,11900417,23243,5,0.75,9011,0.387686615325,0.565492662825,0.035707337175
512,10814977,21123,5,0.75,8189,0.387681674005,0.565485455249,0.035714544751
1024,20745217,20259,5,0.75,7854,0.387679549830,0.565482356857,0.035717643143
512,11569153,22596,5,0.75,8760,0.387679235263,0.565481898019,0.035718101981
256,5524481,21580,5,0.75,8366,0.387673772011,0.565473929137,0.035726070863
1024,22494209,21967,5,0.75,8516,0.387672417717,0.565471953719,0.035728046281
256,5755649,22483,5,0.75,8716,0.387670684517,0.565469425615,0.035730574385
512,10462721,20435,5,0.75,7922,0.387668216296,0.565465825385,0.035734174615
512,11838977,23123,5,0.75,8964,0.387665960299,0.565462534713,0.035737465287
1024,21763073,21253,5,0.75,8239,0.387662918176,0.565458097371,0.035741902629
1024,21142529,20647,5,0.75,8004,0.387659224100,0.565452709068,0.035747290932
256,5710337,22306,5,0.75,8647,0.387653546131,0.565444426992,0.035755573008
512,11867137,23178,5,0.75,8985,0.387652083873,0.565442294093,0.035757705907
512,10456577,20423,5,0.75,7917,0.387651177594,0.565440972165,0.035759027835
256,5514241,21540,5,0.75,8350,0.387650882080,0.565440541118,0.035759458882
512,12070913,23576,5,0.75,9139,0.387639972854,0.565424628556,0.035775371444
256,6353153,24817,5,0.75,9620,0.387637506548,0.565421031120,0.035778968880
1024,23719937,23164,5,0.75,8979,0.387627352789,0.565406220507,0.035793779493
256,5241857,20476,5,0.75,7937,0.387624536042,0.565402111906,0.035797888094
512,10317313,20151,5,0.75,7811,0.387623443005,0.565400517566,0.035799482434
512,10383361,20280,5,0.75,7861,0.387623274162,0.565400271285,0.035799728715
256,5526529,21588,5,0.75,8368,0.387622753382,0.565399511658,0.035800488342
512,12062209,23559,5,0.75,9132,0.387622564625,0.565399236331,0.035800763669
512,10242049,20004,5,0.75,7754,0.387622475505,0.565399106338,0.035800893662
1024,25276417,24684,5,0.75,9568,0.387619510614,0.565394781649,0.035805218351
256,5218817,20386,5,0.75,7902,0.387618954184,0.565393970022,0.035806029978
256,6272257,24501,5,0.75,9497,0.387616831966,0.565390874483,0.035809125517
512,11200001,21875,5,0.75,8479,0.387611428571,0.565382992911,0.035817007089
256,5726209,22368,5,0.75,8670,0.387607296137,0.565376965205,0.035823034795
512,11201537,21878,5,0.75,8480,0.387603985739,0.565372136547,0.035827863453
512,11877889,23199,5,0.75,8992,0.387602913919,0.565370573154,0.035829426846
256,5682689,22198,5,0.75,8604,0.387602486711,0.565369950014,0.035830049986
1024,24355841,23785,5,0.75,9219,0.387597225142,0.565362275314,0.035837724686
1024,25476097,24879,5,0.75,9643,0.387595964468,0.565360436453,0.035839563547
256,5388289,21048,5,0.75,8158,0.387590269859,0.565352130106,0.035847869894
512,10931201,21350,5,0.75,8275,0.387587822014,0.565348559597,0.035851440403
512,11739649,22929,5,0.75,8887,0.387587770945,0.565348485106,0.035851514894
512,12110849,23654,5,0.75,9168,0.387587723007,0.565348415182,0.035851584818
256,5983489,23373,5,0.75,9059,0.387583964403,0.565342932757,0.035857067243
1024,24311809,23742,5,0.75,9202,0.387583185915,0.565341797228,0.035858202772
256,5780737,22581,5,0.75,8752,0.387582480847,0.565340768792,0.035859231208
1024,25308161,24715,5,0.75,9579,0.387578393688,0.565334807125,0.035865192875
512,12298753,24021,5,0.75,9310,0.387577536322,0.565333556543,0.035866443457
256,5270273,20587,5,0.75,7979,0.387574683052,0.565329394668,0.035870605332
256,5398529,21088,5,0.75,8173,0.387566388467,0.565317295909,0.035882704091
1024,24772609,24192,5,0.75,9376,0.387566137566,0.565316929936,0.035883070064
1024,22960129,22422,5,0.75,8690,0.387565783605,0.565316413637,0.035883586363
256,5886721,22995,5,0.75,8912,0.387562513590,0.565311643883,0.035888356117
256,5745409,22443,5,0.75,8698,0.387559595420,0.565307387342,0.035892612658
1024,22717441,22185,5,0.75,8598,0.387559161596,0.565306754552,0.035893245448
1024,24150017,23584,5,0.75,9140,0.387550881954,0.565294677590,0.035905322410
512,12334081,24090,5,0.75,9336,0.387546699875,0.565288577470,0.035911422530
512,12725249,24854,5,0.75,9632,0.387543252595,0.565283549152,0.035916450848
256,6276097,24516,5,0.75,9501,0.387542829173,0.565282931534,0.035917068466
256,6243073,24387,5,0.75,9451,0.387542543158,0.565282514344,0.035917485656
512,11523073,22506,5,0.75,8722,0.387541100151,0.565280409525,0.035919590475
512,11688449,22829,5,0.75,8847,0.387533400499,0.565269178556,0.035930821444
1024,21123073,20628,5,0.75,7994,0.387531510568,0.565266421839,0.035933578161
256,6136321,23970,5,0.75,9289,0.387526074259,0.565258492257,0.035941507743
1024,25414657,24819,5,0.75,9618,0.387525685966,0.565257925880,0.035942074120
1024,24035329,23472,5,0.75,9096,0.387525562372,0.565257745601,0.035942254399
1024,21025793,20533,5,0.75,7957,0.387522524716,0.565253314775,0.035946685225
512,12358657,24138,5,0.75,9354,0.387521749938,0.565252184657,0.035947815343
512,12390401,24200,5,0.75,9378,0.387520661157,0.565250596525,0.035949403475
512,12759041,24920,5,0.75,9657,0.387520064205,0.565249725791,0.035950274209
1024,21298177,20799,5,0.75,8060,0.387518630703,0.565247634837,0.035952365163
512,11693057,22838,5,0.75,8850,0.387512041335,0.565238023364,0.035961976636
256,5193217,20286,5,0.75,7861,0.387508626639,0.565233042575,0.035966957425
512,12393473,24206,5,0.75,9380,0.387507229612,0.565231004825,0.035968995175
256,5349889,20898,5,0.75,8098,0.387501196287,0.565222204414,0.035977795586
512,11411969,22289,5,0.75,8637,0.387500560815,0.565221277493,0.035978722507
512,12441601,24300,5,0.75,9416,0.387489711934,0.565205452953,0.035994547047
256,6077441,23740,5,0.75,9199,0.387489469250,0.565205098966,0.035994901034
1024,23498753,22948,5,0.75,8892,0.387484748126,0.565198212577,0.036001787423
1024,25006081,24420,5,0.75,9462,0.387469287469,0.565175661146,0.036024338854
1024,21425153,20923,5,0.75,8107,0.387468336281,0.565174273710,0.036025726290
256,5882881,22980,5,0.75,8904,0.387467362924,0.565172853940,0.036027146060
1024,21010433,20518,5,0.75,7950,0.387464665172,0.565168918909,0.036031081091
1024,22118401,21600,5,0.75,8369,0.387453703704,0.565152930144,0.036047069856
256,5941249,23208,5,0.75,8992,0.387452602551,0.565151323966,0.036048676034
1024,25543681,24945,5,0.75,9665,0.387452395270,0.565151021618,0.036048978382
512,12252673,23931,5,0.75,9272,0.387447244160,0.565143508038,0.036056491962
256,5549569,21678,5,0.75,8399,0.387443491097,0.565138033694,0.036061966306
256,5969153,23317,5,0.75,9034,0.387442638418,0.565136789949,0.036063210051
512,10579969,20664,5,0.75,8006,0.387437088657,0.565128694881,0.036071305119
256,6324737,24706,5,0.75,9572,0.387436250304,0.565127472031,0.036072527969
256,5607169,21903,5,0.75,8486,0.387435511117,0.565126393829,0.036073606171
1024,24334337,23764,5,0.75,9207,0.387434775290,0.565125320527,0.036074679473
256,5162497,20166,5,0.75,7813,0.387434295349,0.565124620468,0.036075379532
512,11782657,23013,5,0.75,8916,0.387433189936,0.565123008077,0.036076991923
256,5568257,21751,5,0.75,8427,0.387430462967,0.565119030429,0.036080969571
1024,23623681,23070,5,0.75,8938,0.387429562202,0.565117716542,0.036082283458
512,10849793,21191,5,0.75,8210,0.387428625360,0.565116350033,0.036083649967
512,12118529,23669,5,0.75,9170,0.387426591744,0.565113383734,0.036086616266
512,12361729,24144,5,0.75,9354,0.387425447316,0.565111714432,0.036088285568
512,11172353,21821,5,0.75,8454,0.387424957610,0.565111000130,0.036088999870
1024,22297601,21775,5,0.75,8436,0.387416762342,0.565099046239,0.036100953761
512,10907137,21303,5,0.75,8253,0.387410223912,0.565089509066,0.036110490934
512,12052993,23541,5,0.75,9120,0.387409200969,0.565088016966,0.036111983034
1024,24365057,23794,5,0.75,9218,0.387408590401,0.565087126372,0.036112873628
1024,21695489,21187,5,0.75,8208,0.387407372445,0.565085349821,0.036114650179
1024,23841793,23283,5,0.75,9020,0.387407121075,0.565084983165,0.036115016835
512,10633729,20769,5,0.75,8046,0.387404304492,0.565080874802,0.036119125198
256,5400833,21097,5,0.75,8173,0.387401052282,0.565076131020,0.036123868980
1024,20984833,20493,5,0.75,7939,0.387400575806,0.565075436016,0.036124563984
1024,22629377,22099,5,0.75,8561,0.387393094710,0.565064523839,0.036135476161
1024,22204417,21684,5,0.75,8400,0.387382401771,0.565048926760,0.036151073240
1024,20822017,20334,5,0.75,7877,0.387380741615,0.565046505202,0.036153494798
256,5660929,22113,5,0.75,8566,0.387373942929,0.565036588411,0.036163411589
1024,23500801,22950,5,0.75,8890,0.387363834423,0.565021843805,0.036178156195
256,5694209,22243,5,0.75,8616,0.387357820438,0.565013071606,0.036186928394
256,5511169,21528,5,0.75,8339,0.387356001486,0.565010418423,0.036189581577
512,11169793,21816,5,0.75,8450,0.387330399707,0.564973074810,0.036226925190
256,5764097,22516,5,0.75,8721,0.387324569195,0.564964570231,0.036235429769
256,5912833,23097,5,0.75,8946,0.387323028965,0.564962323600,0.036237676400
1024,21927937,21414,5,0.75,8294,0.387316708695,0.564953104643,0.036246895357
1024,22758401,22225,5,0.75,8608,0.387311586052,0.564945632584,0.036254367416
1024,23956481,23395,5,0.75,9061,0.387304979697,0.564935996333,0.036264003667
256,5564161,21735,5,0.75,8418,0.387301587302,0.564931048073,0.036268951927
1024,22751233,22218,5,0.75,8605,0.387298586731,0.564926671341,0.036273328659
1024,21347329,20847,5,0.75,8074,0.387297932556,0.564925717139,0.036274282861
1024,21114881,20620,5,0.75,7986,0.387293889428,0.564919819696,0.036280180304
256,5471233,21372,5,0.75,8277,0.387282425604,0.564903098179,0.036296901821
256,6064897,23691,5,0.75,9175,0.387277869233,0.564896452105,0.036303547895
512,12011009,23459,5,0.75,9085,0.387271409694,0.564887030004,0.036312969996
256,5154817,20136,5,0.75,7798,0.387266587207,0.564879995764,0.036320004236
1024,23961601,23400,5,0.75,9062,0.387264957265,0.564877618276,0.036322381724
512,12684289,24774,5,0.75,9594,0.387260837975,0.564871609743,0.036328390257
256,5139713,20077,5,0.75,7775,0.387259052647,0.564869005603,0.036330994397
256,5654017,22086,5,0.75,8553,0.387258897039,0.564868778628,0.036331221372
256,5372417,20986,5,0.75,8127,0.387258172115,0.564867721229,0.036332278771
256,5581313,21802,5,0.75,8443,0.387258049720,0.564867542700,0.036332457300
256,5910529,23088,5,0.75,8941,0.387257449757,0.564866667575,0.036333332425
512,10444801,20400,5,0.75,7900,0.387254901961,0.564862951273,0.036337048727
1024,25271297,24679,5,0.75,9557,0.387252319786,0.564859184827,0.036340815173
512,12734977,24873,5,0.75,9632,0.387247215857,0.564851740065,0.036348259935
512,10498049,20504,5,0.75,7940,0.387241513851,0.564843422929,0.036356577071
1024,24994817,24409,5,0.75,9452,0.387234216887,0.564832779333,0.036367220667
256,5674241,22165,5,0.75,8583,0.387232122716,0.564829724705,0.036370275295
1024,22760449,22227,5,0.75,8607,0.387231745175,0.564829174011,0.036370825989
256,6232321,24345,5,0.75,9427,0.387225302937,0.564819777147,0.036380222853
256,5154049,20133,5,0.75,7796,0.387224954056,0.564819268257,0.036380731743
1024,22858753,22323,5,0.75,8644,0.387223939435,0.564817788297,0.036382211703
1024,20878337,20389,5,0.75,7895,0.387218598264,0.564809997487,0.036390002513
512,10775041,21045,5,0.75,8149,0.387217866477,0.564808930077,0.036391069923
1024,23827457,23269,5,0.75,9010,0.387210451674,0.564798114598,0.036401885402
1024,24576001,24000,5,0.75,9293,0.387208333333,0.564795024716,0.036404975284
256,5645569,22053,5,0.75,8539,0.387203555072,0.564788054984,0.036411945016
1024,22899713,22363,5,0.75,8659,0.387202074856,0.564785895891,0.036414104109
512,12777473,24956,5,0.75,9663,0.387201474595,0.564785020331,0.036414979669
512,11653633,22761,5,0.75,8813,0.387197399060,0.564779075619,0.036420924381
256,6316801,24675,5,0.75,9554,0.387193515704,0.564773411226,0.036426588774
1024,21104641,20610,5,0.75,7980,0.387190684134,0.564769281003,0.036430718997
1024,22638593,22108,5,0.75,8560,0.387190157409,0.564768512705,0.036431487295
256,5381377,21021,5,0.75,8139,0.387184244327,0.564759887686,0.036440112314
256,5632001,22000,5,0.75,8518,0.387181818182,0.564756348829,0.036443651171
512,11717633,22886,5,0.75,8861,0.387179935332,0.564753602441,0.036446397559
512,11381761,22230,5,0.75,8607,0.387179487179,0.564752948751,0.036447051249
512,10634753,20771,5,0.75,8042,0.387174425882,0.564745566174,0.036454433826
256,5404673,21112,5,0.75,8174,0.387173171656,0.564743736717,0.036456263283
1024,22398977,21874,5,0.75,8469,0.387171985005,0.564742005829,0.036457994171
1024,21989377,21474,5,0.75,8314,0.387165875012,0.564733093588,0.036466906412
256,5902081,23055,5,0.75,8926,0.387161136413,0.564726181709,0.036473818291
512,11254273,21981,5,0.75,8510,0.387152540831,0.564713643906,0.036486356094
512,11809793,23066,5,0.75,8930,0.387149917628,0.564709817614,0.036490182386
1024,25405441,24810,5,0.75,9605,0.387142281338,0.564698679067,0.036501320933
512,11080193,21641,5,0.75,8378,0.387135529781,0.564688831020,0.036511168980
1024,23538689,22987,5,0.75,8899,0.387131857137,0.564683473978,0.036516526022
512,11546113,22551,5,0.75,8730,0.387122522283,0.564669857848,0.036530142152
512,10575361,20655,5,0.75,7996,0.387121762285,0.564668749290,0.036531250710
512,10978817,21443,5,0.75,8301,0.387119339645,0.564665215545,0.036534784455
512,12359681,24140,5,0.75,9345,0.387116818558,0.564661538205,0.036538461795
256,5855233,22872,5,0.75,8854,0.387110877929,0.564652873004,0.036547126996
256,5517313,21552,5,0.75,8343,0.387110244989,0.564651949776,0.036548050224
1024,22680577,22149,5,0.75,8574,0.387105512664,0.564645047049,0.036554952951
256,6397697,24991,5,0.75,9674,0.387099355768,0.564636066395,0.036563933605
512,12427777,24273,5,0.75,9396,0.387096774194,0.564632300824,0.036567699176
1024,24400897,23829,5,0.75,9224,0.387091359268,0.564624402432,0.036575597568
256,5952769,23253,5,0.75,9001,0.387089837870,0.564622183271,0.036577816729
512,12115969,23664,5,0.75,9160,0.387085868830,0.564616393896,0.036583606104
256,5120257,20001,5,0.75,7742,0.387080645968,0.564608775654,0.036591224346
512,12425729,24269,5,0.75,9394,0.387078165561,0.564605157650,0.036594842350
1024,24153089,23587,5,0.75,9130,0.387077627507,0.564604372826,0.036595627174
512,10879489,21249,5,0.75,8225,0.387077038919,0.564603514293,0.036596485707
512,10244609,20009,5,0.75,7745,0.387075815883,0.564601730331,0.036598269669
256,6326017,24711,5,0.75,9565,0.387074582170,0.564599930796,0.036600069204
512,11842561,23130,5,0.75,8953,0.387073065283,0.564597718214,0.036602281786
256,5948417,23236,5,0.75,8994,0.387071785161,0.564595850985,0.036604149015
256,5876993,22957,5,0.75,8886,0.387071481465,0.564595408004,0.036604591996
256,6152449,24033,5,0.75,9302,0.387051138019,0.564565734373,0.036634265627
512,11323393,22116,5,0.75,8560,0.387050099475,0.564564219519,0.036635780481
256,6167041,24090,5,0.75,9324,0.387048567870,0.564561985469,0.036638014531
256,6070529,23713,5,0.75,9178,0.387045080757,0.564556899049,0.036643100951
256,5236481,20455,5,0.75,7917,0.387044732339,0.564556390834,0.036643609166
1024,23316481,22770,5,0.75,8813,0.387044356610,0.564555842783,0.036644157217
512,10715137,20928,5,0.75,8100,0.387041284404,0.564551361560,0.036648638440
1024,22480897,21954,5,0.75,8497,0.387036530928,0.564544427982,0.036655572018
256,5181697,20241,5,0.75,7834,0.387036213626,0.564543965154,0.036656034846
256,5272321,20595,5,0.75,7971,0.387035688274,0.564543198858,0.036656801142
512,10986497,21458,5,0.75,8305,0.387035138410,0.564542396808,0.036657603192
512,11774977,22998,5,0.75,8901,0.387033655100,0.564540233203,0.036659766797
256,5996033,23422,5,0.75,9065,0.387029288703,0.564533864230,0.036666135770
1024,24119297,23554,5,0.75,9116,0.387025558292,0.564528422927,0.036671577073
512,11214337,21903,5,0.75,8477,0.387024608501,0.564527037531,0.036672962469
1024,21984257,21469,5,0.75,8309,0.387023149658,0.564524909613,0.036675090387
256,5464321,21345,5,0.75,8261,0.387022721949,0.564524285743,0.036675714257
256,5478401,21400,5,0.75,8282,0.387009345794,0.564504774837,0.036695225163
1024,21360641,20860,5,0.75,8073,0.387008628955,0.564503729231,0.036696270769
1024,24686593,24108,5,0.75,9330,0.387008461921,0.564503485590,0.036696514410
1024,22837249,22302,5,0.75,8631,0.387005649718,0.564499383615,0.036700616385
256,5135873,20062,5,0.75,7764,0.387000299073,0.564491578986,0.036708421014
256,6285569,24553,5,0.75,9502,0.386999551990,0.564490489265,0.036709510735
256,5627393,21982,5,0.75,8507,0.386998453280,0.564488886651,0.036711113349
1024,22364161,21840,5,0.75,8452,0.386996336996,0.564485799769,0.036714200231
256,5337089,20848,5,0.75,8068,0.386991557943,0.564478828882,0.036721171118
256,5821441,22740,5,0.75,8800,0.386983289358,0.564466768047,0.036733231953
512,10461697,20433,5,0.75,7907,0.386972055009,0.564450381250,0.036749618750
512,11942401,23325,5,0.75,9026,0.386966773848,0.564442677972,0.036757322028
1024,24014849,23452,5,0.75,9075,0.386960600375,0.564433673138,0.036766326862
256,5936897,23191,5,0.75,8974,0.386960458799,0.564433466630,0.036766533370
512,10922497,21333,5,0.75,8255,0.386959171237,0.564431588549,0.036768411451
256,6230017,24336,5,0.75,9417,0.386957593688,0.564429287484,0.036770712516
512,11304961,22080,5,0.75,8544,0.386956521739,0.564427723903,0.036772276097
1024,24841217,24259,5,0.75,9387,0.386949173503,0.564417005519,0.036782994481
512,10676737,20853,5,0.75,8069,0.386946722294,0.564413430105,0.036786569895
512,12587521,24585,5,0.75,9513,0.386943258084,0.564408377092,0.036791622908
256,5634817,22011,5,0.75,8517,0.386942892190,0.564407843387,0.036792156613
1024,23852033,23293,5,0.75,9013,0.386940282488,0.564404036789,0.036795963211
1024,23018497,22479,5,0.75,8698,0.386938920770,0.564402050542,0.036797949458
256,5280257,20626,5,0.75,7981,0.386938815088,0.564401896389,0.036798103611
256,5796353,22642,5,0.75,8761,0.386935783058,0.564397473769,0.036802526231
256,5152001,20125,5,0.75,7787,0.386931677019,0.564391484563,0.036808515437
1024,21391361,20890,5,0.75,8083,0.386931546194,0.564391293738,0.036808706262
512,10835969,21164,5,0.75,8189,0.386930636931,0.564389967456,0.036810032544
256,5587457,21826,5,0.75,8445,0.386923852286,0.564380071146,0.036819928854
512,10531841,20570,5,0.75,7959,0.386922702965,0.564378394709,0.036821605291
1024,21185537,20689,5,0.75,8005,0.386920585819,0.564375306567,0.036824693433
1024,24951809,24367,5,0.75,9428,0.386916731645,0.564369684741,0.036830315259
512,12387329,24194,5,0.75,9361,0.386914110937,0.564365862088,0.036834137912
256,5772289,22548,5,0.75,8724,0.386907929750,0.564356846002,0.036843153998
512,12324353,24071,5,0.75,9313,0.386897096091,0.564341043665,0.036858956335
512,10862081,21215,5,0.75,8208,0.386896064106,0.564339538377,0.036860461623
512,10821121,21135,5,0.75,8177,0.386893778093,0.564336203923,0.036863796077
256,5142017,20086,5,0.75,7771,0.386886388529,0.564325425258,0.036874574742
512,12451841,24320,5,0.75,9409,0.386883223684,0.564320808909,0.036879191091
1024,23559169,23007,5,0.75,8901,0.386882253227,0.564319393368,0.036880606632
512,11263489,21999,5,0.75,8511,0.386881221874,0.564317889001,0.036882110999
512,10536961,20580,5,0.75,7962,0.386880466472,0.564316787147,0.036883212853
256,5565697,21741,5,0.75,8411,0.386872728945,0.564305500932,0.036894499068
256,5738497,22416,5,0.75,8672,0.386866523911,0.564296450062,0.036903549938
256,5153537,20131,5,0.75,7788,0.386866027520,0.564295726008,0.036904273992
1024,22437889,21912,5,0.75,8477,0.386865644396,0.564295167171,0.036904832829
512,11576321,22610,5,0.75,8747,0.386864219372,0.564293088583,0.036906911417
512,12370433,24161,5,0.75,9347,0.386863126526,0.564291494522,0.036908505478
256,5158913,20152,5,0.75,7796,0.386859865026,0.564286737188,0.036913262812
512,12745217,24893,5,0.75,9630,0.386855742578,0.564280724049,0.036919275951
256,5819393,22732,5,0.75,8794,0.386855534049,0.564280419881,0.036919580119
1024,24865793,24283,5,0.75,9394,0.386855001441,0.564279643001,0.036920356999
512,11202049,21879,5,0.75,8464,0.386854975090,0.564279604565,0.036920395435
256,6012673,23487,5,0.75,9086,0.386852301273,0.564275704446,0.036924295554
256,6035201,23575,5,0.75,9120,0.386850477200,0.564273043792,0.036926956208
256,5925377,23146,5,0.75,8954,0.386848699559,0.564270450866,0.036929549134
1024,25430017,24834,5,0.75,9607,0.386848675203,0.564270415339,0.036929584661
1024,24741889,24162,5,0.75,9347,0.386847115305,0.564268140019,0.036931859981
1024,21221377,20724,5,0.75,8017,0.386846168693,0.564266759260,0.036933240740
256,6136577,23971,5,0.75,9273,0.386842434608,0.564261312599,0.036938687401
512,12191233,23811,5,0.75,9211,0.386838016043,0.564254867531,0.036945132469
512,11008001,21500,5,0.75,8317,0.386837209302,0.564253690792,0.036946309208
512,12019201,23475,5,0.75,9081,0.386837060703,0.564253474040,0.036946525960
512,12622849,24654,5,0.75,9537,0.386833779508,0.564248687980,0.036951312020
1024,22770689,22237,5,0.75,8602,0.386832756217,0.564247195373,0.036952804627
256,5733121,22395,5,0.75,8663,0.386827416834,0.564239407171,0.036960592829
256,5506817,21511,5,0.75,8321,0.386825345172,0.564236385376,0.036963614624
256,5644033,22047,5,0.75,8528,0.386809996825,0.564213997763,0.036986002237
256,5534209,21618,5,0.75,8362,0.386807290221,0.564210049820,0.036989950180
1024,25085953,24498,5,0.75,9476,0.386807086293,0.564209752363,0.036990247637
512,10717697,20933,5,0.75,8097,0.386805522381,0.564207471189,0.036992528811
512,11423233,22311,5,0.75,8630,0.386804715163,0.564206293754,0.036993706246
512,11570177,22598,5,0.75,8741,0.386804141959,0.564205457660,0.036994542340
512,10418689,20349,5,0.75,7871,0.386800334169,0.564199903489,0.037000096511
1024,22574081,22045,5,0.75,8527,0.386799727829,0.564199019063,0.037000980937
256,5274881,20605,5,0.75,7970,0.386799320553,0.564198424996,0.037001575004
256,6199553,24217,5,0.75,9367,0.386794400628,0.564191248628,0.037008751372
1024,21849089,21337,5,0.75,8253,0.386792894971,0.564189052427,0.037010947573
256,6273793,24507,5,0.75,9479,0.386787448484,0.564181107999,0.037018892001
512,11556353,22571,5,0.75,8730,0.386779495813,0.564169507967,0.037030492033
256,6024449,23533,5,0.75,9102,0.386776016657,0.564164433154,0.037035566846
256,5399041,21090,5,0.75,8157,0.386770981508,0.564157088716,0.037042911284
256,5958401,23275,5,0.75,9002,0.386766917293,0.564151160517,0.037048839483
1024,23380993,22833,5,0.75,8831,0.386764770289,0.564148028824,0.037051971176
512,12230657,23888,5,0.75,9239,0.386763228399,0.564145779773,0.037054220227
256,6286849,24558,5,0.75,9498,0.386757879306,0.564137977407,0.037062022593
256,5203969,20328,5,0.75,7862,0.386757182212,0.564136960602,0.037063039398
1024,22153217,21634,5,0.75,8367,0.386752334289,0.564129889259,0.037070110741
512,12233729,23894,5,0.75,9241,0.386749811668,0.564126209680,0.037073790320
512,10355201,20225,5,0.75,7822,0.386749072930,0.564125132131,0.037074867869
256,5415937,21156,5,0.75,8182,0.386746076763,0.564120761823,0.037079238177
256,5402113,21102,5,0.75,8161,0.386740593309,0.564112763473,0.037087236527
256,6326273,24712,5,0.75,9557,0.386735189382,0.564104881124,0.037095118876
1024,24640513,24063,5,0.75,9306,0.386734821095,0.564104343928,0.037095656072
512,12410369,24239,5,0.75,9374,0.386732125913,0.564100412646,0.037099587354
256,6360833,24847,5,0.75,9609,0.386726767819,0.564092597151,0.037107402849
256,6039809,23593,5,0.75,9124,0.386724876023,0.564089837714,0.037110162286
1024,25464833,24868,5,0.75,9617,0.386721891588,0.564085484517,0.037114515483
1024,21437441,20935,5,0.75,8096,0.386720802484,0.564083895914,0.037116104086
1024,22824961,22290,5,0.75,8620,0.386720502467,0.564083458300,0.037116541700
256,5289217,20661,5,0.75,7990,0.386718939064,0.564081177867,0.037118822133
256,6155777,24046,5,0.75,9299,0.386717125509,0.564078532556,0.037121467444
1024,23556097,23004,5,0.75,8896,0.386715353852,0.564075948357,0.037124051643
1024,25092097,24504,5,0.75,9476,0.386712373490,0.564071601102,0.037128398898
512,12584449,24579,5,0.75,9505,0.386712234021,0.564071397667,0.037128602333
512,10488833,20486,5,0.75,7922,0.386703114322,0.564058095369,0.037141904631
256,6330881,24730,5,0.75,9563,0.386696320259,0.564048185322,0.037151814678
256,5318657,20776,5,0.75,8034,0.386696187909,0.564047992272,0.037152007728
1024,24767489,24187,5,0.75,9353,0.386695332203,0.564046744111,0.037153255889
256,6087937,23781,5,0.75,9196,0.386695260923,0.564046640138,0.037153359862
256,6337537,24756,5,0.75,9573,0.386694134755,0.564044997473,0.037155002527
1024,23089153,22548,5,0.75,8719,0.386686180593,0.564033395265,0.037166604735
1024,24140801,23575,5,0.75,9116,0.386680805938,0.564025555615,0.037174444385
512,11394049,22254,5,0.75,8605,0.386672058956,0.564012796974,0.037187203026
256,5222401,20400,5,0.75,7888,0.386666666667,0.564004931600,0.037195068400
256,5548801,21675,5,0.75,8381,0.386666666667,0.564004931600,0.037195068400
256,5702401,22275,5,0.75,8613,0.386666666667,0.564004931600,0.037195068400
256,6355201,24825,5,0.75,9599,0.386666666667,0.564004931600,0.037195068400
1024,23694337,23139,5,0.75,8947,0.386663209300,0.563999888570,0.037200111430
1024,22884353,22348,5,0.75,8641,0.386656524074,0.563990137275,0.037209862725
1024,23096321,22555,5,0.75,8721,0.386654843715,0.563987686248,0.037212313752
256,6043649,23608,5,0.75,9128,0.386648593697,0.563978569763,0.037221430237
1024,22299649,21777,5,0.75,8420,0.386646461863,0.563975460199,0.037224539801
512,11470337,22403,5,0.75,8662,0.386644645806,0.563972811237,0.037227188763
1024,22371329,21847,5,0.75,8447,0.386643475077,0.563971103572,0.037228896428
1024,22745089,22212,5,0.75,8588,0.386637853413,0.563962903624,0.037237096376
512,10473473,20456,5,0.75,7909,0.386634728197,0.563958345081,0.037241654919
256,5646593,22057,5,0.75,8528,0.386634628463,0.563958199605,0.037241800395
1024,23913473,23353,5,0.75,9029,0.386631267931,0.563953297821,0.037246702179
512,11089409,21659,5,0.75,8374,0.386629114918,0.563950157363,0.037249842637
512,11778049,23004,5,0.75,8894,0.386628412450,0.563949132721,0.037250867279
256,6094337,23806,5,0.75,9204,0.386625220533,0.563944476883,0.037255523117
256,6144001,24000,5,0.75,9279,0.386625000000,0.563944155207,0.037255844793
512,11788801,23025,5,0.75,8902,0.386623235613,0.563941581614,0.037258418386
1024,23382017,22834,5,0.75,8828,0.386616449155,0.563931682658,0.037268317342
1024,23154689,22612,5,0.75,8742,0.386608880241,0.563920642387,0.037279357613
1024,25538561,24940,5,0.75,9642,0.386607858861,0.563919152569,0.037280847431
1024,21912577,21399,5,0.75,8273,0.386606850787,0.563917682159,0.037282317841
256,6347009,24793,5,0.75,9585,0.386601056750,0.563909230782,0.037290769218
1024,22127617,21609,5,0.75,8354,0.386598176686,0.563905029824,0.037294970176
512,11208193,21891,5,0.75,8463,0.386597231739,0.563903651493,0.037296348507
256,5714689,22323,5,0.75,8630,0.386596783586,0.563902997802,0.037297002198
512,11688961,22830,5,0.75,8826,0.386596583443,0.563902705866,0.037297294134
512,12083713,23601,5,0.75,9124,0.386593788399,0.563898628922,0.037301371078
512,10778113,21051,5,0.75,8138,0.386584960334,0.563885752012,0.037314247988
256,5995009,23418,5,0.75,9053,0.386582970365,0.563882849375,0.037317150625
1024,22724609,22192,5,0.75,8579,0.386580749820,0.563879610414,0.037320389586
256,5980673,23362,5,0.75,9031,0.386567930828,0.563860912204,0.037339087796
1024,25520129,24922,5,0.75,9634,0.386566086189,0.563858221552,0.037341778448
512,10983937,21453,5,0.75,8293,0.386565981448,0.563858068773,0.037341931227
1024,24616961,24040,5,0.75,9293,0.386564059900,0.563855265939,0.037344734061
1024,22463489,21937,5,0.75,8480,0.386561517072,0.563851556885,0.037348443115
1024,25202689,24612,5,0.75,9514,0.386559401918,0.563848471650,0.037351528350
512,11976193,23391,5,0.75,9042,0.386558932923,0.563847787559,0.037352212441
512,11335169,22139,5,0.75,8558,0.386557658431,0.563845928542,0.037354071458
1024,22683649,22152,5,0.75,8563,0.386556518599,0.563844265945,0.037355734055
256,5536513,21627,5,0.75,8360,0.386553844731,0.563840365752,0.037359634248
256,5578241,21790,5,0.75,8423,0.386553464892,0.563839811706,0.037360188294
256,6135553,23967,5,0.75,9264,0.386531480786,0.563807744954,0.037392255046
1024,23477249,22927,5,0.75,8862,0.386531164130,0.563807283068,0.037392716932
512,12178433,23786,5,0.75,9194,0.386529891533,0.563805426816,0.037394573184
1024,25070593,24483,5,0.75,9463,0.386513090716,0.563780920583,0.037419079417
1024,22291457,21769,5,0.75,8414,0.386512931232,0.563780687955,0.037419312045
256,6189569,24178,5,0.75,9345,0.386508396063,0.563774072804,0.037425927196
512,12674561,24755,5,0.75,9568,0.386507776207,0.563773168662,0.037426831338
256,5698817,22261,5,0.75,8604,0.386505547819,0.563769918261,0.037430081739
1024,25383937,24789,5,0.75,9581,0.386502077534,0.563764856388,0.037435143612
1024,20853761,20365,5,0.75,7871,0.386496439971,0.563756633248,0.037443366752
1024,22305793,21783,5,0.75,8419,0.386494054997,0.563753154446,0.037446845554
256,5532161,21610,5,0.75,8352,0.386487737159,0.563743939036,0.037456060964
512,12284417,23993,5,0.75,9273,0.386487725587,0.563743922157,0.037456077843
1024,23403521,22855,5,0.75,8833,0.386479982498,0.563732627829,0.037467372171
256,5597953,21867,5,0.75,8451,0.386472767183,0.563722103329,0.037477896671
512,11112449,21704,5,0.75,8388,0.386472539624,0.563721771404,0.037478228596
256,5362177,20946,5,0.75,8095,0.386469970400,0.563718023848,0.037481976152
256,5747201,22450,5,0.75,8676,0.386458797327,0.563701726430,0.037498273570
1024,23150593,22608,5,0.75,8737,0.386456121727,0.563697823710,0.037502176290
1024,25111553,24523,5,0.75,9477,0.386453533418,0.563694048315,0.037505951685
1024,23325697,22779,5,0.75,8803,0.386452434260,0.563692445047,0.037507554953
256,6259457,24451,5,0.75,9449,0.386446362112,0.563683588009,0.037516411991
1024,21304321,20805,5,0.75,8040,0.386445565970,0.563682426729,0.037517573271
512,11028481,21540,5,0.75,8324,0.386443825441,0.563679887936,0.037520112064
256,5736193,22407,5,0.75,8659,0.386441736957,0.563676841604,0.037523158396
256,5828353,22767,5,0.75,8798,0.386436508982,0.563669215905,0.037530784095
256,6156289,24048,5,0.75,9293,0.386435462409,0.563667689337,0.037532310663
1024,22622209,22092,5,0.75,8537,0.386429476734,0.563658958432,0.037541041568
1024,22950913,22413,5,0.75,8661,0.386427519743,0.563656103900,0.037543896100
512,10541569,20589,5,0.75,7956,0.386419932974,0.563645037585,0.037554962415
512,11808257,23063,5,0.75,8912,0.386419806617,0.563644853276,0.037555146724
256,6008833,23472,5,0.75,9070,0.386417859577,0.563642013259,0.037557986741
1024,23187457,22644,5,0.75,8750,0.386415827592,0.563639049338,0.037560950662
256,5370881,20980,5,0.75,8107,0.386415633937,0.563638766866,0.037561233134
512,10349569,20214,5,0.75,7811,0.386415355694,0.563638361011,0.037561638989
256,5942017,23211,5,0.75,8969,0.386411615182,0.563632904976,0.037567095024
512,11627009,22709,5,0.75,8775,0.386410674182,0.563631532401,0.037568467599
512,10398721,20310,5,0.75,7848,0.386410635155,0.563631475475,0.037568524525
256,6220289,24298,5,0.75,9389,0.386410404148,0.563631138521,0.037568861479
512,11087873,21656,5,0.75,8368,0.386405615072,0.563624153014,0.037575846986
512,10853377,21198,5,0.75,8191,0.386404377771,0.563622348246,0.037577651754
512,11492353,22446,5,0.75,8673,0.386394012296,0.563607228817,0.037592771183
256,6227201,24325,5,0.75,9399,0.386392600206,0.563605169094,0.037594830906
256,5233409,20443,5,0.75,7899,0.386391429829,0.563603461944,0.037596538056
256,5981441,23365,5,0.75,9028,0.386389899422,0.563601229642,0.037598770358
512,11676673,22806,5,0.75,8812,0.386389546611,0.563600715019,0.037599284981
1024,21455873,20953,5,0.75,8096,0.386388583974,0.563599310884,0.037600689116
1024,21554177,21049,5,0.75,8133,0.386384151266,0.563592845189,0.037607154811
1024,24681473,24103,5,0.75,9313,0.386383437746,0.563591804425,0.037608195575
512,11527169,22514,5,0.75,8699,0.386381806876,0.563589425583,0.037610574417
256,5195777,20296,5,0.75,7842,0.386381553015,0.563589055293,0.037610944707
256,5867009,22918,5,0.75,8855,0.386377519853,0.563583172388,0.037616827612
512,10917889,21324,5,0.75,8239,0.386372162821,0.563575358442,0.037624641558
512,10609153,20721,5,0.75,8006,0.386371314126,0.563574120507,0.037625879493
512,10554881,20615,5,0.75,7965,0.386369148678,0.563570961912,0.037629038088
1024,25236481,24645,5,0.75,9522,0.386366402921,0.563566956860,0.037633043140
1024,22454273,21928,5,0.75,8472,0.386355344765,0.563550827062,0.037649172938
256,5485057,21426,5,0.75,8278,0.386353029030,0.563547449255,0.037652550745
1024,22809601,22275,5,0.75,8606,0.386352413019,0.563546550720,0.037653449280
512,12767233,24936,5,0.75,9634,0.386349053577,0.563541650526,0.037658349474
512,12771329,24944,5,0.75,9637,0.386345413727,0.563536341318,0.037663658682
256,5766913,22527,5,0.75,8703,0.386336396324,0.563523188234,0.037676811766
512,12297217,24018,5,0.75,9279,0.386335248564,0.563521514071,0.037678485929
256,6076417,23736,5,0.75,9170,0.386332996293,0.563518228834,0.037681771166
256,5472769,21378,5,0.75,8259,0.386331742913,0.563516400613,0.037683599387
256,5541121,21645,5,0.75,8362,0.386324786325,0.563506253500,0.037693746500
512,11246593,21966,5,0.75,8486,0.386324319403,0.563505572432,0.037694427568
512,11923969,23289,5,0.75,8997,0.386319721757,0.563498866152,0.037701133848
512,10610689,20724,5,0.75,8006,0.386315383131,0.563492537687,0.037707462313
256,6159617,24061,5,0.75,9295,0.386309795935,0.563484388017,0.037715611983
1024,23989249,23427,5,0.75,9050,0.386306398600,0.563479432550,0.037720567450
1024,24222721,23655,5,0.75,9138,0.386303107166,0.563474631553,0.037725368447
1024,24429569,23857,5,0.75,9216,0.386301714382,0.563472599992,0.037727400008
256,5795329,22638,5,0.75,8745,0.386297376093,0.563466272020,0.037733727980
512,10888193,21266,5,0.75,8215,0.386297376093,0.563466272020,0.037733727980
1024,22640641,22110,5,0.75,8541,0.386295793758,0.563463963973,0.037736036027
512,12551681,24515,5,0.75,9470,0.386294105650,0.563461501641,0.037738498359
512,11146753,21771,5,0.75,8410,0.386293693445,0.563460900386,0.037739099614
1024,21946369,21432,5,0.75,8279,0.386291526689,0.563457739883,0.037742260117
1024,22039553,21523,5,0.75,8314,0.386284439902,0.563447402858,0.037752597142
512,10940417,21368,5,0.75,8254,0.386278547361,0.563438807800,0.037761192200
256,5807617,22686,5,0.75,8763,0.386273472626,0.563431405623,0.037768594377
512,12515329,24444,5,0.75,9442,0.386270659467,0.563427302254,0.037772697746
1024,21685249,21177,5,0.75,8180,0.386268121075,0.563423599671,0.037776400329
512,11292161,22055,5,0.75,8519,0.386261618681,0.563414115062,0.037785884938
256,5328641,20815,5,0.75,8040,0.386259908720,0.563411620855,0.037788379145
512,11424769,22314,5,0.75,8619,0.386259747244,0.563411385321,0.037788614679
512,12270593,23966,5,0.75,9257,0.386255528666,0.563405231962,0.037794768038
1024,24896513,24313,5,0.75,9391,0.386254267264,0.563403392040,0.037796607960
1024,21821441,21310,5,0.75,8231,0.386250586579,0.563398023269,0.037801976731
256,5279233,20622,5,0.75,7965,0.386237998254,0.563379661518,0.037820338482
1024,23884801,23325,5,0.75,9009,0.386237942122,0.563379579642,0.037820420358
512,11994113,23426,5,0.75,9048,0.386237513873,0.563378954984,0.037821045016
512,12214273,23856,5,0.75,9214,0.386234071093,0.563373933229,0.037826066771
1024,21093377,20599,5,0.75,7956,0.386232341376,0.563371410206,0.037828589794
256,5283329,20638,5,0.75,7971,0.386229285784,0.563366953217,0.037833046783
1024,22024193,21508,5,0.75,8307,0.386228380138,0.563365632211,0.037834367789
256,5928961,23160,5,0.75,8945,0.386226252159,0.563362528270,0.037837471730
256,5612801,21925,5,0.75,8468,0.386225769669,0.563361824495,0.037838175505
512,11454977,22373,5,0.75,8641,0.386224466991,0.563359924365,0.037840075635
512,11112961,21705,5,0.75,8383,0.386224372264,0.563359786193,0.037840213807
256,5801729,22663,5,0.75,8753,0.386224242157,0.563359596414,0.037840403586
512,11301377,22073,5,0.75,8525,0.386218456938,0.563351157901,0.037848842099
512,11892737,23228,5,0.75,8971,0.386214913036,0.563345988646,0.037854011354
512,12038657,23513,5,0.75,9081,0.386211882788,0.563341568626,0.037858431374
1024,20779009,20292,5,0.75,7837,0.386211314804,0.563340740145,0.037859259855
512,12645889,24699,5,0.75,9539,0.386209968015,0.563338775673,0.037861224327
1024,23910401,23350,5,0.75,9018,0.386209850107,0.563338603689,0.037861396311
1024,21296129,20797,5,0.75,8032,0.386209549454,0.563338165147,0.037861834853
256,5776129,22563,5,0.75,8714,0.386207507867,0.563335187219,0.037864812781
1024,21826561,21315,5,0.75,8232,0.386206896552,0.563334295534,0.037865704466
1024,24944641,24360,5,0.75,9408,0.386206896552,0.563334295534,0.037865704466
256,5426177,21196,5,0.75,8186,0.386204944329,0.563331447957,0.037868552043
256,5198849,20308,5,0.75,7843,0.386202481781,0.563327856002,0.037872143998
512,11117569,21714,5,0.75,8386,0.386202450032,0.563327809692,0.037872190308
256,5378561,21010,5,0.75,8114,0.386197049024,0.563319931601,0.037880068399
256,5955329,23263,5,0.75,8984,0.386192666466,0.563313539056,0.037886460944
1024,22174721,21655,5,0.75,8363,0.386192565227,0.563313391385,0.037886608615
256,5671681,22155,5,0.75,8556,0.386188219364,0.563307052363,0.037892947637
256,5287937,20656,5,0.75,7977,0.386183191325,0.563299718297,0.037900281703
256,5559809,21718,5,0.75,8387,0.386177364398,0.563291218948,0.037908781052
256,5647361,22060,5,0.75,8519,0.386174070716,0.563286414673,0.037913585327
256,5431297,21216,5,0.75,8193,0.386170814480,0.563281665017,0.037918334983
256,6085633,23772,5,0.75,9180,0.386168601716,0.563278437407,0.037921562593
1024,20563969,20082,5,0.75,7755,0.386166716463,0.563275687512,0.037924312488
256,6258689,24448,5,0.75,9441,0.386166557592,0.563275455778,0.037924544222
1024,23329793,22783,5,0.75,8798,0.386165123118,0.563273363407,0.037926636593
512,11581441,22620,5,0.75,8735,0.386162687887,0.563269811297,0.037930188703
1024,21237761,20740,5,0.75,8009,0.386162005786,0.563268816362,0.037931183638
512,12505601,24425,5,0.75,9432,0.386161719550,0.563268398848,0.037931601152
256,5620481,21955,5,0.75,8478,0.386153495787,0.563256403393,0.037943596607
256,5376769,21003,5,0.75,8110,0.386135314003,0.563229882834,0.037970117166
256,5302529,20713,5,0.75,7998,0.386134311785,0.563228420966,0.037971579034
512,11074561,21630,5,0.75,8352,0.386130374480,0.563222677881,0.037977322119
256,5909249,23083,5,0.75,8913,0.386128319543,0.563219680481,0.037980319519
512,10599937,20703,5,0.75,7994,0.386127614355,0.563218651871,0.037981348129
512,10594817,20693,5,0.75,7990,0.386120910453,0.563208873335,0.037991126665
1024,24398849,23827,5,0.75,9200,0.386116590423,0.563202571994,0.037997428006
512,10708993,20916,5,0.75,8076,0.386115892140,0.563201553456,0.037998446544
1024,22054913,21538,5,0.75,8316,0.386108273749,0.563190441016,0.038009558984
1024,24176641,23610,5,0.75,9116,0.386107581533,0.563189431327,0.038010568673
1024,22450177,21924,5,0.75,8465,0.386106549900,0.563187926552,0.038012073448
512,11577857,22613,5,0.75,8731,0.386105337638,0.563186158306,0.038013841694
256,5908993,23082,5,0.75,8912,0.386101724287,0.563180887752,0.038019112248
1024,22766593,22233,5,0.75,8584,0.386092745019,0.563167790291,0.038032209709
1024,22456321,21930,5,0.75,8467,0.386092111263,0.563166865874,0.038033134126
512,11785217,23018,5,0.75,8887,0.386089147624,0.563162543010,0.038037456990
256,5468929,21363,5,0.75,8248,0.386088096241,0.563161009428,0.038038990572
256,5192449,20283,5,0.75,7831,0.386086870778,0.563159221927,0.038040778073
1024,22491137,21964,5,0.75,8480,0.386086323074,0.563158423027,0.038041576973
1024,20512769,20032,5,0.75,7734,0.386082268371,0.563152508701,0.038047491299
512,10390529,20294,5,0.75,7835,0.386074701882,0.563141471968,0.038058528032
256,6099713,23827,5,0.75,9199,0.386074621228,0.563141354323,0.038058645677
512,11468801,22400,5,0.75,8648,0.386071428571,0.563136697408,0.038063302592
1024,25274369,24682,5,0.75,9529,0.386070820841,0.563135810952,0.038064189048
256,5387009,21043,5,0.75,8124,0.386066625481,0.563129691460,0.038070308540
256,5184769,20253,5,0.75,7819,0.386066261788,0.563129160965,0.038070839035
512,12564481,24540,5,0.75,9474,0.386063569682,0.563125234169,0.038074765831
1024,25285633,24693,5,0.75,9533,0.386060826955,0.563121233535,0.038078766465
1024,23285761,22740,5,0.75,8779,0.386059806508,0.563119745078,0.038080254922
512,10516993,20541,5,0.75,7930,0.386057153985,0.563115876018,0.038084123982
256,5470721,21370,5,0.75,8250,0.386055217595,0.563113051535,0.038086948465
1024,21424129,20922,5,0.75,8077,0.386052958608,0.563109756502,0.038090243498
1024,21710849,21202,5,0.75,8185,0.386048485992,0.563103232594,0.038096767406
1024,24262657,23694,5,0.75,9147,0.386047100532,0.563101211715,0.038098788285
256,5287169,20653,5,0.75,7973,0.386045610807,0.563099038753,0.038100961247
512,11378177,22223,5,0.75,8579,0.386041488548,0.563093025888,0.038106974112
256,6269441,24490,5,0.75,9454,0.386035116374,0.563083731222,0.038116268778
1024,25077761,24490,5,0.75,9454,0.386035116374,0.563083731222,0.038116268778
256,5249537,20506,5,0.75,7916,0.386033356091,0.563081163614,0.038118836386
256,5351681,20905,5,0.75,8070,0.386032049749,0.563079258140,0.038120741860
512,10483201,20475,5,0.75,7904,0.386031746032,0.563078815128,0.038121184872
1024,22834177,22299,5,0.75,8608,0.386026279205,0.563070841032,0.038129158968
512,11515393,22491,5,0.75,8682,0.386021075097,0.563063250145,0.038136749855
1024,24229889,23662,5,0.75,9134,0.386019778548,0.563061358956,0.038138641044
1024,23919617,23359,5,0.75,9017,0.386018237082,0.563059110522,0.038140889478
512,11355137,22178,5,0.75,8561,0.386013166201,0.563051713965,0.038148286035
256,5778433,22572,5,0.75,8713,0.386009214957,0.563045950548,0.038154049452
512,11971073,23381,5,0.75,9025,0.385997177195,0.563028391867,0.038171608133
256,5506049,21508,5,0.75,8302,0.385995908499,0.563026541305,0.038173458695
512,12507137,24428,5,0.75,9429,0.385991485181,0.563020089305,0.038179910695
512,11913217,23268,5,0.75,8981,0.385980746089,0.563004424906,0.038195575094
1024,24508417,23934,5,0.75,9238,0.385978106459,0.563000574654,0.038199425346
256,5233153,20442,5,0.75,7890,0.385970061638,0.562988840208,0.038211159792
512,10924033,21336,5,0.75,8235,0.385967379078,0.562984927336,0.038215072664
1024,21959681,21445,5,0.75,8277,0.385964094194,0.562980135896,0.038219864104
256,5327617,20811,5,0.75,8032,0.385949738119,0.562959195644,0.038240804356
512,12183553,23796,5,0.75,9184,0.385947218020,0.562955519743,0.038244480257
1024,22265857,21744,5,0.75,8392,0.385945548197,0.562953084084,0.038246915916
512,12466177,24348,5,0.75,9397,0.385945457532,0.562952951837,0.038247048163
1024,21860353,21348,5,0.75,8239,0.385937792767,0.562941771755,0.038258228245
512,11372033,22211,5,0.75,8572,0.385934897123,0.562937548071,0.038262451929
256,5911553,23092,5,0.75,8912,0.385934522778,0.562937002039,0.038262997961
512,12336641,24095,5,0.75,9299,0.385930691015,0.562931412901,0.038268587099
1024,24744961,24165,5,0.75,9326,0.385930064142,0.562930498524,0.038269501476
256,5763073,22512,5,0.75,8688,0.385927505330,0.562926766155,0.038273233845
1024,23715841,23160,5,0.75,8938,0.385924006908,0.562921663240,0.038278336760
512,10845697,21183,5,0.75,8175,0.385922673842,0.562919718785,0.038280281215
256,5168129,20188,5,0.75,7791,0.385922330097,0.562919217387,0.038280782613
256,5578753,21792,5,0.75,8410,0.385921439060,0.562917917690,0.038282082310
256,5567489,21748,5,0.75,8393,0.385920544418,0.562916612735,0.038283387265
1024,21861377,21349,5,0.75,8239,0.385919715209,0.562915403224,0.038284596776
1024,25366529,24772,5,0.75,9560,0.385919586630,0.562915215674,0.038284784326
1024,20877313,20388,5,0.75,7868,0.385913282323,0.562906020001,0.038293979999
256,5920513,23127,5,0.75,8925,0.385912569724,0.562904980580,0.038295019420
512,10909697,21308,5,0.75,8223,0.385911394781,0.562903266769,0.038296733231
256,5300993,20707,5,0.75,7991,0.385908147003,0.562898529452,0.038301470548
256,5554433,21697,5,0.75,8373,0.385905885606,0.562895230902,0.038304769098
256,6320641,24690,5,0.75,9528,0.385905224787,0.562894267010,0.038305732990
256,5961217,23286,5,0.75,8986,0.385897105557,0.562882424029,0.038317575971
512,11834881,23115,5,0.75,8920,0.385896603937,0.562881692349,0.038318307651
512,11807233,23061,5,0.75,8899,0.385889597155,0.562871472023,0.038328527977
512,12677633,24761,5,0.75,9555,0.385889099794,0.562870746555,0.038329253445
256,5304577,20721,5,0.75,7996,0.385888711935,0.562870180811,0.038329819189
512,10304513,20126,5,0.75,7766,0.385869025142,0.562841464996,0.038358535004
512,11607553,22671,5,0.75,8748,0.385867407701,0.562839105744,0.038360894256
256,5271041,20590,5,0.75,7945,0.385866925692,0.562838402669,0.038361597331
512,11748353,22946,5,0.75,8854,0.385862459688,0.562831888406,0.038368111594
256,6188033,24172,5,0.75,9327,0.385859672348,0.562827822699,0.038372177301
1024,20606977,20124,5,0.75,7765,0.385857682369,0.562824920049,0.038375079951
256,5288449,20658,5,0.75,7971,0.385855358699,0.562821530665,0.038378469335
512,11653121,22760,5,0.75,8782,0.385852372583,0.562817175018,0.038382824982
1024,24041473,23478,5,0.75,9059,0.385850583525,0.562814565437,0.038385434563
512,10464257,20438,5,0.75,7886,0.385849887465,0.562813550140,0.038386449860
256,6210817,24261,5,0.75,9361,0.385845595812,0.562807290192,0.038392709808
512,12416513,24251,5,0.75,9357,0.385839759185,0.562798776693,0.038401223307
1024,25563137,24964,5,0.75,9632,0.385835603269,0.562792714734,0.038407285266
1024,24494081,23920,5,0.75,9229,0.385827759197,0.562781273109,0.038418726891
1024,25587713,24988,5,0.75,9641,0.385825196094,0.562777534481,0.038422465519
1024,24287233,23718,5,0.75,9151,0.385825111729,0.562777411424,0.038422588576
1024,24542209,23967,5,0.75,9247,0.385822172153,0.562773123660,0.038426876340
512,11358209,22184,5,0.75,8559,0.385818608006,0.562767924875,0.038432075125
256,6032129,23563,5,0.75,9091,0.385816746594,0.562765209758,0.038434790242
512,10684417,20868,5,0.75,8051,0.385806018785,0.562749561817,0.038450438183
1024,22205441,21685,5,0.75,8366,0.385796633618,0.562735872298,0.038464127702
256,5951489,23248,5,0.75,8969,0.385796627667,0.562735863618,0.038464136382
256,6293249,24583,5,0.75,9484,0.385795061628,0.562733579341,0.038466420659
256,6329857,24726,5,0.75,9539,0.385788239101,0.562723627775,0.038476372225
256,5820929,22738,5,0.75,8772,0.385785909051,0.562720229086,0.038479770914
512,11509249,22479,5,0.75,8672,0.385782285689,0.562714943929,0.038485056071
1024,25335809,24742,5,0.75,9545,0.385781262630,0.562713451662,0.038486548338
1024,23116801,22575,5,0.75,8709,0.385780730897,0.562712676058,0.038487323942
512,11932673,23306,5,0.75,8991,0.385780485712,0.562712318423,0.038487681577
256,6026753,23542,5,0.75,9082,0.385778608444,0.562709580178,0.038490419822
512,12096001,23625,5,0.75,9114,0.385777777778,0.562708368539,0.038491631461
512,11309057,22088,5,0.75,8521,0.385775081492,0.562704435647,0.038495564353
256,5754113,22477,5,0.75,8671,0.385772122614,0.562700119729,0.038499880271
1024,21676033,21168,5,0.75,8166,0.385770975057,0.562698445863,0.038501554137
1024,22536193,22008,5,0.75,8490,0.385768811341,0.562695289795,0.038504710205
512,11926529,23294,5,0.75,8986,0.385764574569,0.562689109897,0.038510890103
1024,23632897,23079,5,0.75,8903,0.385761948091,0.562685278829,0.038514721171
256,5552641,21690,5,0.75,8367,0.385753803596,0.562673398996,0.038526601004
256,5998081,23430,5,0.75,9038,0.385744771660,0.562660224712,0.038539775288
256,6304769,24628,5,0.75,9500,0.385739808348,0.562652985060,0.038547014940
1024,20985857,20494,5,0.75,7905,0.385722650532,0.562627958095,0.038572041905
1024,21200897,20704,5,0.75,7986,0.385722565688,0.562627834338,0.038572165662
512,10696193,20891,5,0.75,8058,0.385716337179,0.562618749227,0.038581250773
256,5928193,23157,5,0.75,8932,0.385714902621,0.562616656733,0.038583343267
256,5914369,23103,5,0.75,8911,0.385707483877,0.562605835504,0.038594164496
512,11118593,21716,5,0.75,8376,0.385706391601,0.562604242274,0.038595757726
512,10509313,20526,5,0.75,7917,0.385705933937,0.562603574711,0.038596425289
1024,21058561,20565,5,0.75,7932,0.385703865791,0.562600558044,0.038599441956
512,11599361,22655,5,0.75,8738,0.385698521298,0.562592762387,0.038607237613
1024,22606849,22077,5,0.75,8515,0.385695520225,0.562588384921,0.038611615079
256,6173441,24115,5,0.75,9301,0.385693551731,0.562585513611,0.038614486389
512,10484737,20478,5,0.75,7898,0.385682195527,0.562568949072,0.038631050928
512,12376577,24173,5,0.75,9323,0.385678236048,0.562563173644,0.038636826356
256,5916161,23110,5,0.75,8913,0.385677196019,0.562561656622,0.038638343378
256,5321473,20787,5,0.75,8017,0.385673738394,0.562556613215,0.038643386785
256,5894401,23025,5,0.75,8880,0.385667752443,0.562547881906,0.038652118094
512,12653057,24713,5,0.75,9531,0.385667462469,0.562547458941,0.038652541059
512,10550273,20606,5,0.75,7947,0.385664369601,0.562542947580,0.038657052420
1024,25412609,24817,5,0.75,9571,0.385663053552,0.562541027947,0.038658972053
256,6227713,24327,5,0.75,9382,0.385662021622,0.562539522739,0.038660477261
256,6213121,24270,5,0.75,9360,0.385661310260,0.562538485122,0.038661514878
512,11745281,22940,5,0.75,8847,0.385658238884,0.562534005111,0.038665994889
1024,23955457,23394,5,0.75,9022,0.385654441310,0.562528465842,0.038671534158
512,10542593,20591,5,0.75,7941,0.385653926473,0.562527714884,0.038672285116
256,6190081,24180,5,0.75,9325,0.385649296940,0.562520962092,0.038679037908
1024,24956929,24372,5,0.75,9399,0.385647464303,0.562518288947,0.038681711053
512,11318273,22106,5,0.75,8525,0.385641907175,0.562510183133,0.038689816867
1024,24404993,23833,5,0.75,9191,0.385641757227,0.562509964415,0.038690035585
256,6317057,24676,5,0.75,9516,0.385637866753,0.562504289640,0.038695710360
256,5592833,21847,5,0.75,8425,0.385636471827,0.562502254953,0.038697745047
512,11792897,23033,5,0.75,8882,0.385620631268,0.562479149385,0.038720850615
512,12112897,23658,5,0.75,9123,0.385620086229,0.562478354372,0.038721645628
512,12743681,24890,5,0.75,9598,0.385616713540,0.562473434855,0.038726565145
512,11624449,22704,5,0.75,8755,0.385614869626,0.562470745262,0.038729254738
256,5516801,21550,5,0.75,8310,0.385614849188,0.562470715449,0.038729284551
1024,22465537,21939,5,0.75,8460,0.385614658827,0.562470437782,0.038729562218
512,12192769,23814,5,0.75,9183,0.385613504661,0.562468754277,0.038731245723
1024,20540417,20059,5,0.75,7735,0.385612443292,0.562467206129,0.038732793871
512,11422721,22310,5,0.75,8603,0.385611833259,0.562466316314,0.038733683686
1024,22816769,22282,5,0.75,8592,0.385602728660,0.562453036042,0.038746963958
1024,24856577,24274,5,0.75,9360,0.385597758919,0.562445787011,0.038754212989
1024,21016577,20524,5,0.75,7914,0.385597349445,0.562445189738,0.038754810262
256,5452033,21297,5,0.75,8212,0.385594215148,0.562440617948,0.038759382052
256,5333249,20833,5,0.75,8033,0.385590169443,0.562434716747,0.038765283253
1024,22397953,21873,5,0.75,8434,0.385589539615,0.562433798060,0.038766201940
512,11907073,23256,5,0.75,8967,0.385577915377,0.562416842557,0.038783157443
512,10872833,21236,5,0.75,8188,0.385571670748,0.562407733932,0.038792266068
256,5247233,20497,5,0.75,7903,0.385568619798,0.562403283715,0.038796716285
512,11046913,21576,5,0.75,8319,0.385567296997,0.562401354233,0.038798645767
256,5345537,20881,5,0.75,8051,0.385565825392,0.562399207700,0.038800792300
256,5220097,20391,5,0.75,7862,0.385562257859,0.562394003978,0.038805996022
1024,21560321,21055,5,0.75,8118,0.385561624317,0.562393079873,0.038806920127
256,5308417,20736,5,0.75,7995,0.385561342593,0.562392668940,0.038807331060
512,11344897,22158,5,0.75,8543,0.385549237296,0.562375011749,0.038824988251
512,10544129,20594,5,0.75,7940,0.385549189084,0.562374941426,0.038825058574
256,5741569,22428,5,0.75,8647,0.385544854646,0.562368619069,0.038831380931
512,12484609,24384,5,0.75,9401,0.385539698163,0.562361097651,0.038838902349
512,10838017,21168,5,0.75,8161,0.385534769463,0.562353908485,0.038846091515
1024,21419009,20917,5,0.75,8064,0.385523736674,0.562337815689,0.038862184311
256,5806337,22681,5,0.75,8744,0.385520920594,0.562333708061,0.038866291939
512,11218433,21911,5,0.75,8447,0.385514125325,0.562323796254,0.038876203746
256,5848321,22845,5,0.75,8807,0.385511052747,0.562319314489,0.038880685511
512,10846721,21185,5,0.75,8167,0.385508614586,0.562315758106,0.038884241894
1024,24299521,23730,5,0.75,9148,0.385503581964,0.562308417355,0.038891582645
256,5416193,21157,5,0.75,8156,0.385498889257,0.562301572415,0.038898427585
512,11968001,23375,5,0.75,9011,0.385497326203,0.562299292493,0.038900707507
256,5475329,21388,5,0.75,8245,0.385496540116,0.562298145880,0.038901854120
512,11278849,22029,5,0.75,8492,0.385491851650,0.562291307127,0.038908692873
512,10533889,20574,5,0.75,7931,0.385486536405,0.562283554133,0.038916445867
1024,22149121,21630,5,0.75,8338,0.385483125289,0.562278578565,0.038921421435
1024,24165377,23599,5,0.75,9097,0.385482435696,0.562277572702,0.038922427298
256,5884673,22987,5,0.75,8861,0.385478748858,0.562272194956,0.038927805044
256,6186497,24166,5,0.75,9315,0.385458909211,0.562243256184,0.038956743816
512,11348993,22166,5,0.75,8544,0.385455201660,0.562237848226,0.038962151774
256,5229569,20428,5,0.75,7874,0.385451341296,0.562232217370,0.038967782630
256,6069761,23710,5,0.75,9139,0.385449177562,0.562229061275,0.038970938725
1024,21452801,20950,5,0.75,8075,0.385441527446,0.562217902560,0.038982097440
256,6125057,23926,5,0.75,9222,0.385438435175,0.562213392070,0.038986607930
512,11038721,21560,5,0.75,8310,0.385435992579,0.562209829218,0.038990170782
512,10897921,21285,5,0.75,8204,0.385435752878,0.562209479581,0.038990520419
1024,23068673,22528,5,0.75,8683,0.385431463068,0.562203222322,0.038996777678
1024,21623809,21117,5,0.75,8139,0.385424065918,0.562192432592,0.039007567408
256,5761537,22506,5,0.75,8674,0.385408335555,0.562169487758,0.039030512242
1024,25583617,24984,5,0.75,9629,0.385406660263,0.562167044120,0.039032955880
1024,24598529,24022,5,0.75,9258,0.385396719674,0.562152544445,0.039047455555
512,12381697,24183,5,0.75,9320,0.385394698755,0.562149596666,0.039050403334
256,5473537,21381,5,0.75,8240,0.385388896684,0.562141133570,0.039058866430
256,6195713,24202,5,0.75,9327,0.385381373440,0.562130159915,0.039069840085
512,11120129,21719,5,0.75,8370,0.385376858971,0.562123574960,0.039076425040
256,5640449,22033,5,0.75,8491,0.385376480733,0.562123023250,0.039076976750
1024,24690689,24112,5,0.75,9292,0.385368281354,0.562111063360,0.039088936640
512,12231169,23889,5,0.75,9206,0.385365649462,0.562107224395,0.039092775605
256,6381313,24927,5,0.75,9606,0.385365266578,0.562106665908,0.039093334092
512,11123201,21725,5,0.75,8372,0.385362485616,0.562102609503,0.039097390497
256,5785601,22600,5,0.75,8709,0.385353982301,0.562090206283,0.039109793717
256,5442817,21261,5,0.75,8193,0.385353464089,0.562089450402,0.039110549598
1024,23615489,23062,5,0.75,8887,0.385352527968,0.562088084945,0.039111915055
1024,21891073,21378,5,0.75,8238,0.385349424642,0.562083558330,0.039116441670
256,5719297,22341,5,0.75,8609,0.385345329215,0.562077584603,0.039122415397
1024,24564737,23989,5,0.75,9244,0.385343282338,0.562074598959,0.039125401041
1024,21615617,21109,5,0.75,8134,0.385333270169,0.562059994875,0.039140005125
1024,22311937,21789,5,0.75,8396,0.385332048281,0.562058212589,0.039141787411
1024,25338881,24745,5,0.75,9535,0.385330369772,0.562055764259,0.039144235741
512,12673537,24753,5,0.75,9538,0.385327031067,0.562050894312,0.039149105688
512,10432001,20375,5,0.75,7851,0.385325153374,0.562048155447,0.039151844553
512,12206081,23840,5,0.75,9186,0.385318791946,0.562038876455,0.039161123545
1024,24282113,23713,5,0.75,9137,0.385316071353,0.562034908107,0.039165091893
1024,20915201,20425,5,0.75,7870,0.385312117503,0.562029140889,0.039170859111
512,11370497,22208,5,0.75,8557,0.385311599424,0.562028385201,0.039171614799
256,5644801,22050,5,0.75,8496,0.385306122449,0.562020396303,0.039179603697
512,10624001,20750,5,0.75,7995,0.385301204819,0.562013223284,0.039186776716
1024,25577473,24978,5,0.75,9624,0.385299063176,0.562010099411,0.039189900589
256,5481473,21412,5,0.75,8250,0.385297963759,0.562008495764,0.039191504236
512,12133889,23699,5,0.75,9131,0.385290518587,0.561997635988,0.039202364012
512,12055553,23546,5,0.75,9072,0.385288371698,0.561994504464,0.039205495536
256,6016513,23502,5,0.75,9055,0.385286358608,0.561991568103,0.039208431897
256,6055169,23653,5,0.75,9113,0.385278822982,0.561980576388,0.039219423612
512,10521089,20549,5,0.75,7917,0.385274222590,0.561973866101,0.039226133899
512,11488769,22439,5,0.75,8645,0.385266723116,0.561962927118,0.039237072882
1024,24118273,23553,5,0.75,9074,0.385258778075,0.561951338216,0.039248661784
1024,24572929,23997,5,0.75,9245,0.385256490395,0.561948001328,0.039251998672
512,12198913,23826,5,0.75,9179,0.385251406027,0.561940585100,0.039259414900
1024,25187329,24597,5,0.75,9476,0.385250233768,0.561938875204,0.039261124796
256,5393153,21067,5,0.75,8116,0.385247068875,0.561934258786,0.039265741214
1024,20764673,20278,5,0.75,7812,0.385245093204,0.561931377006,0.039268622994
256,5541377,21646,5,0.75,8339,0.385244386954,0.561930346845,0.039269653155
1024,23319553,22773,5,0.75,8773,0.385236903350,0.561919431011,0.039280568989
512,11487233,22436,5,0.75,8643,0.385229096096,0.561908043088,0.039291956912
1024,22849537,22314,5,0.75,8596,0.385229004213,0.561907909064,0.039292090936
1024,22514689,21987,5,0.75,8470,0.385227634511,0.561905911172,0.039294088828
512,11281409,22034,5,0.75,8488,0.385222837433,0.561898913993,0.039301086007
1024,21531649,21027,5,0.75,8100,0.385219004138,0.561893322620,0.039306677380
512,10629121,20760,5,0.75,7997,0.385211946050,0.561883027458,0.039316972542
256,5349121,20895,5,0.75,8049,0.385211773151,0.561882775262,0.039317224738
1024,22917121,22380,5,0.75,8621,0.385210008937,0.561880201919,0.039319798081
256,6296833,24597,5,0.75,9475,0.385209578404,0.561879573930,0.039320426070
256,5991169,23403,5,0.75,9015,0.385207024740,0.561875849071,0.039324150929
512,10295809,20109,5,0.75,7746,0.385200656422,0.561866560029,0.039333439971
512,11276801,22025,5,0.75,8484,0.385198637911,0.561863615762,0.039336384238
512,11189249,21854,5,0.75,8418,0.385192642079,0.561854870040,0.039345129960
256,6120449,23908,5,0.75,9209,0.385184875356,0.561843541237,0.039356458763
256,6209537,24256,5,0.75,9343,0.385183047493,0.561840875056,0.039359124944
256,6354433,24822,5,0.75,9561,0.385182499396,0.561840075583,0.039359924417
256,5562881,21730,5,0.75,8370,0.385181776346,0.561839020918,0.039360979082
1024,23605249,23052,5,0.75,8879,0.385172653132,0.561825713493,0.039374286507
512,11684353,22821,5,0.75,8790,0.385171552517,0.561824108100,0.039375891900
512,12526081,24465,5,0.75,9423,0.385162477008,0.561810870258,0.039389129742
256,6365441,24865,5,0.75,9577,0.385159863262,0.561807057761,0.039392942239
1024,20838401,20350,5,0.75,7838,0.385159705160,0.561806827148,0.039393172852
256,6119681,23905,5,0.75,9207,0.385149550303,0.561792014935,0.039407985065
256,5502209,21493,5,0.75,8278,0.385148653050,0.561790706171,0.039409293829
1024,21855233,21343,5,0.75,8220,0.385137984351,0.561775144450,0.039424855550
512,12552193,24516,5,0.75,9442,0.385136237559,0.561772596521,0.039427403479
1024,23339009,22792,5,0.75,8778,0.385135135135,0.561770988488,0.039429011512
512,11911681,23265,5,0.75,8960,0.385127874490,0.561760397868,0.039439602132
512,10816513,21126,5,0.75,8136,0.385117864243,0.561745796588,0.039454203412
512,11315201,22100,5,0.75,8511,0.385113122172,0.561738879644,0.039461120356
512,11599873,22656,5,0.75,8725,0.385107697740,0.561730967386,0.039469032614
256,5220353,20392,5,0.75,7853,0.385102000785,0.561722657617,0.039477342383
512,11799553,23046,5,0.75,8875,0.385099366484,0.561718815138,0.039481184862
1024,23897089,23337,5,0.75,8987,0.385096627673,0.561714820216,0.039485179784
256,5666561,22135,5,0.75,8524,0.385091484075,0.561707317592,0.039492682408
1024,24487937,23914,5,0.75,9209,0.385088232834,0.561702575224,0.039497424776
1024,21488641,20985,5,0.75,8081,0.385084584227,0.561697253243,0.039502746757
512,10995713,21476,5,0.75,8270,0.385081020674,0.561692055326,0.039507944674
1024,22908929,22372,5,0.75,8615,0.385079563740,0.561689930193,0.039510069807
1024,20782081,20295,5,0.75,7815,0.385070214339,0.561676292843,0.039523707157
1024,24260609,23692,5,0.75,9123,0.385066689178,0.561671150926,0.039528849074
512,12623873,24656,5,0.75,9494,0.385058403634,0.561659065355,0.039540934645
256,6132481,23955,5,0.75,9224,0.385055312043,0.561654555857,0.039545444143
256,5913857,23101,5,0.75,8895,0.385048266309,0.561644278713,0.039555721287
512,12128257,23688,5,0.75,9121,0.385047281324,0.561642841981,0.039557158019
512,10702849,20904,5,0.75,8049,0.385045924225,0.561640862471,0.039559137529
512,11539457,22538,5,0.75,8678,0.385038601473,0.561630181260,0.039569818740
1024,21390337,20889,5,0.75,8043,0.385035185983,0.561625199312,0.039574800688
512,10897409,21284,5,0.75,8195,0.385031009209,0.561619106930,0.039580893070
1024,25512961,24915,5,0.75,9593,0.385029098936,0.561616320543,0.039583679457
256,5764609,22518,5,0.75,8670,0.385025313083,0.561610798370,0.039589201630
512,11076097,21633,5,0.75,8329,0.385013636574,0.561593766623,0.039606233377
512,12021761,23480,5,0.75,9040,0.385008517888,0.561586300336,0.039613699664
256,6265601,24475,5,0.75,9423,0.385005107252,0.561581325470,0.039618674530
256,5210369,20353,5,0.75,7836,0.385004667617,0.561580684202,0.039619315798
512,12430337,24278,5,0.75,9347,0.384998764313,0.561572073447,0.039627926553
512,10935809,21359,5,0.75,8223,0.384989933986,0.561559193236,0.039640806764
512,12524033,24461,5,0.75,9417,0.384980172520,0.561544954835,0.039655045165
256,5306113,20727,5,0.75,7979,0.384956819607,0.561510891496,0.039689108504
1024,23823361,23265,5,0.75,8956,0.384955942403,0.561509611976,0.039690388024
1024,25348097,24754,5,0.75,9529,0.384947887210,0.561497862403,0.039702137597
256,5629441,21990,5,0.75,8465,0.384947703502,0.561497594439,0.039702405561
256,5717249,22333,5,0.75,8597,0.384946043971,0.561495173792,0.039704826208
512,10278913,20076,5,0.75,7728,0.384937238494,0.561482329829,0.039717670171
256,6111233,23872,5,0.75,9189,0.384927949062,0.561468779952,0.039731220048
512,10638337,20778,5,0.75,7998,0.384926364424,0.561466468547,0.039733531453
512,10807297,21108,5,0.75,8125,0.384925146864,0.561464692573,0.039735307427
1024,23024641,22485,5,0.75,8655,0.384923282188,0.561461972695,0.039738027305
1024,20755457,20269,5,0.75,7802,0.384922788495,0.561461252577,0.039738747423
256,5546753,21667,5,0.75,8340,0.384917155121,0.561453035549,0.039746964451
1024,24800257,24219,5,0.75,9322,0.384904413890,0.561434450764,0.039765549236
1024,24257537,23689,5,0.75,9118,0.384904386002,0.561434410086,0.039765589914
256,5893633,23022,5,0.75,8861,0.384892711320,0.561417381003,0.039782618997
1024,22973441,22435,5,0.75,8635,0.384889681302,0.561412961318,0.039787038682
1024,23689217,23134,5,0.75,8904,0.384888043572,0.561410572471,0.039789427529
256,5511937,21531,5,0.75,8287,0.384886907250,0.561408914993,0.039791085007
256,5945857,23226,5,0.75,8939,0.384870403858,0.561384842594,0.039815157406
1024,23004161,22465,5,0.75,8646,0.384865346094,0.561377465170,0.039822534830
512,11132417,21743,5,0.75,8368,0.384859495010,0.561368930583,0.039831069417
1024,22967297,22429,5,0.75,8632,0.384858888047,0.561368045246,0.039831954754
256,5464577,21346,5,0.75,8215,0.384849620538,0.561354527348,0.039845472652
512,12354049,24129,5,0.75,9286,0.384848108086,0.561352321235,0.039847678765
1024,21132289,20637,5,0.75,7942,0.384842758153,0.561344517644,0.039855482356
1024,20954113,20463,5,0.75,7875,0.384840932415,0.561341854561,0.039858145439
1024,23812097,23254,5,0.75,8949,0.384837017287,0.561336143825,0.039863856175
512,11999233,23436,5,0.75,9019,0.384835296126,0.561333633281,0.039866366719
512,11543041,22545,5,0.75,8676,0.384830339321,0.561326403121,0.039873596879
512,10997761,21480,5,0.75,8266,0.384823091248,0.561315830838,0.039884169162
512,10564097,20633,5,0.75,7940,0.384820433286,0.561311953847,0.039888046153
512,11757569,22964,5,0.75,8837,0.384819717819,0.561310910243,0.039889089757
512,12719617,24843,5,0.75,9560,0.384816648553,0.561306433308,0.039893566692
1024,24348673,23778,5,0.75,9150,0.384809487762,0.561295988339,0.039904011661
1024,21698561,21190,5,0.75,8154,0.384804152902,0.561288206734,0.039911793266
1024,21778433,21268,5,0.75,8184,0.384803460598,0.561287196916,0.039912803084
256,6290177,24571,5,0.75,9455,0.384803223312,0.561286850803,0.039913149197
256,6093313,23802,5,0.75,9159,0.384799596673,0.561281560865,0.039918439135
256,5156609,20143,5,0.75,7751,0.384798689371,0.561280237445,0.039919762555
512,11261953,21996,5,0.75,8464,0.384797235861,0.561278117307,0.039921882693
256,6302977,24621,5,0.75,9474,0.384793468990,0.561272622822,0.039927377178
512,10687489,20874,5,0.75,8032,0.384784899875,0.561260123625,0.039939876375
1024,23280641,22735,5,0.75,8748,0.384781174401,0.561254689523,0.039945310477
1024,24199169,23632,5,0.75,9093,0.384774881517,0.561245510512,0.039954489488
1024,21892097,21379,5,0.75,8226,0.384770101501,0.561238538222,0.039961461778
1024,22499329,21972,5,0.75,8454,0.384762424904,0.561227340881,0.039972659119
512,11678209,22809,5,0.75,8776,0.384760401596,0.561224389615,0.039975610385
256,5665537,22131,5,0.75,8515,0.384754416881,0.561215660111,0.039984339889
1024,24448001,23875,5,0.75,9186,0.384753926702,0.561214945118,0.039985054882
512,12407809,24234,5,0.75,9324,0.384748700173,0.561207321529,0.039992678471
1024,22162433,21643,5,0.75,8327,0.384743335027,0.561199495748,0.040000504252
1024,23685121,23130,5,0.75,8899,0.384738434933,0.561192348306,0.040007651694
512,10272257,20063,5,0.75,7719,0.384738075064,0.561191823389,0.040008176611
512,12681217,24768,5,0.75,9529,0.384730297158,0.561180478275,0.040019521725
1024,23683073,23128,5,0.75,8898,0.384728467658,0.561177809706,0.040022190294
1024,21732353,21223,5,0.75,8165,0.384724120058,0.561171468152,0.040028531848
1024,21758977,21249,5,0.75,8175,0.384723987011,0.561171274084,0.040028725916
256,5268737,20581,5,0.75,7918,0.384723774355,0.561170963897,0.040029036103
256,5345281,20880,5,0.75,8033,0.384722222222,0.561168699904,0.040031300096
512,12753409,24909,5,0.75,9583,0.384720382191,0.561166015973,0.040033984027
1024,25574401,24975,5,0.75,9608,0.384704704705,0.561143148267,0.040056851733
256,6048257,23626,5,0.75,9089,0.384703292982,0.561141089082,0.040058910918
1024,20872193,20383,5,0.75,7841,0.384683314527,0.561111947838,0.040088052162
512,12287489,23999,5,0.75,9232,0.384682695112,0.561111044340,0.040088955660
1024,21000193,20508,5,0.75,7889,0.384679149600,0.561105872737,0.040094127263
256,5299457,20701,5,0.75,7963,0.384667407372,0.561088745130,0.040111254870
1024,21799937,21289,5,0.75,8189,0.384658743952,0.561076108377,0.040123891623
512,11860993,23166,5,0.75,8911,0.384658551325,0.561075827404,0.040124172596
1024,22548481,22020,5,0.75,8470,0.384650317893,0.561063817845,0.040136182155
256,5126657,20026,5,0.75,7703,0.384649955058,0.561063288602,0.040136711398
512,11517953,22496,5,0.75,8653,0.384646159317,0.561057752007,0.040142247993
512,10961921,21410,5,0.75,8235,0.384633348902,0.561039066308,0.040160933692
1024,21953537,21439,5,0.75,8246,0.384626148608,0.561028563717,0.040171436283
512,11054081,21590,5,0.75,8304,0.384622510421,0.561023256937,0.040176743063
1024,22813697,22279,5,0.75,8569,0.384622290049,0.561022935494,0.040177064506
512,11106817,21693,5,0.75,8343,0.384594108699,0.560981829234,0.040218170766
1024,21271553,20773,5,0.75,7989,0.384585760362,0.560969652071,0.040230347929
1024,23569409,23017,5,0.75,8852,0.384585306513,0.560968990071,0.040231009929
512,11558401,22575,5,0.75,8682,0.384584717608,0.560968131075,0.040231868925
256,5433089,21223,5,0.75,8162,0.384582763982,0.560965281452,0.040234718548
1024,20694017,20209,5,0.75,7772,0.384581127221,0.560962894016,0.040237105984
512,12591617,24593,5,0.75,9458,0.384580978327,0.560962676835,0.040237323165
1024,22036481,21520,5,0.75,8276,0.384572490706,0.560950296508,0.040249703492
512,12544001,24500,5,0.75,9422,0.384571428571,0.560948747242,0.040251252758
256,5295617,20686,5,0.75,7955,0.384559605530,0.560931501759,0.040268498241
512,12528641,24470,5,0.75,9410,0.384552513282,0.560921156768,0.040278843232
256,5463553,21342,5,0.75,8207,0.384546902821,0.560912973162,0.040287026838
1024,24056833,23493,5,0.75,9034,0.384540075767,0.560903014993,0.040296985007
512,11209729,21894,5,0.75,8419,0.384534575683,0.560894992386,0.040305007614
1024,22693889,22162,5,0.75,8522,0.384532081942,0.560891354933,0.040308645067
512,12153857,23738,5,0.75,9128,0.384531131519,0.560889968614,0.040310031386
256,6375937,24906,5,0.75,9577,0.384525817072,0.560882216784,0.040317783216
256,5140481,20080,5,0.75,7721,0.384511952191,0.560861993005,0.040338006995
1024,25417729,24822,5,0.75,9544,0.384497623076,0.560841092079,0.040358907921
256,6114817,23886,5,0.75,9184,0.384493008457,0.560834361040,0.040365638960
1024,25562113,24963,5,0.75,9598,0.384489043785,0.560828578037,0.040371421963
1024,25136129,24547,5,0.75,9438,0.384486902676,0.560825454945,0.040374545055
256,6059777,23671,5,0.75,9101,0.384478898230,0.560813779391,0.040386220609
512,11345921,22160,5,0.75,8520,0.384476534296,0.560810331278,0.040389668722
1024,22487041,21960,5,0.75,8443,0.384471766849,0.560803377320,0.040396622680
1024,21608449,21102,5,0.75,8113,0.384465927400,0.560794859705,0.040405140295
512,12418561,24255,5,0.75,9325,0.384456813028,0.560781565178,0.040418434822
1024,23130113,22588,5,0.75,8684,0.384451921374,0.560774430047,0.040425569953
512,12706817,24818,5,0.75,9541,0.384438713837,0.560755165092,0.040444834908
512,10994177,21473,5,0.75,8255,0.384436268803,0.560751598683,0.040448401317
1024,22958081,22420,5,0.75,8619,0.384433541481,0.560747620520,0.040452379480
1024,25491457,24894,5,0.75,9570,0.384429983128,0.560742430188,0.040457569812
512,12266497,23958,5,0.75,9210,0.384422739795,0.560731864820,0.040468135180
256,5455361,21310,5,0.75,8192,0.384420459878,0.560728539257,0.040471460743
256,5641217,22036,5,0.75,8471,0.384416409512,0.560722631257,0.040477368743
256,5829121,22770,5,0.75,8753,0.384409310496,0.560712276396,0.040487723604
512,10455553,20421,5,0.75,7850,0.384408207238,0.560710667146,0.040489332854
512,12123649,23679,5,0.75,9102,0.384391232738,0.560685907573,0.040514092427
1024,20712449,20227,5,0.75,7775,0.384387205221,0.560680032902,0.040519967098
512,11312641,22095,5,0.75,8493,0.384385607604,0.560677702564,0.040522297436
256,6076673,23737,5,0.75,9124,0.384378817879,0.560667798845,0.040532201155
512,12177409,23784,5,0.75,9142,0.384376051127,0.560663763167,0.040536236833
512,11580929,22619,5,0.75,8694,0.384367124983,0.560650743196,0.040549256804
512,11491841,22445,5,0.75,8627,0.384361773223,0.560642936940,0.040557063060
512,11150849,21779,5,0.75,8371,0.384361081776,0.560641928371,0.040558071629
512,10842113,21176,5,0.75,8139,0.384350207782,0.560626067201,0.040573932799
512,11716097,22883,5,0.75,8795,0.384346458069,0.560620597744,0.040579402256
256,5369857,20976,5,0.75,8062,0.384344012204,0.560617030123,0.040582969877
1024,22577153,22048,5,0.75,8474,0.384343251089,0.560615919934,0.040584080066
256,5385217,21036,5,0.75,8085,0.384341129492,0.560612825303,0.040587174697
256,6043393,23607,5,0.75,9073,0.384335154827,0.560604110456,0.040595889544
256,5389313,21052,5,0.75,8091,0.384334030021,0.560602469777,0.040597530223
512,10494977,20498,5,0.75,7878,0.384330178554,0.560596851898,0.040603148102
256,6249473,24412,5,0.75,9382,0.384319187285,0.560580819666,0.040619180334
512,10356737,20228,5,0.75,7774,0.384318766067,0.560580205263,0.040619794737
1024,24279041,23710,5,0.75,9112,0.384310417545,0.560568027830,0.040631972170
1024,20666369,20182,5,0.75,7756,0.384302844119,0.560556980977,0.040643019023
1024,21876737,21364,5,0.75,8210,0.384291331211,0.560540187865,0.040659812135
1024,22561793,22033,5,0.75,8467,0.384287205555,0.560534170045,0.040665829955
256,5469953,21367,5,0.75,8211,0.384284176534,0.560529751813,0.040670248187
512,10989569,21464,5,0.75,8248,0.384271338054,0.560511025178,0.040688974822
512,11289601,22050,5,0.75,8473,0.384263038549,0.560498919241,0.040701080759
1024,25510913,24913,5,0.75,9573,0.384257215109,0.560490424977,0.040709575023
1024,23099393,22558,5,0.75,8668,0.384253923220,0.560485623318,0.040714376682
1024,22806529,22272,5,0.75,8558,0.384249281609,0.560478852909,0.040721147091
512,12453377,24323,5,0.75,9346,0.384245364470,0.560473139239,0.040726860761
512,12751873,24906,5,0.75,9570,0.384244760299,0.560472257974,0.040727742026
1024,24312833,23743,5,0.75,9123,0.384239565346,0.560464680442,0.040735319558
1024,21101569,20607,5,0.75,7918,0.384238365604,0.560462930459,0.040737069541
512,11245057,21963,5,0.75,8439,0.384237126076,0.560461122441,0.040738877559
1024,21741569,21232,5,0.75,8158,0.384231348907,0.560452695670,0.040747304330
512,12769793,24941,5,0.75,9583,0.384226775189,0.560446024293,0.040753975707
256,5573377,21771,5,0.75,8365,0.384226723623,0.560445949076,0.040754050924
1024,20899841,20410,5,0.75,7842,0.384223419892,0.560441130144,0.040758869856
256,6041857,23601,5,0.75,9068,0.384221007584,0.560437611471,0.040762388529
1024,25372673,24778,5,0.75,9520,0.384211800791,0.560424182134,0.040775817866
256,5469697,21366,5,0.75,8209,0.384208555649,0.560419448662,0.040780551338
512,12702721,24810,5,0.75,9532,0.384199919387,0.560406851521,0.040793148479
1024,21655553,21148,5,0.75,8125,0.384197087195,0.560402720391,0.040797279609
1024,24360961,23790,5,0.75,9140,0.384195039933,0.560399734186,0.040800265814
256,5326081,20805,5,0.75,7993,0.384186493631,0.560387268265,0.040812731735
512,10391041,20295,5,0.75,7797,0.384183296378,0.560382604645,0.040817395355
256,5804033,22672,5,0.75,8710,0.384174311927,0.560369499623,0.040830500377
512,12663809,24734,5,0.75,9502,0.384167542654,0.560359625735,0.040840374265
512,12000257,23438,5,0.75,9004,0.384162471201,0.560352228344,0.040847771656
256,6355457,24826,5,0.75,9537,0.384153709820,0.560339448702,0.040860551298
512,10703873,20906,5,0.75,8031,0.384148091457,0.560331253569,0.040868746431
1024,21199873,20703,5,0.75,7953,0.384147225040,0.560329989784,0.040870010216
256,5867777,22921,5,0.75,8805,0.384145543388,0.560327536871,0.040872463129
1024,22700033,22168,5,0.75,8515,0.384112233851,0.560278950465,0.040921049535
256,5591297,21841,5,0.75,8389,0.384094134884,0.560252550707,0.040947449293
512,12327937,24078,5,0.75,9248,0.384085056898,0.560239309254,0.040960690746
1024,22531073,22003,5,0.75,8451,0.384083988547,0.560237750921,0.040962249079
1024,21609473,21103,5,0.75,8105,0.384068615837,0.560215327771,0.040984672229
1024,22862849,22327,5,0.75,8575,0.384064137591,0.560208795653,0.040991204347
1024,24837121,24255,5,0.75,9315,0.384044526902,0.560180190845,0.041019809155
1024,22045697,21529,5,0.75,8268,0.384040131915,0.560173780171,0.041026219829
256,5779457,22576,5,0.75,8670,0.384036144578,0.560167964108,0.041032035892
256,5246977,20496,5,0.75,7871,0.384026151444,0.560153387788,0.041046612212
256,5786369,22603,5,0.75,8680,0.384019820378,0.560144153083,0.041055846917
512,10508801,20525,5,0.75,7882,0.384019488429,0.560143668891,0.041056331109
512,10362881,20240,5,0.75,7772,0.383992094862,0.560103711718,0.041096288282
512,10956289,21399,5,0.75,8217,0.383989906070,0.560100519074,0.041099480926
512,11476481,22415,5,0.75,8607,0.383983939326,0.560091815781,0.041108184219
256,5629697,21991,5,0.75,8444,0.383975262607,0.560079159629,0.041120840371
1024,22521857,21994,5,0.75,8445,0.383968355006,0.560069083970,0.041130916030
256,6114049,23883,5,0.75,9170,0.383955114517,0.560049770950,0.041150229050
256,5303297,20716,5,0.75,7954,0.383954431357,0.560048774471,0.041151225529
512,11768833,22986,5,0.75,8825,0.383929348299,0.560012187483,0.041187812517
512,10336769,20189,5,0.75,7751,0.383921937689,0.560001378119,0.041198621881
256,5425153,21192,5,0.75,8136,0.383918459796,0.559996305149,0.041203694851
1024,22018049,21502,5,0.75,8255,0.383917775091,0.559995306414,0.041204693586
256,5248513,20502,5,0.75,7871,0.383913764511,0.559989456448,0.041210543552
512,12635137,24678,5,0.75,9474,0.383904692439,0.559976223621,0.041223776379
1024,25369601,24775,5,0.75,9511,0.383895055499,0.559962166859,0.041237833141
1024,22620161,22090,5,0.75,8480,0.383884110457,0.559946202054,0.041253797946
1024,20637697,20154,5,0.75,7736,0.383844398134,0.559888276332,0.041311723668
256,5720321,22345,5,0.75,8577,0.383844260461,0.559888075517,0.041311924483
512,10647041,20795,5,0.75,7982,0.383842269776,0.559885171838,0.041314828162
512,12559873,24531,5,0.75,9416,0.383840854429,0.559883107365,0.041316892635
256,6071297,23716,5,0.75,9103,0.383833698769,0.559872669879,0.041327330121
1024,20635649,20152,5,0.75,7735,0.383832870187,0.559871461282,0.041328538718
256,5604097,21891,5,0.75,8402,0.383810698461,0.559839120861,0.041360879139
512,12086273,23606,5,0.75,9060,0.383800728628,0.559824578530,0.041375421470
1024,21809153,21298,5,0.75,8174,0.383791905343,0.559811708591,0.041388291409
1024,21326849,20827,5,0.75,7993,0.383780669323,0.559795319357,0.041404680643
1024,24339457,23769,5,0.75,9122,0.383777188775,0.559790242513,0.041409757487
1024,23627777,23074,5,0.75,8855,0.383765276935,0.559772867504,0.041427132496
512,10487809,20484,5,0.75,7861,0.383762936926,0.559769454290,0.041430545710
256,6208513,24252,5,0.75,9307,0.383762163945,0.559768326793,0.041431673207
256,6034433,23572,5,0.75,9046,0.383760393687,0.559765744636,0.041434255364
1024,23740417,23184,5,0.75,8897,0.383756038647,0.559759392229,0.041440607771
1024,23258113,22713,5,0.75,8716,0.383744991855,0.559743279008,0.041456720992
512,11898881,23240,5,0.75,8918,0.383734939759,0.559728616685,0.041471383315
1024,23669761,23115,5,0.75,8870,0.383733506381,0.559726525912,0.041473474088
512,12717569,24839,5,0.75,9531,0.383711099481,0.559693842458,0.041506157542
512,11602433,22661,5,0.75,8695,0.383698865893,0.559675998137,0.041524001863
1024,21302273,20803,5,0.75,7982,0.383694659424,0.559669862441,0.041530137559
512,12510209,24434,5,0.75,9375,0.383686666121,0.559658203142,0.041541796858
256,5850113,22852,5,0.75,8768,0.383686329424,0.559657712025,0.041542287975
1024,25231361,24640,5,0.75,9454,0.383685064935,0.559655867599,0.041544132401
512,10711553,20921,5,0.75,8027,0.383681468381,0.559650621545,0.041549378455
1024,23037953,22498,5,0.75,8632,0.383678549204,0.559646363536,0.041553636464
1024,23507969,22957,5,0.75,8808,0.383673824977,0.559639472620,0.041560527380
1024,21629953,21123,5,0.75,8104,0.383657624390,0.559615841903,0.041584158097
256,5307649,20733,5,0.75,7954,0.383639608354,0.559589563109,0.041610436891
256,6348289,24798,5,0.75,9513,0.383619646746,0.559560446440,0.041639553560
512,10613249,20729,5,0.75,7952,0.383617154711,0.559556811474,0.041643188526
1024,25537537,24939,5,0.75,9567,0.383616023096,0.559555160864,0.041644839136
1024,23842817,23284,5,0.75,8932,0.383611063391,0.559547926472,0.041652073528
512,11307521,22085,5,0.75,8472,0.383608784243,0.559544602030,0.041655397970
1024,21283841,20785,5,0.75,7972,0.383545826317,0.559452769494,0.041747230506
256,5927681,23155,5,0.75,8881,0.383545670482,0.559452542187,0.041747457813
1024,22875137,22339,5,0.75,8568,0.383544473790,0.559450796653,0.041749203347
256,6225409,24318,5,0.75,9327,0.383543054528,0.559448726469,0.041751273531
1024,24733697,24154,5,0.75,9264,0.383538958351,0.559442751648,0.041757248352
512,12275201,23975,5,0.75,9195,0.383524504692,0.559421669059,0.041778330941
1024,24975361,24390,5,0.75,9354,0.383517835178,0.559411940683,0.041788059317
256,5423617,21186,5,0.75,8125,0.383507976966,0.559397561164,0.041802438836
1024,21222401,20725,5,0.75,7948,0.383498190591,0.559383286431,0.041816713569
1024,25353217,24759,5,0.75,9495,0.383496910214,0.559381418831,0.041818581169
512,12535297,24483,5,0.75,9389,0.383490585304,0.559372193105,0.041827806895
256,5159681,20155,5,0.75,7729,0.383478045150,0.559353901617,0.041846098383
1024,25093121,24505,5,0.75,9397,0.383472760661,0.559346193484,0.041853806516
256,6028289,23548,5,0.75,9030,0.383472057075,0.559345167210,0.041854832790
1024,25039873,24453,5,0.75,9377,0.383470330839,0.559342649264,0.041857350736
1024,24325121,23755,5,0.75,9109,0.383456114502,0.559321912840,0.041878087160
512,10490881,20490,5,0.75,7857,0.383455344070,0.559320789063,0.041879210937
1024,23612417,23059,5,0.75,8842,0.383451147058,0.559314667159,0.041885332841
1024,24806401,24225,5,0.75,9289,0.383446852425,0.559308402865,0.041891597135
512,12295169,24014,5,0.75,9208,0.383442991588,0.559302771319,0.041897228681
1024,22002689,21487,5,0.75,8239,0.383441150463,0.559300085792,0.041899914208
1024,20592641,20110,5,0.75,7711,0.383441074092,0.559299974396,0.041900025604
512,12215297,23858,5,0.75,9148,0.383435325677,0.559291589565,0.041908410435
512,12216833,23861,5,0.75,9149,0.383429026445,0.559282401294,0.041917598706
1024,23175169,22632,5,0.75,8677,0.383395192648,0.559233050186,0.041966949814
256,5209601,20350,5,0.75,7802,0.383390663391,0.559226443660,0.041973556340
512,11639809,22734,5,0.75,8716,0.383390516407,0.559226229265,0.041973770735
256,5748481,22455,5,0.75,8609,0.383389000223,0.559224017708,0.041975982292
512,12544513,24501,5,0.75,9393,0.383372107261,0.559199377069,0.042000622931
256,5751553,22467,5,0.75,8613,0.383362264655,0.559185020314,0.042014979686
1024,21117953,20623,5,0.75,7906,0.383358386268,0.559179363169,0.042020636831
1024,21446657,20944,5,0.75,8029,0.383355614973,0.559175320866,0.042024679134
256,6383617,24936,5,0.75,9558,0.383301251203,0.559096024053,0.042103975947
1024,20662273,20178,5,0.75,7734,0.383288730300,0.559077760646,0.042122239354
512,11886593,23216,5,0.75,8898,0.383270158511,0.559050671213,0.042149328787
1024,20591617,20109,5,0.75,7707,0.383261226317,0.559037642415,0.042162357585
512,10259969,20039,5,0.75,7680,0.383252657318,0.559025143387,0.042174856613
512,11677697,22808,5,0.75,8741,0.383242721852,0.559010651184,0.042189348816
512,12151297,23733,5,0.75,9095,0.383221674462,0.558979950757,0.042220049243
1024,21881857,21369,5,0.75,8188,0.383171884506,0.558907325462,0.042292674538
512,11560961,22580,5,0.75,8652,0.383170947741,0.558905959066,0.042294040934
1024,23443457,22894,5,0.75,8772,0.383157159081,0.558885846465,0.042314153535
1024,23165953,22623,5,0.75,8668,0.383149891703,0.558875246024,0.042324753976
512,11813377,23073,5,0.75,8840,0.383131799073,0.558848855508,0.042351144492
256,5485313,21427,5,0.75,8209,0.383114761749,0.558824004299,0.042375995701
512,12184577,23798,5,0.75,9117,0.383099420119,0.558801626484,0.042398373516
1024,22656001,22125,5,0.75,8476,0.383096045198,0.558796703711,0.042403296289
1024,24139777,23574,5,0.75,9031,0.383091541529,0.558790134509,0.042409865491
512,12517889,24449,5,0.75,9366,0.383083152685,0.558777898261,0.042422101739
512,10426369,20364,5,0.75,7801,0.383077980750,0.558770354304,0.042429645696
1024,23703553,23148,5,0.75,8867,0.383056851564,0.558739534566,0.042460465434
1024,25243649,24652,5,0.75,9443,0.383052085024,0.558732581930,0.042467418070
256,6017537,23506,5,0.75,9004,0.383051135880,0.558731197478,0.042468802522
1024,21844993,21333,5,0.75,8171,0.383021609713,0.558688129623,0.042511870377
512,11438593,22341,5,0.75,8557,0.383017770019,0.558682528918,0.042517471082
256,5853697,22866,5,0.75,8758,0.383014082043,0.558677149512,0.042522850488
1024,21792769,21282,5,0.75,8151,0.382999718072,0.558656197743,0.042543802257
256,5984257,23376,5,0.75,8953,0.382999657769,0.558656109783,0.042543890217
512,11592193,22641,5,0.75,8671,0.382977783667,0.558624203487,0.042575796513
1024,23239681,22695,5,0.75,8691,0.382947785856,0.558580447676,0.042619552324
512,12579841,24570,5,0.75,9409,0.382946682947,0.558578838936,0.042621161064
256,6145537,24006,5,0.75,9193,0.382945930184,0.558577740931,0.042622259069
512,10943489,21374,5,0.75,8185,0.382941892018,0.558571850728,0.042628149272
1024,24764417,24184,5,0.75,9261,0.382939133311,0.558567826785,0.042632173215
256,5758721,22495,5,0.75,8614,0.382929539898,0.558553833512,0.042646166488
1024,23120897,22579,5,0.75,8646,0.382922184331,0.558543104435,0.042656895565
256,5410817,21136,5,0.75,8093,0.382901211204,0.558512512331,0.042687487669
256,5559553,21717,5,0.75,8315,0.382879771607,0.558481239819,0.042718760181
1024,23482369,22932,5,0.75,8780,0.382871097157,0.558468586975,0.042731413025
512,10900481,21290,5,0.75,8151,0.382855800845,0.558446275264,0.042753724736
1024,24414209,23842,5,0.75,9128,0.382853787434,0.558443338434,0.042756661566
1024,23323649,22777,5,0.75,8720,0.382842340958,0.558426642222,0.042773357778
1024,22601729,22072,5,0.75,8450,0.382837984777,0.558420288151,0.042779711849
1024,22789121,22255,5,0.75,8519,0.382790384183,0.558350856333,0.042849143667
512,11456513,22376,5,0.75,8565,0.382776188774,0.558330150433,0.042869849567
1024,22828033,22293,5,0.75,8533,0.382765890638,0.558315129229,0.042884870771
256,5137921,20070,5,0.75,7682,0.382760338814,0.558307031152,0.042892968848
512,10766849,21029,5,0.75,8049,0.382757144895,0.558302372395,0.042897627605
1024,24275969,23707,5,0.75,9073,0.382713966339,0.558239390709,0.042960609291
1024,22122497,21604,5,0.75,8268,0.382706906128,0.558229092450,0.042970907550
512,11238401,21950,5,0.75,8400,0.382687927107,0.558201409015,0.042998590985
1024,23044097,22504,5,0.75,8612,0.382687522218,0.558200818430,0.042999181570
1024,24005633,23443,5,0.75,8971,0.382672866101,0.558179440527,0.043020559473
1024,22402049,21877,5,0.75,8371,0.382639301550,0.558130482150,0.043069517850
512,10457089,20424,5,0.75,7815,0.382638072855,0.558128689936,0.043071310064
1024,24709121,24130,5,0.75,9233,0.382635723166,0.558125262601,0.043074737399
1024,23796737,23239,5,0.75,8892,0.382632643401,0.558120770352,0.043079229648
256,6009089,23473,5,0.75,8981,0.382609807012,0.558087460432,0.043112539568
1024,23372801,22825,5,0.75,8733,0.382606790800,0.558083060883,0.043116939117
256,5571073,21762,5,0.75,8326,0.382593511626,0.558063691436,0.043136308564
512,10851329,21194,5,0.75,8108,0.382561102199,0.558016417962,0.043183582038
1024,20874241,20385,5,0.75,7798,0.382536178563,0.557980063513,0.043219936487
512,12261889,23949,5,0.75,9161,0.382521190864,0.557958201954,0.043241798046
1024,22115329,21597,5,0.75,8261,0.382506829652,0.557937254211,0.043262745789
1024,21212161,20715,5,0.75,7923,0.382476466329,0.557892965251,0.043307034749
1024,25067521,24480,5,0.75,9363,0.382475490196,0.557891541432,0.043308458568
512,11429377,22323,5,0.75,8538,0.382475473727,0.557891517409,0.043308482591
256,6366977,24871,5,0.75,9512,0.382453459853,0.557859407236,0.043340592764
256,6285313,24552,5,0.75,9389,0.382412838058,0.557800154928,0.043399845072
512,11444737,22353,5,0.75,8548,0.382409519975,0.557795315061,0.043404684939
1024,24033281,23470,5,0.75,8975,0.382403067746,0.557785903624,0.043414096376
1024,20809729,20322,5,0.75,7771,0.382393465210,0.557771897044,0.043428102956
512,12243457,23913,5,0.75,9144,0.382386149793,0.557761226532,0.043438773468
256,5323777,20796,5,0.75,7952,0.382381227159,0.557754046213,0.043445953787
1024,24748033,24168,5,0.75,9241,0.382365110890,0.557730538485,0.043469461515
512,12145153,23721,5,0.75,9070,0.382361620505,0.557725447292,0.043474552708
256,5756161,22485,5,0.75,8597,0.382343784745,0.557699431457,0.043500568543
512,10911233,21311,5,0.75,8148,0.382337759842,0.557690643331,0.043509356669
512,11347969,22164,5,0.75,8474,0.382331709078,0.557681817484,0.043518182516
256,6143233,23997,5,0.75,9174,0.382297787223,0.557632337933,0.043567662067
1024,23949313,23388,5,0.75,8941,0.382290063280,0.557621071531,0.043578928469
256,5396737,21081,5,0.75,8059,0.382287367772,0.557617139772,0.043582860228
1024,20534273,20053,5,0.75,7666,0.382286939610,0.557616515241,0.043583484759
1024,21273601,20775,5,0.75,7942,0.382286401925,0.557615730956,0.043584269044
1024,21895169,21382,5,0.75,8174,0.382284164250,0.557612467008,0.043587532992
256,5572097,21766,5,0.75,8320,0.382247542038,0.557559048625,0.043640951375
1024,21591041,21085,5,0.75,8059,0.382214844676,0.557511355160,0.043688644840
1024,21495809,20992,5,0.75,8023,0.382193216463,0.557479807525,0.043720192475
256,5737729,22413,5,0.75,8566,0.382188908223,0.557473523381,0.043726476619
512,11846657,23138,5,0.75,8843,0.382185149970,0.557468041467,0.043731958533
1024,25178113,24588,5,0.75,9396,0.382137628111,0.557398724495,0.043801275505
256,6064129,23688,5,0.75,9052,0.382134414049,0.557394036357,0.043805963643
512,12210689,23849,5,0.75,9113,0.382112457545,0.557362009866,0.043837990134
512,12650497,24708,5,0.75,9440,0.382062489882,0.557289125361,0.043910874639
256,5721601,22350,5,0.75,8539,0.382058165548,0.557282817743,0.043917182257
256,5176321,20220,5,0.75,7725,0.382047477745,0.557267228156,0.043932771844
1024,24683521,24105,5,0.75,9209,0.382036921800,0.557251830902,0.043948169098
256,5990401,23400,5,0.75,8939,0.382008547009,0.557210442482,0.043989557518
512,11920897,23283,5,0.75,8894,0.381995447322,0.557191334841,0.044008665159
256,5678593,22182,5,0.75,8473,0.381976377243,0.557163518586,0.044036481414
1024,23898113,23338,5,0.75,8914,0.381952180992,0.557128225126,0.044071774874
256,6166273,24087,5,0.75,9200,0.381948769046,0.557123248346,0.044076751654
512,10300417,20118,5,0.75,7684,0.381946515558,0.557119961334,0.044080038666
512,11692033,22836,5,0.75,8722,0.381940795236,0.557111617480,0.044088382520
1024,22241281,21720,5,0.75,8295,0.381906077348,0.557060976808,0.044139023192
256,5329153,20817,5,0.75,7950,0.381899409137,0.557051250332,0.044148749668
1024,24328193,23758,5,0.75,9073,0.381892415186,0.557041048722,0.044158951278
512,11587073,22631,5,0.75,8642,0.381865582608,0.557001909826,0.044198090174
256,5860609,22893,5,0.75,8742,0.381863451710,0.556998801627,0.044201198373
1024,22665217,22134,5,0.75,8452,0.381855968194,0.556987885920,0.044212114080
512,11229697,21933,5,0.75,8375,0.381844708886,0.556971462717,0.044228537283
512,11266561,22005,5,0.75,8402,0.381822313111,0.556938795490,0.044261204510
512,12193793,23816,5,0.75,9093,0.381802149815,0.556909384633,0.044290615367
512,11058689,21599,5,0.75,8246,0.381776934117,0.556872604173,0.044327395827
512,10373633,20261,5,0.75,7735,0.381767928533,0.556859468326,0.044340531674
1024,23606273,23053,5,0.75,8800,0.381729059125,0.556802772107,0.044397227893
512,10388993,20291,5,0.75,7745,0.381696318565,0.556755015632,0.044444984368
1024,24526849,23952,5,0.75,9142,0.381680026720,0.556731251802,0.044468748198
1024,20705281,20220,5,0.75,7717,0.381651829871,0.556690122936,0.044509877064
256,5668609,22143,5,0.75,8450,0.381610441223,0.556629752069,0.044570247931
256,5150209,20118,5,0.75,7677,0.381598568446,0.556612434040,0.044587565960
1024,24053761,23490,5,0.75,8963,0.381566624095,0.556565838941,0.044634161059
1024,24214529,23647,5,0.75,9022,0.381528312259,0.556509956016,0.044690043984
1024,21646337,21139,5,0.75,8065,0.381522304745,0.556501193254,0.044698806746
1024,21350401,20850,5,0.75,7954,0.381486810552,0.556449420237,0.044750579763
1024,23431169,22882,5,0.75,8729,0.381478891705,0.556437869543,0.044762130457
512,10460161,20430,5,0.75,7793,0.381448849731,0.556394049314,0.044805950686
256,6001921,23445,5,0.75,8942,0.381403284282,0.556327586027,0.044872413973
512,11355649,22179,5,0.75,8459,0.381396816809,0.556318152354,0.044881847646
1024,23566337,23014,5,0.75,8777,0.381376553402,0.556288595472,0.044911404528
1024,21541889,21037,5,0.75,8023,0.381375671436,0.556287309006,0.044912690994
512,10258433,20036,5,0.75,7641,0.381363545618,0.556269621882,0.044930378118
512,12571649,24554,5,0.75,9364,0.381363525291,0.556269592233,0.044930407767
256,6226177,24321,5,0.75,9274,0.381316557707,0.556201083744,0.044998916256
256,6178561,24135,5,0.75,9203,0.381313445204,0.556196543743,0.045003456257
256,5424641,21190,5,0.75,8080,0.381311939594,0.556194347610,0.045005652390
1024,23725057,23169,5,0.75,8834,0.381285338167,0.556155545879,0.045044454121
256,6198529,24213,5,0.75,9232,0.381282781977,0.556151817334,0.045048182666
512,11368961,22205,5,0.75,8466,0.381265480748,0.556126581183,0.045073418817
256,5344769,20878,5,0.75,7960,0.381262573043,0.556122339908,0.045077660092
256,5203201,20325,5,0.75,7749,0.381254612546,0.556110728461,0.045089271539
256,5273857,20601,5,0.75,7854,0.381243628950,0.556094707420,0.045105292580
512,12016129,23469,5,0.75,8947,0.381226298521,0.556069428677,0.045130571323
1024,21021697,20529,5,0.75,7826,0.381216815237,0.556055596041,0.045144403959
512,10334209,20184,5,0.75,7694,0.381193024178,0.556020893606,0.045179106394
256,5172481,20205,5,0.75,7702,0.381192774066,0.556020528785,0.045179471215
256,6124801,23925,5,0.75,9119,0.381149425287,0.555957298807,0.045242701193
256,6028801,23550,5,0.75,8975,0.381104033970,0.555891089514,0.045308910486
256,6378241,24915,5,0.75,9495,0.381095725467,0.555878970453,0.045321029547
256,5359873,20937,5,0.75,7979,0.381095667956,0.555878886566,0.045321113434
1024,20620289,20137,5,0.75,7673,0.381039876844,0.555797507783,0.045402492217
256,5383681,21030,5,0.75,8013,0.381027104137,0.555778877086,0.045421122914
1024,22010881,21495,5,0.75,8190,0.381018841591,0.555766825061,0.045433174939
256,6104321,23845,5,0.75,9083,0.380918431537,0.555620363598,0.045579636402
1024,24898561,24315,5,0.75,9260,0.380834875591,0.555498486101,0.045701513899
1024,22936577,22399,5,0.75,8530,0.380820572347,0.555477622910,0.045722377090
256,5253121,20520,5,0.75,7814,0.380799220273,0.555446478061,0.045753521939
1024,21225473,20728,5,0.75,7893,0.380789270552,0.555431965065,0.045768034935
512,11417089,22299,5,0.75,8491,0.380779407148,0.555417577975,0.045782422025
256,5162753,20167,5,0.75,7679,0.380770565776,0.555404681653,0.045795318347
1024,25159681,24570,5,0.75,9355,0.380748880749,0.555373051148,0.045826948852
1024,23341057,22794,5,0.75,8677,0.380670351847,0.555258506265,0.045941493735
256,5679617,22186,5,0.75,8444,0.380600378617,0.555156440972,0.046043559028
512,11734529,22919,5,0.75,8719,0.380426720188,0.554903136980,0.046296863020
1024,22829057,22294,5,0.75,8480,0.380371400377,0.554822445652,0.046377554348
512,11906561,23255,5,0.75,8841,0.380176306171,0.554537874719,0.046662125281
256,6032641,23565,5,0.75,8958,0.380140038192,0.554484973032,0.046715026968
1024,22726657,22194,5,0.75,8436,0.380102730468,0.554430554738,0.046769445262
512,10834433,21161,5,0.75,8042,0.380038750532,0.554337231463,0.046862768537
256,6105089,23848,5,0.75,9063,0.380031868501,0.554327193102,0.046872806898
512,12060161,23555,5,0.75,8951,0.380004245383,0.554286901100,0.046913098900
256,5403649,21108,5,0.75,8021,0.379998104984,0.554277944508,0.046922055492
256,5241601,20475,5,0.75,7776,0.379780219780,0.553960129863,0.047239870137
512,12305921,24035,5,0.75,9128,0.379779488246,0.553959062823,0.047240937177
512,12380161,24180,5,0.75,9183,0.379776674938,0.553954959238,0.047245040762
1024,24770561,24190,5,0.75,9182,0.379578338156,0.553665658575,0.047534341425
1024,22500353,21973,5,0.75,8340,0.379556728713,0.553634138317,0.047565861683
1024,21436417,20934,5,0.75,7945,0.379526129741,0.553589505634,0.047610494366
512,12441089,24299,5,0.75,9214,0.379192559365,0.553102948727,0.048097051273
256,5752321,22470,5,0.75,8514,0.378905206943,0.552683806874,0.048516193126
512,12448769,24314,5,0.75,9211,0.378835238957,0.552581749230,0.048618250770
256,5918977,23121,5,0.75,8751,0.378487089659,0.552073927021,0.049126072979
1024,21726209,21217,5,0.75,8028,0.378375830702,0.551911640985,0.049288359015
256,6251521,24420,5,0.75,9215,0.377354627355,0.550422079630,0.050777920370
256,5614337,21931,5,0.75,8274,0.377274178104,0.550304733663,0.050895266337
512,11682817,22818,5,0.75,8549,0.374660355859,0.546492125120,0.054707874880
